{
    "1": 0.0,
    "2": 0.0,
    "3": 0.0,
    "4": 0.0,
    "5": 0.0,
    "6": 0.0,
    "7": 0.0,
    "8": 0.0,
    "9": 0.0,
    "10": 19.52199466913601,
    "11": 19.52199466913601,
    "12": 19.52199466913601,
    "13": 19.52199466913601,
    "14": 19.52199466913601,
    "15": 20.300443888622095,
    "16": 30.368601512818366,
    "17": 49.608818329676026,
    "18": 49.608818329676026,
    "19": 54.13471621057665,
    "20": 54.13471621057665,
    "21": 61.668735649789866,
    "22": 64.82698960764672,
    "23": 66.70926997446894,
    "24": 102.18333352544201,
    "25": 102.18333352544201,
    "26": 102.18333352544201,
    "27": 113.3603999000079,
    "28": 113.3603999000079,
    "29": 113.3603999000079,
    "30": 126.52259945960577,
    "31": 128.3977681352624,
    "32": 128.3977681352624,
    "33": 155.5463429545991,
    "34": 169.9179150329256,
    "35": 169.9179150329256,
    "36": 169.9179150329256,
    "37": 204.37168527136947,
    "38": 218.85499338959596,
    "39": 218.85499338959596,
    "40": 218.85499338959596,
    "41": 225.1471680026311,
    "42": 234.96826843145968,
    "43": 239.1921274151737,
    "44": 274.6867832739114,
    "45": 274.6867832739114,
    "46": 274.6867832739114,
    "47": 274.6867832739114,
    "48": 274.6867832739114,
    "49": 274.6867832739114,
    "50": 288.7134012168935,
    "51": 300.3928180499641,
    "52": 324.54569969098185,
    "53": 324.54569969098185,
    "54": 337.9619590288737,
    "55": 337.9619590288737,
    "56": 337.9619590288737,
    "57": 337.9619590288737,
    "58": 386.2185722579778,
    "59": 386.2185722579778,
    "60": 388.13196078618466,
    "61": 402.1205229260811,
    "62": 402.1205229260811,
    "63": 403.7303180717694,
    "64": 403.7303180717694,
    "65": 439.19487721002133,
    "66": 456.1816075881877,
    "67": 464.0680923533762,
    "68": 466.09044149836075,
    "69": 477.1856397794875,
    "70": 548.0758272968827,
    "71": 585.2110107039124,
    "72": 610.5253602442958,
    "73": 660.1275520955036,
    "74": 660.1275520955036,
    "75": 684.3750440984284,
    "76": 690.2805083230853,
    "77": 709.6057065820446,
    "78": 709.6057065820446,
    "79": 718.1651485691369,
    "80": 720.0438322564711,
    "81": 728.6510197300967,
    "82": 792.9073027719965,
    "83": 807.5260483537745,
    "84": 807.5260483537745,
    "85": 807.5260483537745,
    "86": 844.2204767022023,
    "87": 866.2900362378018,
    "88": 875.5223941343374,
    "89": 898.3070944921238,
    "90": 898.3070944921238,
    "91": 905.1988700414842,
    "92": 921.2380863168104,
    "93": 939.0400738067814,
    "94": 999.088348133882,
    "95": 1007.9088318685618,
    "96": 1007.9088318685618,
    "97": 1027.929885205942,
    "98": 1029.6158865798852,
    "99": 1029.6158865798852,
    "100": 1029.6158865798852
}