{
    "0": {
        "1": 0.0,
        "4": 0.0,
        "5": 0.0,
        "6": 0.0,
        "7": 0.0,
        "8": 0.0
    },
    "1": {
        "0": 0.0
    },
    "2": {
        "2": 0.0
    },
    "3": {
        "3": 0.0
    },
    "4": {},
    "5": {
        "3": 0.0
    },
    "6": {
        "15": 0.0
    },
    "7": {
        "12": 0.0
    },
    "8": {
        "11": 0.0,
        "14": 0.0,
        "19": 0.0
    },
    "9": {
        "2": 0.19521994669136006,
        "9": 0.0,
        "10": 0.0,
        "12": 0.0,
        "13": 0.0,
        "15": 0.0,
        "16": 0.0,
        "17": 0.0,
        "18": 0.0,
        "20": 0.0
    },
    "10": {
        "23": 0.0
    },
    "11": {
        "30": 0.0
    },
    "12": {
        "24": 0.0
    },
    "13": {
        "21": 0.0,
        "25": 0.0
    },
    "14": {
        "1": 0.0077844921948609265,
        "17": 0.0,
        "26": 0.0
    },
    "15": {
        "1": 0.010615200065382665,
        "5": 0.0,
        "6": 0.055615500232185894,
        "7": 0.0,
        "8": 0.03445087594439419,
        "22": 0.0,
        "25": 0.0,
        "26": 0.0,
        "27": 0.0,
        "28": 0.0,
        "29": 0.0,
        "31": 0.0
    },
    "16": {
        "2": 0.19240216816857658
    },
    "17": {
        "3": 0.0,
        "32": 0.0,
        "34": 0.0
    },
    "18": {
        "8": 0.04525897880900631,
        "35": 0.0
    },
    "19": {
        "16": 0.0
    },
    "20": {
        "27": 0.0,
        "32": 0.07534019439213212,
        "33": 0.0,
        "35": 0.0,
        "36": 0.0,
        "37": 0.0,
        "38": 0.0
    },
    "21": {
        "12": 0.031582539578568776,
        "37": 0.0
    },
    "22": {
        "11": 0.018822803668222112,
        "22": 0.0,
        "23": 0.0,
        "39": 0.0
    },
    "23": {
        "0": 0.10089872520590007,
        "2": 0.18528511269565714,
        "10": 0.0,
        "12": 0.06855679760817313,
        "21": 0.0,
        "40": 0.0
    },
    "24": {
        "44": 0.0
    },
    "25": {
        "24": 0.0,
        "42": 0.0
    },
    "26": {
        "1": 0.01394428581098579,
        "6": 0.058645720421091355,
        "11": 0.03918065751358107,
        "19": 0.0,
        "22": 0.0,
        "26": 0.0,
        "29": 0.0,
        "41": 0.0,
        "43": 0.0,
        "45": 0.0,
        "46": 0.0
    },
    "27": {
        "41": 0.0
    },
    "28": {
        "48": 0.0
    },
    "29": {
        "32": 0.074878584472921,
        "34": 0.05674341112305759,
        "47": 0.0
    },
    "30": {
        "7": 0.0,
        "8": 0.018751686756566497
    },
    "31": {
        "43": 0.0
    },
    "32": {
        "34": 0.05030860297690353,
        "35": 0.0,
        "37": 0.2211771452164633,
        "47": 0.0,
        "48": 0.0,
        "49": 0.0,
        "50": 0.0
    },
    "33": {
        "0": 0.1437157207832664,
        "52": 0.0
    },
    "34": {
        "36": 0.0,
        "50": 0.0
    },
    "35": {
        "31": 0.0,
        "49": 0.0
    },
    "36": {
        "37": 0.229119698459739,
        "38": 0.0,
        "46": 0.11541800392470067
    },
    "37": {
        "0": 0.14483308118226376,
        "3": 0.0,
        "10": 0.0,
        "21": 0.0,
        "22": 0.0,
        "23": 0.0,
        "40": 0.0,
        "44": 0.0,
        "51": 0.0
    },
    "38": {
        "44": 0.0
    },
    "39": {
        "9": 0.0
    },
    "40": {
        "42": 0.06292174613035219
    },
    "41": {
        "18": 0.0982110042882859
    },
    "42": {
        "5": 0.0,
        "6": 0.042238589837141044,
        "20": 0.0,
        "45": 0.0
    },
    "43": {
        "18": 0.15249007884449425,
        "20": 0.0,
        "30": 0.0,
        "41": 0.0,
        "42": 0.0719175333996657,
        "45": 0.0,
        "46": 0.13053894634321767
    },
    "44": {
        "19": 0.0,
        "29": 0.0
    },
    "45": {
        "28": 0.0,
        "41": 0.0
    },
    "46": {
        "4": 0.0
    },
    "47": {
        "7": 0.0
    },
    "48": {
        "17": 0.0,
        "43": 0.0
    },
    "49": {
        "1": 0.007531931672002386,
        "4": 0.0,
        "6": 0.046558517858472176,
        "8": 0.041632301950028955,
        "24": 0.0,
        "25": 0.0,
        "27": 0.0,
        "34": 0.04639940411387186,
        "48": 0.0,
        "49": 0.0,
        "52": 0.0
    },
    "50": {
        "0": 0.11679416833070348,
        "52": 0.0
    },
    "51": {
        "2": 0.24152881641017704,
        "50": 0.0
    },
    "52": {
        "31": 0.0,
        "49": 0.0,
        "51": 0.0
    },
    "53": {
        "38": 0.0,
        "46": 0.1341625933789194
    },
    "54": {
        "16": 0.0,
        "38": 0.0,
        "51": 0.0,
        "53": 0.0
    },
    "55": {
        "15": 0.0
    },
    "56": {
        "14": 0.0,
        "19": 0.0,
        "45": 0.0
    },
    "57": {
        "2": 0.17397729614872304,
        "9": 0.0,
        "12": 0.09830440746043384,
        "13": 0.0,
        "14": 0.0,
        "15": 0.0,
        "16": 0.0,
        "17": 0.0,
        "18": 0.13455058164311326,
        "20": 0.0,
        "42": 0.07573384703876831
    },
    "58": {
        "23": 0.0
    },
    "59": {
        "28": 0.019133885282067376,
        "30": 0.0
    },
    "60": {
        "24": 0.13988562139896416
    },
    "61": {
        "21": 0.0,
        "25": 0.0
    },
    "62": {
        "1": 0.0160979514568828
    },
    "63": {
        "17": 0.0,
        "26": 0.0
    },
    "64": {
        "1": 0.005259394944390598,
        "5": 0.0,
        "6": 0.05336551226525154,
        "7": 0.0,
        "8": 0.04225209151113238,
        "22": 0.0,
        "24": 0.2192160259879001,
        "25": 0.0,
        "27": 0.0,
        "28": 0.034552566673846645,
        "29": 0.0,
        "31": 0.0
    },
    "65": {
        "2": 0.16986730378166587
    },
    "66": {
        "3": 0.0,
        "32": 0.07886484765188548,
        "34": 0
    },
    "67": {
        "8": 0.020223491449845362,
        "35": 0.0
    },
    "68": {
        "16": 0.11095198281126736
    },
    "69": {
        "27": 0.0,
        "32": 0.09521938360591482,
        "35": 0.0,
        "36": 0.0,
        "37": 0.32263372329031875,
        "38": 0.0,
        "39": 0.2910487682777103
    },
    "70": {
        "12": 0.08290104138798388,
        "37": 0.28845079268231555
    },
    "71": {
        "11": 0.022736662320450733,
        "22": 0.0,
        "23": 0.0,
        "39": 0.23040683308338522
    },
    "72": {
        "0": 0.10936001042574386,
        "2": 0.20942323787722064,
        "10": 0.0,
        "12": 0.08097120646793979,
        "16": 0.09626746374117941,
        "17": 0.0,
        "40": 0.0
    },
    "73": {
        "44": 0.0
    },
    "74": {
        "24": 0.15270772374284766,
        "42": 0.08976719628639872
    },
    "75": {
        "1": 0.0086334315707362,
        "6": 0.05042121067583407,
        "26": 0.0
    },
    "76": {
        "5": 0.0,
        "11": 0.030930834881447357,
        "19": 0.0,
        "22": 0.0,
        "26": 0.0,
        "28": 0.014450970963602103,
        "29": 0.0,
        "31": 0.0,
        "41": 0.0,
        "43": 0.14787017674454483,
        "45": 0.0
    },
    "77": {
        "48": 0.0
    },
    "78": {
        "32": 0.08559441987092081,
        "34": 0
    },
    "79": {
        "7": 0.0,
        "8": 0.018786836873340023,
        "35": 0.0
    },
    "80": {
        "43": 0.08607187473625443
    },
    "81": {
        "27": 0.0,
        "32": 0.11401395411468492,
        "35": 0.0,
        "37": 0.3346441983494535,
        "47": 0.19390467795485677,
        "49": 0.0,
        "50": 0.0
    },
    "82": {
        "0": 0.14618745581778197,
        "52": 0.0
    },
    "83": {
        "36": 0.0
    },
    "84": {
        "31": 0.0,
        "49": 0.0
    },
    "85": {
        "37": 0.3052916825834779,
        "38": 0.0,
        "46": 0.06165260090080521
    },
    "86": {
        "10": 0.0,
        "22": 0.0,
        "40": 0.0,
        "44": 0.2159252566203498,
        "53": 0.004770338735652993
    },