{
    "time_step_utility_dict": {
        "1": 0.0,
        "2": 0.0,
        "3": 0.0,
        "4": 0.0,
        "5": 0.0,
        "6": 0.0,
        "7": 0.0,
        "8": 0.0,
        "9": 0.0,
        "10": 19.52199466913601,
        "11": 0.0,
        "12": 0.0,
        "13": 0.0,
        "14": 0.0,
        "15": 0.7784492194860846,
        "16": 10.068157624196271,
        "17": 19.24021681685766,
        "18": 0.0,
        "19": 4.525897880900622,
        "20": 0.0,
        "21": 7.534019439213218,
        "22": 3.158253957856857,
        "23": 1.882280366822215,
        "24": 35.47406355097307,
        "25": 0.0,
        "26": 0.0,
        "27": 11.177066374565896,
        "28": 0.0,
        "29": 0.0,
        "30": 13.162199559597866,
        "31": 1.8751686756566244,
        "32": 0.0,
        "33": 27.148574819336716,
        "34": 14.371572078326494,
        "35": 0.0,
        "36": 0.0,
        "37": 34.453770238443866,
        "38": 14.48330811822649,
        "39": 0.0,
        "40": 0.0,
        "41": 6.292174613035144,
        "42": 9.821100428828572,
        "43": 4.223858983714024,
        "44": 35.49465585873767,
        "45": 0.0,
        "46": 0.0,
        "47": 0.0,
        "48": 0.0,
        "49": 0.0,
        "50": 14.026617942982114,
        "51": 11.679416833070604,
        "52": 24.152881641017757,
        "53": 0.0,
        "54": 13.416259337891859,
        "55": 0.0,
        "56": 0.0,
        "57": 0.0,
        "58": 48.25661322910412,
        "59": 0.0,
        "60": 1.9133885282068377,
        "61": 13.98856213989643,
        "62": 0.0,
        "63": 1.609795145688281,
        "64": 0.0,
        "65": 35.46455913825196,
        "66": 16.986730378166385,
        "67": 7.88648476518847,
        "68": 2.0223491449845596,
        "69": 11.095198281126727,
        "70": 70.89018751739525,
        "71": 37.13518340702967,
        "72": 25.314349540383432,
        "73": 49.60219185120775,
        "74": 0.0,
        "75": 24.247492002924787,
        "76": 5.905464224656953,
        "77": 19.32519825895929,
        "78": 0.0,
        "79": 8.559441987092328,
        "80": 1.87868368733416,
        "81": 8.607187473625572,
        "82": 64.25628304189979,
        "83": 14.618745581778057,
        "84": 0.0,
        "85": 0.0,
        "86": 36.69442834842778,
        "87": 22.069559535599524,
        "88": 9.232357896535632,
        "89": 22.78470035778639,
        "90": 0.0,
        "91": 6.891775549360318,
        "92": 16.039216275326226,
        "93": 17.801987489970998,
        "94": 60.04827432710067,
        "95": 8.820483734679783,
        "96": 0.0,
        "97": 20.021053337380067,
        "98": 1.686001373943327,
        "99": 0.0,
        "100": 0.0
    },
    "total_utility": 1029.6158865798852
}