{
    "1": 0.0,
    "2": 0.0,
    "3": 0.0,
    "4": 0.0,
    "5": 0.0,
    "6": 0.0,
    "7": 0.0,
    "8": 0.0,
    "9": 0.0,
    "10": 5.496682650658853,
    "11": 24.550126923617675,
    "12": 24.550126923617675,
    "13": 24.550126923617675,
    "14": 36.01941549444767,
    "15": 41.08871086215209,
    "16": 72.3866902382544,
    "17": 92.06373426607402,
    "18": 121.96387820513975,
    "19": 172.8039852072651,
    "20": 172.8039852072651,
    "21": 185.23599347116223,
    "22": 185.23599347116223,
    "23": 185.23599347116223,
    "24": 215.1072149575225,
    "25": 215.1072149575225,
    "26": 236.97234983491796,
    "27": 248.7550026793312,
    "28": 299.41025217819123,
    "29": 355.35611402230825,
    "30": 381.46144829336635,
    "31": 479.3631672660426,
    "32": 482.21820882354206,
    "33": 482.21820882354206,
    "34": 524.0651125257561,
    "35": 526.7229203034453,
    "36": 569.599660792314,
    "37": 580.1612238702163,
    "38": 585.4018489275423,
    "39": 606.2559672595858,
    "40": 666.738796727564,
    "41": 788.3951068243676,
    "42": 788.7006623799232,
    "43": 788.7006623799232,
    "44": 813.6035971944965,
    "45": 856.9297334739692,
    "46": 856.9297334739692,
    "47": 858.2282382426557,
    "48": 908.2075286759867,
    "49": 928.2816311477758,
    "50": 956.373808195968,
    "51": 1064.4434227769511,
    "52": 1069.204710036986,
    "53": 1081.2835615082524,
    "54": 1081.2835615082524,
    "55": 1109.5533414402855,
    "56": 1114.0334551988822,
    "57": 1121.2872325156193,
    "58": 1166.7277596332353,
    "59": 1166.7277596332353,
    "60": 1195.6893597437402,
    "61": 1250.354051470461,
    "62": 1344.0023216569314,
    "63": 1349.5147402854082,
    "64": 1349.5147402854082,
    "65": 1379.6911667357144,
    "66": 1403.4629454811252,
    "67": 1420.364809195365,
    "68": 1437.8665522271126,
    "69": 1477.5581185993497,
    "70": 1477.5581185993497,
    "71": 1477.5581185993497,
    "72": 1503.9364764984452,
    "73": 1545.5012714253699,
    "74": 1617.823928141786,
    "75": 1629.298662831267,
    "76": 1670.336806112311,
    "77": 1690.6252438940624,
    "78": 1715.9028927363588,
    "79": 1731.6015021035746,
    "80": 1789.323771349075,
    "81": 1829.6165864320626,
    "82": 1922.3371568319108,
    "83": 1942.3348592941156,
    "84": 1982.4370978993534,
    "85": 2029.7632139190882,
    "86": 2040.0527590608103,
    "87": 2089.8744415278293,
    "88": 2126.0145755327344,
    "89": 2168.58553811273,
    "90": 2187.956828997568,
    "91": 2203.112491676414,
    "92": 2272.4726554204526,
    "93": 2308.4363095803333,
    "94": 2355.220237301243,
    "95": 2376.195741169821,
    "96": 2404.029036988006,
    "97": 2438.6174090045574,
    "98": 2453.791871674426,
    "99": 2506.450506246861,
    "100": 2549.6067021153954
}