{
    "0": {
        "5": 0.0
    },
    "1": {
        "2": 0.0,
        "6": 0.0,
        "7": 0.0
    },
    "2": {
        "1": 0.0
    },
    "3": {
        "8": 0.0
    },
    "4": {
        "4": 0.0
    },
    "5": {
        "0": 0.0,
        "3": 0.0
    },
    "6": {
        "0": 0.0
    },
    "7": {},
    "8": {},
    "9": {
        "3": 0.05496682650658852
    },
    "10": {
        "4": 0.1905344427295881
    },
    "11": {},
    "12": {},
    "13": {
        "7": 0.11469288570829995
    },
    "14": {
        "5": 0.0506929536770441
    },
    "15": {
        "2": 0.31297979376102353
    },
    "16": {
        "8": 0.19677044027819598,
        "15": 0.0
    },
    "17": {
        "4": 0.29900143939065726
    },
    "18": {
        "0": 0.12382293397788338,
        "3": 0.384578136043369,
        "9": 0.0,
        "10": 0.0
    },
    "19": {
        "13": 0.0
    },
    "20": {
        "0": 0.1243200826389707,
        "20": 0.0,
        "22": 0.0
    },
    "21": {
        "23": 0.0
    },
    "22": {
        "14": 0.0
    },
    "23": {
        "4": 0.2987122148636015,
        "11": 0.0
    },
    "24": {
        "12": 0.0,
        "16": 0.0,
        "19": 0.0
    },
    "25": {
        "6": 0.07058577129605235,
        "7": 0.14806557747790153,
        "17": 0.0,
        "21": 0.0
    },
    "26": {
        "5": 0.043267421468375325,
        "14": 0.07455910697575689
    },
    "27": {
        "2": 0.33005442305630395,
        "7": 0.1764980719322982,
        "18": 0.0
    },
    "28": {
        "8": 0.21524919388275054,
        "15": 0.34420942455841996
    },
    "29": {
        "4": 0.2610533427105811
    },
    "30": {
        "0": 0.09713113527543346,
        "3": 0.41428718543193344,
        "10": 0.08502402762416733,
        "16": 0.3825748413952247
    },
    "31": {
        "20": 0.028550415574994492,
        "22": 0.0
    },
    "32": {
        "24": 0.0
    },
    "33": {
        "4": 0.18557770280717914,
        "11": 0.23289133421496583
    },
    "34": {
        "12": 0.0,
        "19": 0.026578077776892958
    },
    "35": {
        "6": 0.13024152732037245,
        "7": 0.14223882927481574,
        "17": 0.0,
        "21": 0.15628704829350248
    },
    "36": {
        "14": 0.1056156307790202
    },
    "37": {
        "5": 0.054589844347147164
    },
    "38": {
        "6": 0.11429958071355355,
        "7": 0.09424160260688001
    },
    "39": {
        "8": 0.23896049750701195,
        "15": 0.36412866673799543,
        "20": 0.0017391304347826085
    },
    "40": {
        "0": 0.07529144840350684,
        "3": 0.37102334865882014,
        "10": 0.2337834091934061,
        "16": 0.5364648947123045
    },
    "41": {
        "20": 0.0030555555555555557
    },
    "42": {
        "24": 0.0
    },
    "43": {
        "10": 0.24902934814573466
    },
    "44": {
        "4": 0.23613847938216037,
        "11": 0.1971228834125639,
        "26": 0.0
    },
    "45": {
        "25": 0.0
    },
    "46": {
        "12": 0.0,
        "19": 0.012985047686867668
    },
    "47": {
        "7": 0.09609256013148458,
        "17": 0.0,
        "18": 0.18067401947342743,
        "21": 0.2230263247284032
    },
    "48": {
        "18": 0.20074102471789565
    },
    "49": {
        "15": 0.26750504807389347,
        "20": 0.013416722408026755
    },
    "50": {
        "0": 0.08639066393528559,
        "3": 0.3896408832155045,
        "10": 0.24813163127371862,
        "16": 0.35653296738534374,
        "30": 0.0
    },
    "51": {
        "13": 0.04761287260034023
    },
    "52": {
        "0": 0.11973588313371461,
        "20": 0.0010526315789473684
    },
    "53": {
        "31": 0.0
    },
    "54": {
        "10": 0.28269779932032063,
        "27": 0.0
    },
    "55": {
        "25": 0.04480113758597366
    },
    "56": {
        "7": 0.07253777316736619,
        "29": 0.0
    },
    "57": {
        "6": 0.1158142645415184,
        "7": 0.12402031107247029,
        "21": 0.21457069556215824
    },
    "58": {
        "28": 0.0
    },
    "59": {
        "7": 0.10064693209259679,
        "18": 0.1889690690124583
    },
    "60": {
        "8": 0.20944284453015308,
        "15": 0.33720407273704983
    },
    "61": {
        "10": 0.2490117951486544,
        "16": 0.4448709620287953,
        "19": 0.006638419151712478,
        "30": 0.23596152553553093
    },
    "62": {
        "13": 0.05512418628475973
    },
    "63": {
        "20": 0.0
    },
    "64": {
        "31": 0.3017642645030736
    },
    "65": {
        "10": 0.23771778745411237
    },
    "66": {
        "11": 0.16901863714239898
    },
    "67": {
        "29": 0.17501743031747968
    },
    "68": {
        "6": 0.10128464781188859,
        "7": 0.09136003936439709,
        "21": 0.20427097654610038
    },
    "69": {
        "32": 0.0
    },
    "70": {
        "33": 0.0
    },
    "71": {
        "6": 0.15558354921490283,
        "7": 0.10820002977604438
    },
    "72": {
        "15": 0.41564794926925075,
        "20": 0
    },
    "73": {
        "16": 0.32115449079425673,
        "19": 0.004868952852208952,
        "30": 0.3972031235176954
    },
    "74": {
        "13": 0.114747346894813
    },
    "75": {
        "31": 0.41038143281041956
    },
    "76": {
        "10": 0.20288437781750865,
        "27": 0.0
    },
    "77": {
        "4": 0.25277648842297135
    },
    "78": {
        "25": 0.15698609367215918
    },
    "79": {
        "7": 0.09569025360329024,
        "18": 0.1942434746358812,
        "29": 0.28728896421582334
    },
    "80": {
        "18": 0.20031742669979613,
        "21": 0.20261072413007425
    },
    "81": {
        "28": 0.37944305896008573,
        "32": 0.5477626450383885
    },
    "82": {
        "18": 0.1999770246220487
    },
    "83": {
        "15": 0.40102238605237017,
        "20": 0
    },
    "84": {
        "0": 0.13776230065697675,
        "30": 0.33549885954033826
    },
    "85": {
        "5": 0,
        "13": 0.10289545141722779
    },
    "86": {
        "9": 0.49821682467020023
    },
    "87": {
        "17": 0.0,
        "31": 0.3614013400490591
    },
    "88": {
        "28": 0.42570962579997057
    },
    "89": {
        "10": 0.19371290884839418,
        "27": 0.0
    },
    "90": {
        "25": 0.15155662678843906
    },
    "91": {
        "7": 0.11292130886505786,
        "18": 0.2560880325692087,
        "29": 0.3245922960061241
    },
    "92": {
        "6": 0.10407536418565252,
        "7": 0.08420590431406628,
        "21": 0.17135527309910947,
        "34": 0.0
    },
    "93": {
        "32": 0.46783927720910407
    },
    "94": {
        "18": 0.20975503868579057
    },
    "95": {
        "15": 0.2783329581818323,
        "20": 0
    },
    "96": {
        "19": 0.003462648515492913,
        "22": 0.02466035728112782,
        "30": 0.3177607143688909
    },
    "97": {
        "5": 0,
        "13": 0.1517446266986696
    },
    "98": {
        "9": 0.5265863457243788
    },
    "99": {
        "31": 0.43156195868534863
    }
}