{
    "time_step_utility_dict": {
        "1": 0.0,
        "2": 0.0,
        "3": 0.0,
        "4": 0.0,
        "5": 0.0,
        "6": 0.0,
        "7": 0.0,
        "8": 0.0,
        "9": 0.0,
        "10": 5.496682650658853,
        "11": 19.05344427295882,
        "12": 0.0,
        "13": 0.0,
        "14": 11.469288570829995,
        "15": 5.06929536770442,
        "16": 31.29797937610231,
        "17": 19.67704402781962,
        "18": 29.900143939065728,
        "19": 50.84010700212535,
        "20": 0.0,
        "21": 12.432008263897131,
        "22": 0.0,
        "23": 0.0,
        "24": 29.87122148636027,
        "25": 0.0,
        "26": 21.865134877395462,
        "27": 11.782652844413235,
        "28": 50.65524949886003,
        "29": 55.94586184411702,
        "30": 26.105334271058098,
        "31": 97.90171897267624,
        "32": 2.855041557499476,
        "33": 0.0,
        "34": 41.84690370221409,
        "35": 2.657807777689186,
        "36": 42.87674048886868,
        "37": 10.561563077902292,
        "38": 5.240625057326042,
        "39": 20.854118332043413,
        "40": 60.48282946797826,
        "41": 121.65631009680362,
        "42": 0.3055555555555429,
        "43": 0.0,
        "44": 24.902934814573314,
        "45": 43.326136279472735,
        "46": 0.0,
        "47": 1.2985047686864846,
        "48": 49.979290433331016,
        "49": 20.074102471789047,
        "50": 28.092177048192184,
        "51": 108.06961458098317,
        "52": 4.7612872600348055,
        "53": 12.07885147126649,
        "54": 0.0,
        "55": 28.26977993203309,
        "56": 4.480113758596644,
        "57": 7.253777316737114,
        "58": 45.44052711761606,
        "59": 0.0,
        "60": 28.961600110504833,
        "61": 54.664691726720775,
        "62": 93.64827018647043,
        "63": 5.51241862847678,
        "64": 0.0,
        "65": 30.17642645030628,
        "66": 23.771778745410757,
        "67": 16.90186371423988,
        "68": 17.501743031747537,
        "69": 39.69156637223705,
        "70": 0.0,
        "71": 0.0,
        "72": 26.37835789909559,
        "73": 41.564794926924606,
        "74": 72.32265671641608,
        "75": 11.47473468948101,
        "76": 41.038143281044086,
        "77": 20.288437781751327,
        "78": 25.277648842296458,
        "79": 15.698609367215795,
        "80": 57.722269245500456,
        "81": 40.292815082987545,
        "82": 92.72057039984816,
        "83": 19.99770246220487,
        "84": 40.102238605237744,
        "85": 47.326116019734854,
        "86": 10.289545141722101,
        "87": 49.821682467018945,
        "88": 36.14013400490512,
        "89": 42.57096257999547,
        "90": 19.371290884838345,
        "91": 15.155662678845601,
        "92": 69.3601637440388,
        "93": 35.96365415988066,
        "94": 46.78392772090956,
        "95": 20.975503868578016,
        "96": 27.83329581818498,
        "97": 34.5883720165516,
        "98": 15.174462669868717,
        "99": 52.65863457243495,
        "100": 43.15619586853427
    },
    "total_utility": 2549.6067021153954
}