{
    "0": {
        "dice_mean": 0.0,
        "dice_std": 0.0,
        "entropy_mean": 0.3514390558311083,
        "entropy_std": 4.8995441855554465e-05
    },
    "1": {
        "dice_mean": 0.027102685963062915,
        "dice_std": 0.061458973579629136,
        "entropy_mean": 0.3649627063090136,
        "entropy_std": 0.0014618523885120915
    },
    "2": {
        "dice_mean": 0.39627185929006264,
        "dice_std": 0.300977801628583,
        "entropy_mean": 0.34167301957404284,
        "entropy_std": 0.025100156723143356
    },
    "3": {
        "dice_mean": 0.34056504626850886,
        "dice_std": 0.3125550219791797,
        "entropy_mean": 0.3266080236571968,
        "entropy_std": 0.02917394146613076
    },
    "4": {
        "dice_mean": 0.4940235974800454,
        "dice_std": 0.29266534554639567,
        "entropy_mean": 0.3146046311590369,
        "entropy_std": 0.03280544319937127
    },
    "5": {
        "dice_mean": 0.48120610769852856,
        "dice_std": 0.3135646499149756,
        "entropy_mean": 0.2988165930996481,
        "entropy_std": 0.032313240172037946
    },
    "6": {
        "dice_mean": 0.46702568615920187,
        "dice_std": 0.2998690930266888,
        "entropy_mean": 0.29116867865057106,
        "entropy_std": 0.035704931786830596
    },
    "7": {
        "dice_mean": 0.5358296004669695,
        "dice_std": 0.27327028168584777,
        "entropy_mean": 0.2834717263019381,
        "entropy_std": 0.04284879134210721
    },
    "8": {
        "dice_mean": 0.4687706643391087,
        "dice_std": 0.2630541341952325,
        "entropy_mean": 0.2685125168365969,
        "entropy_std": 0.04188008846852687
    },
    "9": {
        "dice_mean": 0.42632928099929246,
        "dice_std": 0.29856977456950645,
        "entropy_mean": 0.30025471862463043,
        "entropy_std": 0.03684862981540832
    },
    "10": {
        "dice_mean": 0.478432854929977,
        "dice_std": 0.2874806769496075,
        "entropy_mean": 0.28690088607108116,
        "entropy_std": 0.03313824051641702
    },
    "11": {
        "dice_mean": 0.5146840278889736,
        "dice_std": 0.30620311189850274,
        "entropy_mean": 0.29484379004562383,
        "entropy_std": 0.04353567633852337
    },
    "12": {
        "dice_mean": 0.45713614155681015,
        "dice_std": 0.29191683727865053,
        "entropy_mean": 0.2872488234407212,
        "entropy_std": 0.04104681287059043
    },
    "13": {
        "dice_mean": 0.48913294857064943,
        "dice_std": 0.2999590236633271,
        "entropy_mean": 0.28927545836050705,
        "entropy_std": 0.04098668232790384
    },
    "14": {
        "dice_mean": 0.4583118370820506,
        "dice_std": 0.3317047913460694,
        "entropy_mean": 0.2760789966991903,
        "entropy_std": 0.047603706125169995
    },
    "15": {
        "dice_mean": 0.4253595101065469,
        "dice_std": 0.3329500479006361,
        "entropy_mean": 0.2727325139754989,
        "entropy_std": 0.04739849075141015
    },
    "16": {
        "dice_mean": 0.4658995900675419,
        "dice_std": 0.29218385287606985,
        "entropy_mean": 0.276166171387087,
        "entropy_std": 0.04310891017686666
    },
    "17": {
        "dice_mean": 0.5139173070175187,
        "dice_std": 0.31162873003751,
        "entropy_mean": 0.2815374313868937,
        "entropy_std": 0.06034928852871462
    },
    "18": {
        "dice_mean": 0.36394698079450827,
        "dice_std": 0.3354809351505549,
        "entropy_mean": 0.2395679710799296,
        "entropy_std": 0.045951302146427085
    },
    "19": {
        "dice_mean": 0.4642648771598093,
        "dice_std": 0.32893809311201544,
        "entropy_mean": 0.2897404233794423,
        "entropy_std": 0.05545628778469318
    },
    "20": {
        "dice_mean": 0.4695939943767406,
        "dice_std": 0.33252620102013913,
        "entropy_mean": 0.2693258577787427,
        "entropy_std": 0.051439613599784814
    },
    "21": {
        "dice_mean": 0.40934984474233393,
        "dice_std": 0.35011801767940565,
        "entropy_mean": 0.271423114169997,
        "entropy_std": 0.04556074378376929
    },
    "22": {
        "dice_mean": 0.40541704193334416,
        "dice_std": 0.33815689673449195,
        "entropy_mean": 0.2877393564858186,
        "entropy_std": 0.04365321994946438
    },
    "23": {
        "dice_mean": 0.47309234126771965,
        "dice_std": 0.3271693500591121,
        "entropy_mean": 0.29131855024490877,
        "entropy_std": 0.058529453367696736
    },
    "24": {
        "dice_mean": 0.41165427360181583,
        "dice_std": 0.3349411297243229,
        "entropy_mean": 0.2570370627767743,
        "entropy_std": 0.0458686832204354
    },
    "25": {
        "dice_mean": 0.4793237140813574,
        "dice_std": 0.33346872342906975,
        "entropy_mean": 0.2512972076612826,
        "entropy_std": 0.048403350153600255
    },
    "26": {
        "dice_mean": 0.5644907161015128,
        "dice_std": 0.2862052606203122,
        "entropy_mean": 0.22247988150197157,
        "entropy_std": 0.07072717343693039
    },
    "27": {
        "dice_mean": 0.48705838601839246,
        "dice_std": 0.3260692487969901,
        "entropy_mean": 0.2738742730569389,
        "entropy_std": 0.05423982540053273
    },
    "28": {
        "dice_mean": 0.4619493638682859,
        "dice_std": 0.3060720869742884,
        "entropy_mean": 0.2819244497443918,
        "entropy_std": 0.04396722990535921
    },
    "29": {
        "dice_mean": 0.530339041251012,
        "dice_std": 0.3035099665120251,
        "entropy_mean": 0.2547269936078494,
        "entropy_std": 0.05767060517068186
    },
    "30": {
        "dice_mean": 0.544434390263841,
        "dice_std": 0.3028838876105859,
        "entropy_mean": 0.22658571717554646,
        "entropy_std": 0.05983751175913201
    },
    "31": {
        "dice_mean": 0.4613225628786461,
        "dice_std": 0.3410102048633386,
        "entropy_mean": 0.2499319780068163,
        "entropy_std": 0.04902525996014214
    },
    "32": {
        "dice_mean": 0.5445270422376474,
        "dice_std": 0.3309038581195678,
        "entropy_mean": 0.23572853821159537,
        "entropy_std": 0.06232582067088782
    },
    "33": {
        "dice_mean": 0.523155042339643,
        "dice_std": 0.33321116785281624,
        "entropy_mean": 0.22423883948619505,
        "entropy_std": 0.04896503950553205
    },
    "34": {
        "dice_mean": 0.5129634657052055,
        "dice_std": 0.3328935858095803,
        "entropy_mean": 0.2539808535079636,
        "entropy_std": 0.04494642229730351
    },
    "35": {
        "dice_mean": 0.561695247857505,
        "dice_std": 0.305049899198434,
        "entropy_mean": 0.23894644324534844,
        "entropy_std": 0.05423217536125879
    },
    "36": {
        "dice_mean": 0.49524550247308685,
        "dice_std": 0.32645506946242564,
        "entropy_mean": 0.24805307200335286,
        "entropy_std": 0.045198495493096055
    },
    "37": {
        "dice_mean": 0.5147248283927015,
        "dice_std": 0.3097071536141373,
        "entropy_mean": 0.27123763717830823,
        "entropy_std": 0.051778333593930026
    },
    "38": {
        "dice_mean": 0.5291199122107371,
        "dice_std": 0.3184661591333637,
        "entropy_mean": 0.25837830871227807,
        "entropy_std": 0.06295768091619153
    },
    "39": {
        "dice_mean": 0.4874509355558765,
        "dice_std": 0.34088123043383795,
        "entropy_mean": 0.28203554636806843,
        "entropy_std": 0.04836709383914377
    },
    "40": {
        "dice_mean": 0.4660962117255889,
        "dice_std": 0.26122647754188644,
        "entropy_mean": 0.2713097798582341,
        "entropy_std": 0.05464447400806913
    },
    "41": {
        "dice_mean": 0.4406155080247487,
        "dice_std": 0.3167333782533273,
        "entropy_mean": 0.2986277276567856,
        "entropy_std": 0.04563336978813228
    },
    "42": {
        "dice_mean": 0.5289555790032382,
        "dice_std": 0.30803427218500906,