{
    "0": {
        "0": 0.0
    },
    "1": {
        "5": 0.0,
        "6": 0.0,
        "9": 0.0
    },
    "2": {
        "7": 0.0
    },
    "3": {
        "2": 0.0
    },
    "4": {
        "1": 0.0
    },
    "5": {
        "4": 0.0,
        "8": 0.0
    },
    "6": {
        "3": 0.0,
        "8": 0.0
    },
    "7": {},
    "8": {},
    "9": {
        "4": 0.05019830763818591
    },
    "10": {
        "1": 0.13545678889339796
    },
    "11": {},
    "12": {},
    "13": {
        "6": 0.08500163623569545
    },
    "14": {
        "0": 0.04520465709542851
    },
    "15": {
        "5": 0.2622611046601383
    },
    "16": {
        "2": 0.11940144389350031,
        "13": 0.0
    },
    "17": {
        "1": 0.2746523434900273
    },
    "18": {
        "4": 0.31046574972064067,
        "8": 0.13928005982160369,
        "12": 0.0,
        "17": 0.0
    },
    "19": {
        "14": 0.0
    },
    "20": {
        "3": 0.020492707041923457,
        "8": 0.1365168109411855,
        "16": 0.0
    },
    "21": {
        "11": 0.0
    },
    "22": {
        "19": 0.0
    },
    "23": {
        "1": 0.3290914084970278,
        "15": 0.0
    },
    "24": {
        "10": 0.0,
        "18": 0.0,
        "20": 0.0
    },
    "25": {
        "6": 0.07768311565041283,
        "9": 0.036017556911502886
    },
    "26": {
        "0": 0.03130299193726967,
        "19": 0.06204093918324307
    },
    "27": {
        "5": 0.3222201098762135,
        "6": 0.09482942262097291
    },
    "28": {
        "2": 0.1571737907046133,
        "13": 0.23489258963207463
    },
    "29": {
        "1": 0.28433361228789267
    },
    "30": {
        "4": 0.3433875075932689,
        "8": 0.10810634490531329,
        "12": 0.08698416213078444,
        "18": 0.24839327464293096
    },
    "31": {
        "3": 0.019959888484901177,
        "16": 0.030817485826791304
    },
    "32": {
        "23": 0.0
    },
    "33": {
        "1": 0.20664222978409202,
        "15": 0.22661947087765685
    },
    "34": {
        "10": 0.0,
        "20": 0.0
    },
    "35": {
        "6": 0.0796266779635694,
        "9": 0.04593999800849817,
        "21": 0.0,
        "22": 0.0
    },
    "36": {
        "19": 0.09689121709877552
    },
    "37": {
        "0": 0.029393713477962966
    },
    "38": {
        "6": 0.08585722370937682,
        "9": 0.042186372472893675
    },
    "39": {
        "2": 0.13979512236272817,
        "13": 0.3541858866969529,
        "16": 0.01597332966589515
    },
    "40": {
        "4": 0.3286372594696722,
        "8": 0.09209284000156016,
        "12": 0.25628224941061933,
        "18": 0.4746567083214498
    },
    "41": {
        "16": 0.01454111236306483
    },
    "42": {
        "23": 0.055169442231649296
    },
    "43": {
        "12": 0.2607639501383822
    },
    "44": {
        "1": 0.26210593991088893,
        "15": 0.3118927415857351,
        "24": 0.0
    },
    "45": {
        "25": 0.0
    },
    "46": {
        "10": 0.04711120421615513,
        "20": 0.17257312571044345
    },
    "47": {
        "6": 0.08185690767158543,
        "21": 0.1514962494294373,
        "22": 0.0,
        "26": 0.0
    },
    "48": {
        "26": 0.0
    },
    "49": {
        "13": 0.2682417292191043,
        "16": 0.03622669974968375
    },
    "50": {
        "4": 0.34975462737534924,
        "8": 0.12440684955517367,
        "12": 0.3145300331946936,
        "18": 0.37506500415142013,
        "30": 0.0
    },
    "51": {
        "14": 0.057762391588157776
    },
    "52": {
        "8": 0.21245591054823992,
        "16": 0.01723013415892673
    },
    "53": {
        "31": 0.0
    },
    "54": {
        "12": 0.3376798233212652,
        "27": 0.0
    },
    "55": {
        "25": 0.03872190866816967
    },
    "56": {
        "6": 0.07234630855974683,
        "29": 0.0
    },
    "57": {
        "6": 0.09784793223058232,
        "9": 0.055228468249583364,
        "21": 0.2146268113780013
    },
    "58": {
        "28": 0.0
    },
    "59": {
        "6": 0.06011181635881904,
        "26": 0.11378740440788217
    },
    "60": {
        "2": 0.14084899370995838,
        "13": 0.34330700372944095
    },
    "61": {
        "10": 0.014100944711387883,
        "12": 0.33395416933107325,
        "18": 0.4368561770250068,
        "30": 0.19488032628170146
    },
    "62": {
        "14": 0.05671483915968057
    },
    "63": {
        "16": 0.009615384615384614
    },
    "64": {
        "31": 0.21845937922013495
    },
    "65": {
        "12": 0.3430473284485683
    },
    "66": {
        "15": 0.2785302719028607
    },
    "67": {
        "29": 0.2094313465383739
    },
    "68": {
        "6": 0.08514509938006087,
        "9": 0.0741152464079974,
        "21": 0.21704335033386943
    },
    "69": {
        "33": 0.0
    },
    "70": {
        "32": 0.0
    },
    "71": {
        "6": 0.09104559634232055,
        "9": 0.08851581881620939
    },
    "72": {
        "13": 0.3281121080477473,
        "16": 0
    },
    "73": {
        "10": 0.010697236218872579,
        "18": 0.31179176789949,
        "30": 0.3738896685188994
    },
    "74": {
        "14": 0.07906940543064984
    },
    "75": {
        "31": 0.4514228093885452
    },
    "76": {
        "12": 0.29794465083530447,
        "27": 0.0
    },
    "77": {
        "1": 0.2706140978493345
    },
    "78": {
        "25": 0.15548718506538278
    },
    "79": {
        "6": 0.07371839539004668,
        "26": 0.18224218706131115,
        "29": 0.2595784063925689
    },
    "80": {
        "21": 0.234707573567707,
        "26": 0.1934248718947142
    },
    "81": {
        "28": 0.31735602772239024,
        "33": 0.27633132029313834
    },
    "82": {
        "26": 0.15768298414623375
    },
    "83": {
        "13": 0.3121090337011654,
        "16": 0
    },
    "84": {
        "8": 0.1878585537370503,
        "30": 0.30565706630080103
    },
    "85": {
        "0": 0,
        "14": 0.07778042882439867
    },
    "86": {
        "17": 0.37088121830873816
    },
    "87": {
        "22": 0.010772882404560489,
        "31": 0.39524106540546117
    },
    "88": {
        "28": 0.3606530889257053
    },
    "89": {
        "12": 0.31654314553374807,
        "27": 0.0
    },
    "90": {
        "25": 0.17424525195305685
    },
    "91": {
        "6": 0.09228114462439617,
        "26": 0.18422132253013415,
        "29": 0.30493432664996006
    },
    "92": {
        "6": 0.06087556116831062,
        "9": 0.09362891526308723,
        "21": 0.2163242321755803,
        "34": 0.0
    },
    "93": {
        "33": 0.4287887649015831
    },
    "94": {
        "26": 0.17148810072291398
    },
    "95": {
        "13": 0.1711757998154162,
        "16": 0
    },
    "96": {
        "3": 0.019007071801012285,
        "10": 0.009915119446808953,
        "30": 0.2942741111294917
    },
    "97": {
        "0": 0,
        "14": 0.1037598010531105
    },
    "98": {
        "17": 0.5748515181277124
    },
    "99": {
        "31": 0.43932160248718655
    }
}