{
    "1": 0.0,
    "2": 0.0,
    "3": 0.0,
    "4": 0.0,
    "5": 0.0,
    "6": 0.0,
    "7": 0.0,
    "8": 0.0,
    "9": 0.0,
    "10": 5.019830763818593,
    "11": 18.565509653158383,
    "12": 18.565509653158383,
    "13": 18.565509653158383,
    "14": 27.065673276727935,
    "15": 31.586138986270782,
    "16": 57.81224945228458,
    "17": 69.75239384163463,
    "18": 97.21762819063741,
    "19": 142.19220914486183,
    "20": 142.19220914486183,
    "21": 157.8931609431726,
    "22": 157.8931609431726,
    "23": 157.8931609431726,
    "24": 190.80230179287554,
    "25": 190.80230179287554,
    "26": 202.1723690490671,
    "27": 211.50676216111847,
    "28": 253.2117154108372,
    "29": 292.41835344450624,
    "30": 320.8517146732957,
    "31": 399.53884360052535,
    "32": 404.6165810316945,
    "33": 404.6165810316945,
    "34": 447.9427510978691,
    "35": 447.9427510978691,
    "36": 460.4994186950758,
    "37": 470.1885404049535,
    "38": 473.0103368988379,
    "39": 485.81469651706504,
    "40": 536.8101303896225,
    "41": 651.9770361099525,
    "42": 653.431147346259,
    "43": 658.9480915694238,
    "44": 685.0244865832616,
    "45": 742.4243547329241,
    "46": 742.4243547329241,
    "47": 764.3927877255838,
    "48": 787.7281034356866,
    "49": 787.7281034356866,
    "50": 818.1749463325652,
    "51": 934.5505977602297,
    "52": 940.326836919046,
    "53": 963.2954413897623,
    "54": 963.2954413897623,
    "55": 997.0634237218887,
    "56": 1000.9356145887057,
    "57": 1008.1702454446806,
    "58": 1044.9405666304972,
    "59": 1044.9405666304972,
    "60": 1062.3304887071677,
    "61": 1110.7460884511074,
    "62": 1208.7252501860255,
    "63": 1214.3967341019945,
    "64": 1214.6275033327638,
    "65": 1236.473441254778,
    "66": 1270.7781740996356,
    "67": 1298.6312012899218,
    "68": 1319.5743359437593,
    "69": 1357.2047055559515,
    "70": 1357.2047055559515,
    "71": 1357.2047055559515,
    "72": 1375.1608470718036,
    "73": 1407.9720578765775,
    "74": 1477.6099251403048,
    "75": 1485.51686568337,
    "76": 1530.659146622224,
    "77": 1560.4536117057555,
    "78": 1587.515021490689,
    "79": 1603.0637399972272,
    "80": 1654.6176388816207,
    "81": 1697.4308834278615,
    "82": 1756.799618229415,
    "83": 1772.5679166440389,
    "84": 1803.778820014155,
    "85": 1853.1303820179403,
    "86": 1860.9084249003804,
    "87": 1897.9965467312538,
    "88": 1938.5979415122567,
    "89": 1974.6632504048264,
    "90": 2006.3175649582015,
    "91": 2023.7420901535063,
    "92": 2081.8857695339548,
    "93": 2118.9686403946466,
    "94": 2161.847516884804,
    "95": 2178.996326957095,
    "96": 2196.113906938638,
    "97": 2228.433537176367,
    "98": 2238.8095172816766,
    "99": 2296.2946690944473,
    "100": 2340.226829343165
}