{
    "time_step_utility_dict": {
        "1": 0.0,
        "2": 0.0,
        "3": 0.0,
        "4": 0.0,
        "5": 0.0,
        "6": 0.0,
        "7": 0.0,
        "8": 0.0,
        "9": 0.0,
        "10": 5.019830763818593,
        "11": 13.54567888933979,
        "12": 0.0,
        "13": 0.0,
        "14": 8.500163623569552,
        "15": 4.520465709542847,
        "16": 26.2261104660138,
        "17": 11.940144389350046,
        "18": 27.465234349002785,
        "19": 44.97458095422442,
        "20": 0.0,
        "21": 15.700951798310768,
        "22": 0.0,
        "23": 0.0,
        "24": 32.909140849702936,
        "25": 0.0,
        "26": 11.370067256191561,
        "27": 9.334393112051373,
        "28": 41.70495324971873,
        "29": 39.20663803366904,
        "30": 28.433361228789465,
        "31": 78.68712892722965,
        "32": 5.077737431169169,
        "33": 0.0,
        "34": 43.3261700661746,
        "35": 0.0,
        "36": 12.556667597206683,
        "37": 9.689121709877725,
        "38": 2.821796493884392,
        "39": 12.804359618227124,
        "40": 50.99543387255744,
        "41": 115.16690572032996,
        "42": 1.4541112363065167,
        "43": 5.516944223164842,
        "44": 26.076395013837782,
        "45": 57.39986814966255,
        "46": 0.0,
        "47": 21.9684329926597,
        "48": 23.335315710102805,
        "49": 0.0,
        "50": 30.446842896878593,
        "51": 116.37565142766448,
        "52": 5.7762391588162245,
        "53": 22.9686044707164,
        "54": 0.0,
        "55": 33.767982332126394,
        "56": 3.8721908668169362,
        "57": 7.234630855974956,
        "58": 36.770321185816556,
        "59": 0.0,
        "60": 17.389922076670473,
        "61": 48.415599743939765,
        "62": 97.97916173491808,
        "63": 5.67148391596902,
        "64": 0.23076923076928324,
        "65": 21.845937922014173,
        "66": 34.304732844857654,
        "67": 27.853027190286184,
        "68": 20.943134653837433,
        "69": 37.630369612192226,
        "70": 0.0,
        "71": 0.0,
        "72": 17.956141515852096,
        "73": 32.811210804773964,
        "74": 69.63786726372723,
        "75": 7.906940543065275,
        "76": 45.1422809388539,
        "77": 29.794465083531577,
        "78": 27.061409784933403,
        "79": 15.548718506538307,
        "80": 51.55389888439345,
        "81": 42.81324454624087,
        "82": 59.3687348015535,
        "83": 15.768298414623814,
        "84": 31.210903370116057,
        "85": 49.351562003785375,
        "86": 7.778042882440104,
        "87": 37.08812183087343,
        "88": 40.60139478100291,
        "89": 36.06530889256965,
        "90": 31.654314553375116,
        "91": 17.424525195304795,
        "92": 58.143679380448475,
        "93": 37.082870860691855,
        "94": 42.87887649015738,
        "95": 17.14881007229087,
        "96": 17.11757998154326,
        "97": 32.31963023772869,
        "98": 10.375980105309736,
        "99": 57.48515181277071,
        "100": 43.93216024871754
    },
    "total_utility": 2340.226829343165
}