{
    "1": 0.0,
    "2": 0.0,
    "3": 0.0,
    "4": 0.0,
    "5": 0.0,
    "6": 17.549882108805203,
    "7": 17.549882108805203,
    "8": 17.549882108805203,
    "9": 17.549882108805203,
    "10": 17.549882108805203,
    "11": 17.549882108805203,
    "12": 17.549882108805203,
    "13": 17.549882108805203,
    "14": 17.549882108805203,
    "15": 19.64951110264696,
    "16": 22.472275263460652,
    "17": 49.88707436075617,
    "18": 63.556005889491345,
    "19": 63.556005889491345,
    "20": 63.556005889491345,
    "21": 63.556005889491345,
    "22": 67.74145173578987,
    "23": 67.74145173578987,
    "24": 100.46124580191682,
    "25": 100.46124580191682,
    "26": 100.46124580191682,
    "27": 103.2163625223791,
    "28": 103.2163625223791,
    "29": 103.2163625223791,
    "30": 103.2163625223791,
    "31": 103.2163625223791,
    "32": 103.2163625223791,
    "33": 103.2163625223791,
    "34": 103.2163625223791,
    "35": 103.2163625223791,
    "36": 103.2163625223791,
    "37": 103.2163625223791,
    "38": 149.80712669880893,
    "39": 178.47989015235913,
    "40": 178.47989015235913,
    "41": 178.47989015235913,
    "42": 178.47989015235913,
    "43": 178.47989015235913,
    "44": 178.47989015235913,
    "45": 180.3141441104504,
    "46": 180.3141441104504,
    "47": 180.3141441104504,
    "48": 180.3141441104504,
    "49": 180.3141441104504,
    "50": 182.67323962582068,
    "51": 182.67323962582068,
    "52": 214.8056137411238,
    "53": 220.0591049780883,
    "54": 220.0591049780883,
    "55": 231.72232185145177,
    "56": 234.27916831446848,
    "57": 234.27916831446848,
    "58": 268.7044736496402,
    "59": 268.7044736496402,
    "60": 268.7044736496402,
    "61": 268.7044736496402,
    "62": 268.7044736496402,
    "63": 270.6549851369988,
    "64": 270.6549851369988,
    "65": 274.3057183389696,
    "66": 296.76068016460744,
    "67": 317.77776035258654,
    "68": 317.77776035258654,
    "69": 326.1373265214269,
    "70": 375.7795449391382,
    "71": 381.1716728501916,
    "72": 412.2223841573695,
    "73": 458.2820418332751,
    "74": 474.9190537360306,
    "75": 474.9190537360306,
    "76": 477.08009477922434,
    "77": 478.29328646642415,
    "78": 478.29328646642415,
    "79": 486.44013515733866,
    "80": 486.44013515733866,
    "81": 486.44013515733866,
    "82": 519.9025559047898,
    "83": 519.9025559047898,
    "84": 519.9025559047898,
    "85": 519.9025559047898,
    "86": 519.9025559047898,
    "87": 551.4632385272787,
    "88": 567.3048096001463,
    "89": 593.3460450860213,
    "90": 607.7793883787801,
    "91": 607.7793883787801,
    "92": 623.0472933337794,
    "93": 651.8797133705144,
    "94": 698.4517787465722,
    "95": 698.4517787465722,
    "96": 699.5263244467898,
    "97": 699.5263244467898,
    "98": 699.5263244467898,
    "99": 699.5263244467898,
    "100": 699.5263244467898
}