{
    "1": 0.0,
    "2": 0.0,
    "3": 0.0,
    "4": 0.0,
    "5": 0.0,
    "6": 0.0,
    "7": 0.0,
    "8": 0.0,
    "9": 0.0,
    "10": 0.0,
    "11": 0.0,
    "12": 0.0,
    "13": 0.0,
    "14": 0.0,
    "15": 0.0,
    "16": 0.0,
    "17": 0.0,
    "18": 1.5116792861149508,
    "19": 1.5116792861149508,
    "20": 1.5116792861149508,
    "21": 1.5116792861149508,
    "22": 1.5116792861149508,
    "23": 1.5116792861149508,
    "24": 1.5116792861149508,
    "25": 1.5116792861149508,
    "26": 1.5116792861149508,
    "27": 1.5116792861149508,
    "28": 1.5116792861149508,
    "29": 1.5116792861149508,
    "30": 1.5116792861149508,
    "31": 1.5116792861149508,
    "32": 1.5116792861149508,
    "33": 1.5116792861149508,
    "34": 1.5116792861149508,
    "35": 1.5116792861149508,
    "36": 1.5116792861149508,
    "37": 1.5116792861149508,
    "38": 19.28511764779684,
    "39": 48.72907926125575,
    "40": 48.72907926125575,
    "41": 48.72907926125575,
    "42": 48.72907926125575,
    "43": 48.72907926125575,
    "44": 48.72907926125575,
    "45": 48.72907926125575,
    "46": 48.72907926125575,
    "47": 48.72907926125575,
    "48": 48.72907926125575,
    "49": 48.72907926125575,
    "50": 48.72907926125575,
    "51": 48.72907926125575,
    "52": 48.72907926125575,
    "53": 48.72907926125575,
    "54": 49.494985601243776,
    "55": 49.86303325811785,
    "56": 49.86303325811785,
    "57": 49.86303325811785,
    "58": 49.86303325811785,
    "59": 49.86303325811785,
    "60": 49.86303325811785,
    "61": 49.86303325811785,
    "62": 49.86303325811785,
    "63": 49.86303325811785,
    "64": 49.86303325811785,
    "65": 49.86303325811785,
    "66": 49.86303325811785,
    "67": 74.18874802399301,
    "68": 74.18874802399301,
    "69": 89.45799783521443,
    "70": 138.6515285352441,
    "71": 138.6515285352441,
    "72": 173.06785785399586,
    "73": 195.35216230675042,
    "74": 219.03173042284715,
    "75": 219.03173042284715,
    "76": 219.03173042284715,
    "77": 219.03173042284715,
    "78": 223.04141679683812,
    "79": 234.4937190015815,
    "80": 234.4937190015815,
    "81": 234.4937190015815,
    "82": 274.64135525732576,
    "83": 274.64135525732576,
    "84": 279.3064884336192,
    "85": 279.3064884336192,
    "86": 279.5521118952385,
    "87": 323.2843079580579,
    "88": 347.9271518240791,
    "89": 379.4865218304671,
    "90": 379.4865218304671,
    "91": 379.4865218304671,
    "92": 379.4865218304671,
    "93": 379.4865218304671,
    "94": 379.4865218304671,
    "95": 379.4865218304671,
    "96": 379.4865218304671,
    "97": 379.4865218304671,
    "98": 381.9277382692066,
    "99": 381.9277382692066,
    "100": 381.9277382692066
}