{
    "0": {
        "0": 0.0,
        "1": 0.0,
        "3": 0.0,
        "5": 0.0,
        "6": 0.0,
        "8": 0.0
    },
    "1": {
        "4": 0.0
    },
    "2": {
        "2": 0.0
    },
    "3": {
        "7": 0.0,
        "9": 0.0
    },
    "4": {},
    "5": {
        "7": 0.17549882108805206,
        "9": 0.0
    },
    "6": {
        "17": 0.0
    },
    "7": {
        "10": 0.0
    },
    "8": {
        "12": 0.0,
        "13": 0.0,
        "15": 0.0
    },
    "9": {
        "2": 0.0,
        "10": 0.0,
        "11": 0.0,
        "14": 0.0,
        "16": 0.0,
        "17": 0.0
    },
    "10": {
        "18": 0.0
    },
    "11": {
        "21": 0.0
    },
    "12": {
        "23": 0.0
    },
    "13": {
        "22": 0.0,
        "24": 0.0
    },
    "14": {
        "8": 0.020996289938417626,
        "19": 0.0,
        "25": 0.0
    },
    "15": {
        "1": 0.0,
        "3": 0.0,
        "5": 0.0,
        "6": 0.0,
        "8": 0.028227641608136896,
        "20": 0.0,
        "22": 0.0,
        "25": 0.0
    },
    "16": {
        "2": 0.27414799097295545
    },
    "17": {
        "7": 0.13668931528735181,
        "27": 0.0,
        "32": 0.0
    },
    "18": {
        "5": 0.0,
        "33": 0.0
    },
    "19": {
        "30": 0.0
    },
    "20": {
        "20": 0.0,
        "26": 0.0,
        "27": 0.0,
        "28": 0.0,
        "29": 0.0,
        "31": 0.0,
        "33": 0.0
    },
    "21": {
        "10": 0.04185445846298535,
        "31": 0.0
    },
    "22": {
        "15": 0.0,
        "18": 0.0,
        "34": 0.0,
        "35": 0.0
    },
    "23": {
        "2": 0.29563735921046946,
        "4": 0.0,
        "10": 0.031560581450799416,
        "24": 0.0,
        "36": 0.0,
        "37": 0.0
    },
    "24": {
        "38": 0.0
    },
    "25": {
        "23": 0.0,
        "41": 0.0
    },
    "26": {
        "1": 0.0,
        "8": 0.02755116720462366,
        "13": 0.0,
        "15": 0.0,
        "25": 0.0,
        "35": 0.0,
        "39": 0.0,
        "40": 0.0,
        "42": 0.0,
        "43": 0.0,
        "44": 0.0
    },
    "27": {
        "39": 0.0
    },
    "28": {
        "46": 0.0
    },
    "29": {
        "27": 0.0,
        "32": 0.0,
        "47": 0.0
    },
    "30": {
        "3": 0.0,
        "5": 0.0
    },
    "31": {
        "40": 0.0
    },
    "32": {
        "31": 0.0,
        "32": 0.0,
        "33": 0.0,
        "45": 0.0,
        "46": 0.0,
        "47": 0.0,
        "48": 0.0
    },
    "33": {
        "4": 0.0,
        "50": 0.0
    },
    "34": {
        "29": 0.0,
        "45": 0.0
    },
    "35": {
        "48": 0.0,
        "49": 0.0
    },
    "36": {
        "26": 0.0,
        "31": 0.0,
        "42": 0.0
    },
    "37": {
        "4": 0.0,
        "7": 0.1578783129115913,
        "9": 0.0,
        "18": 0.0,
        "24": 0.0,
        "35": 0.0,
        "36": 0.0,
        "37": 0.0,
        "38": 0.30802932885270645
    },
    "38": {
        "38": 0.28672763453550204
    },
    "39": {
        "16": 0.0
    },
    "40": {
        "41": 0.0
    },
    "41": {
        "11": 0.0
    },
    "42": {
        "1": 0.0,
        "6": 0.0,
        "43": 0.0,
        "51": 0.0
    },
    "43": {
        "11": 0.0,
        "21": 0.0,
        "39": 0.0,
        "41": 0.0,
        "42": 0.0,
        "43": 0.0,
        "51": 0.0
    },
    "44": {
        "13": 0.0,
        "44": 0.018342539580912764
    },
    "45": {
        "39": 0.0,
        "52": 0.0
    },
    "46": {
        "0": 0.0
    },
    "47": {
        "3": 0.0
    },
    "48": {
        "19": 0.0,
        "40": 0.0
    },
    "49": {
        "0": 0.0,
        "1": 0.0,
        "5": 0.0,
        "8": 0.02359095515370343,
        "20": 0.0,
        "22": 0.0,
        "23": 0.0,
        "32": 0.0,
        "46": 0.0,
        "48": 0.0,
        "50": 0.0
    },
    "50": {
        "4": 0.0,
        "50": 0.0
    },
    "51": {
        "2": 0.32132374115303064,
        "45": 0.0
    },
    "52": {
        "9": 0.05253491236964462,
        "48": 0.0,
        "49": 0.0
    },
    "53": {
        "26": 0.0,
        "42": 0.0
    },
    "54": {
        "9": 0.05507442200061762,
        "26": 0.0,
        "30": 0.06155774673301537,
        "53": 0.0
    },
    "55": {
        "17": 0.025568464630166897
    },
    "56": {
        "12": 0.0,
        "13": 0.0,
        "43": 0.0
    },
    "57": {
        "2": 0.2150666471010917,
        "10": 0.0322562375830582,
        "11": 0.0,
        "12": 0.0,
        "14": 0.0,
        "16": 0.0,
        "17": 0.022688587728809023,
        "19": 0.0,
        "30": 0.07424158093875456,
        "41": 0.0,
        "51": 0.0
    },
    "58": {
        "18": 0.0
    },
    "59": {
        "21": 0.0,
        "52": 0.0
    },
    "60": {
        "23": 0.0
    },
    "61": {
        "22": 0.0,
        "24": 0.0
    },
    "62": {
        "8": 0.019505114873585715
    },
    "63": {
        "19": 0.0,
        "25": 0.0
    },
    "64": {
        "1": 0.0,
        "3": 0.0,
        "5": 0.0,
        "6": 0.0,
        "8": 0.024210472572557103,
        "20": 0.0,
        "22": 0.0,
        "23": 0.0,
        "35": 0.0,
        "44": 0.012296859447152144,
        "49": 0.0,
        "52": 0.0
    },
    "65": {
        "2": 0.22454961825638126
    },
    "66": {
        "7": 0.12295355147443182,
        "27": 0.08721725040535988,
        "32": 0
    },
    "67": {
        "5": 0.0,
        "33": 0.0
    },
    "68": {
        "30": 0.08359566168840438
    },
    "69": {
        "20": 0.0,
        "26": 0.0,
        "27": 0.09929757868347601,
        "29": 0.0,
        "31": 0.0,
        "33": 0.0,
        "34": 0.3971246054936408
    },
    "70": {
        "10": 0.05392127911053584,
        "31": 0.0
    },
    "71": {
        "15": 0.0,
        "18": 0.0,
        "34": 0.31050711307178014,
        "35": 0.0
    },
    "72": {
        "2": 0.3091923716601638,
        "4": 0.0,
        "10": 0.05939519705225631,
        "19": 0.0,
        "30": 0.0920090080466405,
        "36": 0.0,
        "37": 0.0
    },
    "73": {
        "38": 0.16637011902755422
    },
    "74": {
        "23": 0.0,
        "41": 0.0
    },
    "75": {
        "1": 0.0,
        "8": 0.021610410431937267,
        "25": 0.0
    },
    "76": {
        "6": 0.0,
        "13": 0.0,
        "15": 0.0,
        "25": 0.0,
        "35": 0.0,
        "39": 0.0,
        "40": 0.0,
        "43": 0.0,
        "44": 0.01213191687199714,
        "49": 0.0,
        "52": 0.0
    },
    "77": {
        "46": 0.0
    },
    "78": {
        "27": 0.08146848690914449,
        "32": 0
    },
    "79": {
        "3": 0.0,
        "5": 0.0,
        "33": 0.0
    },
    "80": {
        "40": 0.0
    },
    "81": {
        "20": 0.0,
        "27": 0.129676683497974,
        "31": 0.0,
        "33": 0.0,
        "45": 0.0,
        "47": 0.20494752397653954,
        "48": 0.0
    },
    "82": {
        "4": 0.0,
        "50": 0.0
    },
    "83": {
        "29": 0.0
    },
    "84": {
        "48": 0.0,
        "49": 0.0
    },
    "85": {
        "26": 0.0,
        "31": 0.0,
        "42": 0.0
    },
    "86": {
        "35": 0.0,
        "36": 0.0,
        "37": 0.0,
        "38": 0.3102365368242226,
        "53": 0.005370289400667041
    },
    "87": {
        "4": 0.0,
        "7": 0.12789519421899442,
        "9": 0.03052051650968397,
        "24": 0.0,
        "36": 0.0
    },
    "88": {
        "38": 0.26041235485874664
    },
    "89": {
        "16": 0.14433343292758702
    },
    "90": {
        "41": 0.0
    },
    "91": {
        "11": 0.15267904954999392
    },
    "92": {
        "1": 0.0,
        "6": 0.0,
        "43": 0.28832420036734974,
        "51": 0.0
    },
    "93": {
        "11": 0.17038581067406622,
        "15": 0.0,
        "21": 0.0,
        "39": 0.0,
        "41": 0.0,
        "42": 0.0,
        "43": 0.2953348430865061
    },
    "94": {
        "40": 0.0
    },
    "95": {
        "13": 0.0,