{
    "time_step_utility_dict": {
        "1": 0.0,
        "2": 0.0,
        "3": 0.0,
        "4": 0.0,
        "5": 0.0,
        "6": 17.549882108805203,
        "7": 0.0,
        "8": 0.0,
        "9": 0.0,
        "10": 0.0,
        "11": 0.0,
        "12": 0.0,
        "13": 0.0,
        "14": 0.0,
        "15": 2.0996289938417583,
        "16": 2.8227641608136906,
        "17": 27.41479909729552,
        "18": 13.668931528735172,
        "19": 0.0,
        "20": 0.0,
        "21": 0.0,
        "22": 4.185445846298521,
        "23": 0.0,
        "24": 32.71979406612695,
        "25": 0.0,
        "26": 0.0,
        "27": 2.755116720462283,
        "28": 0.0,
        "29": 0.0,
        "30": 0.0,
        "31": 0.0,
        "32": 0.0,
        "33": 0.0,
        "34": 0.0,
        "35": 0.0,
        "36": 0.0,
        "37": 0.0,
        "38": 46.59076417642983,
        "39": 28.672763453550203,
        "40": 0.0,
        "41": 0.0,
        "42": 0.0,
        "43": 0.0,
        "44": 0.0,
        "45": 1.8342539580912671,
        "46": 0.0,
        "47": 0.0,
        "48": 0.0,
        "49": 0.0,
        "50": 2.359095515370285,
        "51": 0.0,
        "52": 32.13237411530312,
        "53": 5.253491236964493,
        "54": 0.0,
        "55": 11.663216873363467,
        "56": 2.5568464630167114,
        "57": 0.0,
        "58": 34.425305335171714,
        "59": 0.0,
        "60": 0.0,
        "61": 0.0,
        "62": 0.0,
        "63": 1.9505114873585967,
        "64": 0.0,
        "65": 3.6507332019708088,
        "66": 22.454961825637838,
        "67": 21.017080187979104,
        "68": 0.0,
        "69": 8.359566168840388,
        "70": 49.64221841771126,
        "71": 5.3921279110534215,
        "72": 31.05071130717789,
        "73": 46.05965767590561,
        "74": 16.63701190275549,
        "75": 0.0,
        "76": 2.161041043193734,
        "77": 1.21319168719981,
        "78": 0.0,
        "79": 8.14684869091451,
        "80": 0.0,
        "81": 0.0,
        "82": 33.46242074745112,
        "83": 0.0,
        "84": 0.0,
        "85": 0.0,
        "86": 0.0,
        "87": 31.560682622488912,
        "88": 15.841571072867623,
        "89": 26.04123548587495,
        "90": 14.433343292758877,
        "91": 0.0,
        "92": 15.267904954999267,
        "93": 28.832420036735016,
        "94": 46.57206537605782,
        "95": 0.0,
        "96": 1.0745457002175272,
        "97": 0.0,
        "98": 0.0,
        "99": 0.0,
        "100": 0.0
    },
    "total_utility": 699.5263244467898
}