{
    "1": 0.0,
    "2": 0.0,
    "3": 0.0,
    "4": 0.0,
    "5": 0.0,
    "6": 0.0,
    "7": 0.0,
    "8": 0.0,
    "9": 0.0,
    "10": 0.0,
    "11": 0.0,
    "12": 0.0,
    "13": 0.0,
    "14": 0.0,
    "15": 2.1652883814559525,
    "16": 5.135267347428158,
    "17": 5.135267347428158,
    "18": 16.91406914147748,
    "19": 22.411827686699656,
    "20": 22.411827686699656,
    "21": 22.411827686699656,
    "22": 22.411827686699656,
    "23": 22.411827686699656,
    "24": 22.411827686699656,
    "25": 22.411827686699656,
    "26": 27.95001105308105,
    "27": 31.201656654420326,
    "28": 31.201656654420326,
    "29": 31.201656654420326,
    "30": 37.895074182588374,
    "31": 53.24918261817004,
    "32": 53.24918261817004,
    "33": 60.695607659626816,
    "34": 60.695607659626816,
    "35": 60.695607659626816,
    "36": 74.22570343825693,
    "37": 74.22570343825693,
    "38": 111.04274857598818,
    "39": 136.96457770276163,
    "40": 155.45724837815862,
    "41": 155.45724837815862,
    "42": 155.45724837815862,
    "43": 155.45724837815862,
    "44": 155.45724837815862,
    "45": 155.45724837815862,
    "46": 155.45724837815862,
    "47": 155.45724837815862,
    "48": 171.11274927078665,
    "49": 171.11274927078665,
    "50": 208.10697314584183,
    "51": 213.74149931681228,
    "52": 213.74149931681228,
    "53": 274.33574302795944,
    "54": 274.58272162542175,
    "55": 288.85824185311367,
    "56": 288.85824185311367,
    "57": 288.85824185311367,
    "58": 317.47616297852915,
    "59": 317.47616297852915,
    "60": 317.47616297852915,
    "61": 326.92860021155934,
    "62": 326.92860021155934,
    "63": 328.50989711741556,
    "64": 328.50989711741556,
    "65": 399.03695879944286,
    "66": 399.03695879944286,
    "67": 415.2544380241939,
    "68": 419.4723359537039,
    "69": 435.4864537276187,
    "70": 506.47600096317103,
    "71": 506.47600096317103,
    "72": 538.9151660418394,
    "73": 549.393813438843,
    "74": 566.929933531541,
    "75": 585.5456807474977,
    "76": 587.5908154027251,
    "77": 625.6707236254794,
    "78": 628.3970430512046,
    "79": 636.6099380838191,
    "80": 653.2458680804181,
    "81": 663.5408346027214,
    "82": 720.6864469562425,
    "83": 729.5585165534565,
    "84": 733.1609540536281,
    "85": 789.5088791261364,
    "86": 789.6634690278626,
    "87": 811.5068723534408,
    "88": 819.2066309805163,
    "89": 835.5826772204475,
    "90": 855.1077374471478,
    "91": 861.601027291202,
    "92": 861.601027291202,
    "93": 861.601027291202,
    "94": 872.4124327983509,
    "95": 885.4874717527794,
    "96": 885.4874717527794,
    "97": 885.4874717527794,
    "98": 888.2292810972158,
    "99": 888.2292810972158,
    "100": 900.7053315211166
}