{
    "0": {
        "0": 0.0,
        "1": 0.0,
        "3": 0.0,
        "4": 0.0,
        "6": 0.0,
        "7": 0.0
    },
    "1": {
        "8": 0.0
    },
    "2": {
        "5": 0.0
    },
    "3": {
        "2": 0.0,
        "9": 0.0
    },
    "4": {},
    "5": {
        "2": 0.0,
        "9": 0.0
    },
    "6": {
        "11": 0.0
    },
    "7": {
        "12": 0.0
    },
    "8": {
        "10": 0.0,
        "15": 0.0,
        "16": 0.0
    },
    "9": {
        "5": 0.0,
        "11": 0.0,
        "12": 0.0,
        "13": 0.0,
        "14": 0.0,
        "17": 0.0,
        "18": 0.0,
        "19": 0.0,
        "20": 0.0,
        "21": 0.0
    },
    "10": {
        "23": 0.0
    },
    "11": {
        "29": 0.0
    },
    "12": {
        "25": 0.0
    },
    "13": {
        "22": 0.0,
        "26": 0.0
    },
    "14": {
        "4": 0.02165288381455953,
        "14": 0.0,
        "28": 0.0
    },
    "15": {
        "1": 0.0,
        "3": 0.0,
        "4": 0.02969978965972204,
        "6": 0.0,
        "7": 0.0,
        "22": 0.0,
        "24": 0.0,
        "27": 0.0,
        "28": 0.0
    },
    "16": {
        "5": 0.0
    },
    "17": {
        "9": 0.11778801794049326,
        "31": 0.0,
        "36": 0.0
    },
    "18": {
        "6": 0.05497758545222175,
        "35": 0.0
    },
    "19": {
        "20": 0.0
    },
    "20": {
        "24": 0.0,
        "30": 0.0,
        "32": 0.0,
        "33": 0.0,
        "34": 0.0,
        "35": 0.0,
        "36": 0.0
    },
    "21": {
        "12": 0.0,
        "32": 0.0
    },
    "22": {
        "16": 0.0,
        "23": 0.0,
        "37": 0.0,
        "38": 0.0
    },
    "23": {
        "5": 0.0,
        "8": 0.0,
        "12": 0.0,
        "18": 0.0,
        "26": 0.0,
        "39": 0.0
    },
    "24": {
        "43": 0.0
    },
    "25": {
        "25": 0.055381833663814,
        "42": 0.0
    },
    "26": {
        "1": 0.0,
        "4": 0.032516456013392744,
        "10": 0.0,
        "16": 0.0,
        "27": 0.0,
        "28": 0.0,
        "37": 0.0,
        "40": 0.0,
        "41": 0.0,
        "44": 0.0,
        "45": 0.0
    },
    "27": {
        "45": 0.0
    },
    "28": {
        "47": 0.0
    },
    "29": {
        "31": 0.06693417528168073,
        "36": 0.0,
        "48": 0.0
    },
    "30": {
        "6": 0.023792630707933773,
        "7": 0.1297484536478825
    },
    "31": {
        "41": 0.0
    },
    "32": {
        "31": 0.07446425041456778,
        "32": 0.0,
        "35": 0.0,
        "46": 0.0,
        "47": 0.0,
        "48": 0.0,
        "49": 0.0
    },
    "33": {
        "8": 0.0,
        "51": 0.0
    },
    "34": {
        "33": 0.0,
        "46": 0.0
    },
    "35": {
        "49": 0.1353009577863017,
        "50": 0.0
    },
    "36": {
        "32": 0.0,
        "34": 0.0,
        "44": 0.0
    },
    "37": {
        "2": 0.0,
        "8": 0.0,
        "9": 0.12347999666865211,
        "18": 0.0,
        "23": 0.0,
        "26": 0.0,
        "37": 0.0,
        "39": 0.0,
        "43": 0.2446904547086598
    },
    "38": {
        "43": 0.25921829126773455
    },
    "39": {
        "17": 0.18492670675396972
    },
    "40": {
        "42": 0.0
    },
    "41": {
        "19": 0.0
    },
    "42": {
        "1": 0.0,
        "3": 0.0,
        "13": 0.0,
        "40": 0.0
    },
    "43": {
        "13": 0.0,
        "19": 0.0,
        "29": 0.0,
        "40": 0.0,
        "42": 0.0,
        "44": 0.0,
        "45": 0.0
    },
    "44": {
        "10": 0.0,
        "27": 0.0
    },
    "45": {
        "45": 0.0,
        "52": 0.0
    },
    "46": {
        "0": 0.0
    },
    "47": {
        "7": 0.1565550089262784
    },
    "48": {
        "14": 0.0,
        "41": 0.0
    },
    "49": {
        "0": 0.0,
        "1": 0.0,
        "4": 0.025593102525373067,
        "6": 0.043494715383459316,
        "22": 0.0,
        "24": 0.0,
        "25": 0.02712236505921239,
        "31": 0.07182768622609764,
        "47": 0.0,
        "49": 0.2047774770054535,
        "51": 0.0
    },
    "50": {
        "8": 0.0,
        "51": 0.05634526170970444
    },
    "51": {
        "5": 0.0,
        "46": 0.0
    },
    "52": {
        "2": 0.0,
        "49": 0.29108190023680347,
        "50": 0.3148605368746679
    },
    "53": {
        "34": 0.002469785974622871,
        "44": 0.0
    },
    "54": {
        "2": 0.0,
        "20": 0.14262658491357527,
        "34": 0.00012861736334405128,
        "53": 0.0
    },
    "55": {
        "11": 0.0
    },
    "56": {
        "10": 0.0,
        "15": 0.0,
        "40": 0.0
    },
    "57": {
        "5": 0.0,
        "11": 0.0,
        "12": 0.0,
        "13": 0.0,
        "14": 0.0,
        "15": 0.0,
        "17": 0.1509602469549127,
        "19": 0.0,
        "20": 0.13521896429924282,
        "21": 0.0,
        "42": 0.0
    },
    "58": {
        "23": 0.0
    },
    "59": {
        "29": 0.0,
        "52": 0.0
    },
    "60": {
        "25": 0.09452437233030032
    },
    "61": {
        "22": 0.0,
        "26": 0.0
    },
    "62": {
        "4": 0.015812969058562623
    },
    "63": {
        "14": 0.0,
        "28": 0.0
    },
    "64": {
        "1": 0.0,
        "3": 0.0,
        "4": 0.025872625670746704,
        "6": 0.06572481238904493,
        "7": 0.1436488866504494,
        "22": 0.0,
        "24": 0.0,
        "25": 0.12004851340491886,
        "27": 0.0,
        "37": 0.0,
        "50": 0.3499757787051195,
        "52": 0.0
    },
    "65": {
        "5": 0.0
    },
    "66": {
        "9": 0.06910206121772408,
        "31": 0,
        "36": 0.093072731029784
    },
    "67": {
        "6": 0.042178979295102066,
        "35": 0.0
    },
    "68": {
        "20": 0.1601411777391471
    },
    "69": {
        "24": 0.0,
        "32": 0.0,
        "33": 0.24784333935153438,
        "34": 0.0014519546949214469,
        "35": 0.0,
        "36": 0.10493130316784677,
        "38": 0.35566887514122103
    },
    "70": {
        "12": 0.0,
        "32": 0.0
    },
    "71": {
        "16": 0.0,
        "23": 0.0,
        "37": 0.0,
        "38": 0.3243916507866774
    },
    "72": {
        "5": 0.0,
        "8": 0.0,
        "12": 0.0,
        "14": 0.0,
        "18": 0.0,
        "20": 0.10478647397003199,
        "39": 0.0
    },
    "73": {
        "43": 0.1753612009269796
    },
    "74": {
        "25": 0.11498456879452008,
        "42": 0.07117290336504946
    },
    "75": {
        "1": 0.0,
        "4": 0.02045134655227348,
        "28": 0.0
    },
    "76": {
        "3": 0.0,
        "10": 0.0,
        "16": 0.0,
        "27": 0.0,
        "28": 0.0,
        "37": 0.0,
        "40": 0.0,
        "41": 0.0,
        "45": 0.0,
        "50": 0.38079908222754283,
        "52": 0.0
    },
    "77": {
        "47": 0.027263194257251825
    },
    "78": {
        "31": 0,
        "36": 0.0821289503261474
    },
    "79": {
        "6": 0.04622779818801227,
        "7": 0.12013150177797222,
        "35": 0.0
    },
    "80": {
        "41": 0.10294966522303216
    },
    "81": {
        "24": 0.0,
        "32": 0.0,
        "35": 0.0,
        "36": 0.13278625075979308,
        "46": 0.0,
        "48": 0.17245234138258134,
        "49": 0.2662175313928306
    },
    "82": {
        "8": 0.0,
        "51": 0.08872069597213743
    },
    "83": {
        "33": 0.03602437500171623
    },
    "84": {
        "49": 0.27639752950348756,
        "50": 0.2870817212215963
    },
    "85": {
        "32": 0.0,
        "34": 0.0015458990172607144,
        "44": 0.0
    },
    "86": {
        "18": 0.0,
        "37": 0.0,
        "39": 0.0,
        "43": 0.21843403325578012,
        "53": 0.0
    },
    "87": {
        "2": 0.0,
        "8": 0.0,
        "9": 0.07699758627075584,
        "26": 0.0,
        "39": 0.0
    },
    "88": {
        "43": 0.16376046239931458
    },
    "89": {
        "17": 0.1952506022670072
    },
    "90": {
        "42": 0.0649328984405389
    },
    "91": {
        "19": 0.0
    },