{
    "time_step_utility_dict": {
        "1": 0.0,
        "2": 0.0,
        "3": 0.0,
        "4": 0.0,
        "5": 0.0,
        "6": 0.0,
        "7": 0.0,
        "8": 0.0,
        "9": 0.0,
        "10": 0.0,
        "11": 0.0,
        "12": 0.0,
        "13": 0.0,
        "14": 0.0,
        "15": 2.1652883814559525,
        "16": 2.9699789659722056,
        "17": 0.0,
        "18": 11.778801794049322,
        "19": 5.497758545222176,
        "20": 0.0,
        "21": 0.0,
        "22": 0.0,
        "23": 0.0,
        "24": 0.0,
        "25": 0.0,
        "26": 5.538183366381393,
        "27": 3.251645601339277,
        "28": 0.0,
        "29": 0.0,
        "30": 6.693417528168048,
        "31": 15.354108435581665,
        "32": 0.0,
        "33": 7.446425041456777,
        "34": 0.0,
        "35": 0.0,
        "36": 13.530095778630113,
        "37": 0.0,
        "38": 36.817045137731256,
        "39": 25.921829126773446,
        "40": 18.492670675396994,
        "41": 0.0,
        "42": 0.0,
        "43": 0.0,
        "44": 0.0,
        "45": 0.0,
        "46": 0.0,
        "47": 0.0,
        "48": 15.655500892628027,
        "49": 0.0,
        "50": 36.994223875055184,
        "51": 5.634526170970446,
        "52": 0.0,
        "53": 60.59424371114716,
        "54": 0.24697859746231643,
        "55": 14.275520227691914,
        "56": 0.0,
        "57": 0.0,
        "58": 28.617921125415478,
        "59": 0.0,
        "60": 0.0,
        "61": 9.452437233030196,
        "62": 0.0,
        "63": 1.5812969058562203,
        "64": 0.0,
        "65": 70.5270616820273,
        "66": 0.0,
        "67": 16.21747922475106,
        "68": 4.217897929510002,
        "69": 16.01411777391479,
        "70": 70.98954723555232,
        "71": 0.0,
        "72": 32.43916507866834,
        "73": 10.47864739700367,
        "74": 17.536120092697956,
        "75": 18.61574721595673,
        "76": 2.0451346552273435,
        "77": 38.079908222754284,
        "78": 2.7263194257252508,
        "79": 8.212895032614483,
        "80": 16.635929996598975,
        "81": 10.294966522303298,
        "82": 57.14561235352119,
        "83": 8.872069597213908,
        "84": 3.602437500171618,
        "85": 56.34792507250836,
        "86": 0.1545899017261263,
        "87": 21.843403325578265,
        "88": 7.6997586270754255,
        "89": 16.37604623993127,
        "90": 19.525060226700248,
        "91": 6.493289844054175,
        "92": 0.0,
        "93": 0.0,
        "94": 10.811405507148947,
        "95": 13.075038954428464,
        "96": 0.0,
        "97": 0.0,
        "98": 2.741809344436433,
        "99": 0.0,
        "100": 12.476050423900801
    },
    "total_utility": 900.7053315211166
}