{
    "0": {
        "0": 0.0
    },
    "1": {
        "5": 0.0,
        "6": 0.0,
        "9": 0.0
    },
    "2": {
        "7": 0.0
    },
    "3": {
        "2": 0.0
    },
    "4": {
        "1": 0.0
    },
    "5": {
        "4": 0.0,
        "8": 0.0
    },
    "6": {
        "3": 0.0,
        "8": 0.0
    },
    "7": {},
    "8": {},
    "9": {
        "4": 0.028812476286795487
    },
    "10": {
        "1": 0.18140324475041983
    },
    "11": {},
    "12": {},
    "13": {
        "6": 0.0750440918208587
    },
    "14": {
        "0": 0.04302994820118726
    },
    "15": {
        "5": 0.20002550093045965
    },
    "16": {
        "2": 0.0379691790941287,
        "13": 0.0
    },
    "17": {
        "1": 0.3111770237253015
    },
    "18": {
        "4": 0.18003548819850068,
        "8": 0.08706098524316,
        "12": 0.0,
        "19": 0.0
    },
    "19": {
        "14": 0.0
    },
    "20": {
        "3": 0.024415137802835794,
        "8": 0.09106790701758526,
        "17": 0.0
    },
    "21": {
        "11": 0.0
    },
    "22": {
        "22": 0.0
    },
    "23": {
        "1": 0.37132657920573453,
        "16": 0.0
    },
    "24": {
        "10": 0.0,
        "20": 0.0,
        "23": 0.0
    },
    "25": {
        "6": 0.12870682184846374,
        "9": 0.03782699301720436,
        "15": 0.0,
        "18": 0.0
    },
    "26": {
        "0": 0.03559543143024157,
        "22": 0.05302648188942361
    },
    "27": {
        "5": 0.2670876394228054,
        "6": 0.1326547560002055,
        "21": 0.0
    },
    "28": {
        "2": 0.054608983825138784,
        "13": 0.22861109324122406
    },
    "29": {
        "1": 0.3132594970825037
    },
    "30": {
        "4": 0.23227192847981187,
        "8": 0.07083169976041333,
        "12": 0.06840479099208052,
        "20": 0.2286636921491334
    },
    "31": {
        "3": 0.05906276381879258,
        "17": 0.02493228969998653
    },
    "32": {
        "24": 0.0
    },
    "33": {
        "1": 0.2799351040400858,
        "16": 0.21962524785399978
    },
    "34": {
        "10": 0.07402177345946728,
        "23": 0.1763604668672073
    },
    "35": {
        "6": 0.102240893062319,
        "9": 0.13801308819591335,
        "15": 0.0,
        "18": 0.0
    },
    "36": {
        "22": 0.091619973591729
    },
    "37": {
        "0": 0.04405758989893432
    },
    "38": {
        "6": 0.09076542664330604,
        "9": 0.10178214091340497
    },
    "39": {
        "2": 0.08872881147918008,
        "13": 0.3212442622728146,
        "17": 0.0035343915343915345
    },
    "40": {
        "4": 0.2826566147454965,
        "8": 0.05903909037158974,
        "12": 0.19538761255886616,
        "20": 0.3594768448476961
    },
    "41": {
        "17": 0.00991963221963222
    },
    "42": {
        "24": 0.04825998466151759
    },
    "43": {
        "12": 0.21985208526762834
    },
    "44": {
        "1": 0.33379588506092134,
        "16": 0.30370481803778787,
        "25": 0.0
    },
    "45": {
        "26": 0.0
    },
    "46": {
        "10": 0.05512330573808852,
        "23": 0.1430948099583925
    },
    "47": {
        "6": 0.08608323611976378,
        "15": 0.017918146746651757,
        "18": 0.1780599497306904,
        "21": 0.23985720930965462
    },
    "48": {
        "21": 0.28454195281630473
    },
    "49": {
        "13": 0.3352851037883528,
        "17": 0.015267256332432226
    },
    "50": {
        "4": 0.3065520562959271,
        "8": 0.10545876283371575,
        "12": 0.2706664780061479,
        "20": 0.2950824477838854,
        "30": 0.0
    },
    "51": {
        "14": 0.0581581940957461
    },
    "52": {
        "8": 0.1755373601020252,
        "17": 0.000625
    },
    "53": {
        "31": 0.0
    },
    "54": {
        "12": 0.29578946389161404,
        "27": 0.0
    },
    "55": {
        "26": 0.03031716877568703
    },
    "56": {
        "6": 0.09754569041748583,
        "29": 0.0
    },
    "57": {
        "6": 0.12663568118517074,
        "9": 0.10576379496239556,
        "18": 0.1909282749940459
    },
    "58": {
        "28": 0.0
    },
    "59": {
        "6": 0.10615395663207383,
        "21": 0.22852770458107266
    },
    "60": {
        "2": 0.07719375636270397,
        "13": 0.3863466225179819
    },
    "61": {
        "10": 0.027179282313268983,
        "12": 0.2644231408009983,
        "20": 0.3777463089140263,
        "30": 0.23491533320993083
    },
    "62": {
        "14": 0.15364498233990698
    },
    "63": {
        "17": 0.0043859649122807015
    },
    "64": {
        "31": 0.16644472691494724
    },
    "65": {
        "12": 0.27025583551251753
    },
    "66": {
        "16": 0.25935257606873413
    },
    "67": {
        "29": 0.1256009853692525
    },
    "68": {
        "6": 0.09001609840636465,
        "9": 0.15209589309890986,
        "18": 0.15137616583701713
    },
    "69": {
        "33": 0.0
    },
    "70": {
        "32": 0.0
    },
    "71": {
        "6": 0.12975102469405717,
        "9": 0.1737260378235159
    },
    "72": {
        "13": 0.37846877933674317,
        "17": 0
    },
    "73": {
        "10": 0.012372940134602495,
        "20": 0.3149775773861472,
        "30": 0.38576298839753564
    },
    "74": {
        "14": 0.17166065558435772
    },
    "75": {
        "31": 0.372512068290369
    },
    "76": {
        "12": 0.22792881686529795,
        "27": 0.0
    },
    "77": {
        "1": 0.28393924482606386
    },
    "78": {
        "26": 0.07604567872575774
    },
    "79": {
        "6": 0.10156071209078099,
        "21": 0.24918123776984977,
        "29": 0.2133180252768362
    },
    "80": {
        "18": 0.14023372766617026,
        "21": 0.20542832528793276
    },
    "81": {
        "28": 0.3521491532589734,
        "33": 0.43299581001761417
    },
    "82": {
        "21": 0.24589490902921476
    },
    "83": {
        "13": 0.3566840082410363,
        "17": 0
    },
    "84": {
        "8": 0.2086400491425923,
        "30": 0.33742820123518463
    },
    "85": {
        "0": 0,
        "14": 0.1582172031294298
    },
    "86": {
        "19": 0.6039651950842317
    },
    "87": {
        "15": 0.032279700212007066,
        "31": 0.34554274642361293
    },
    "88": {
        "28": 0.4381737233337556
    },
    "89": {
        "12": 0.22777565185996063,
        "27": 0.0
    },
    "90": {
        "26": 0.06574341543214599
    },
    "91": {
        "6": 0.12484346219873765,
        "21": 0.22927684475950336,
        "29": 0.24278803050554273
    },
    "92": {
        "6": 0.08174136430854897,
        "9": 0.1567960854030758,
        "18": 0.16707979529602046,
        "34": 0.0
    },
    "93": {
        "33": 0.5181385444762882
    },
    "94": {
        "21": 0.2137650333140491
    },
    "95": {
        "13": 0.25074968826388355,
        "17": 0
    },
    "96": {
        "3": 0.04538631166087472,
        "10": 0.022122005835249984,
        "30": 0.34293835626325886
    },
    "97": {
        "0": 0,
        "14": 0.20872105880073338
    },
    "98": {
        "19": 0.5842327884511334
    },
    "99": {
        "31": 0.40481631197086765
    }
}