{
    "1": 0.0,
    "2": 0.0,
    "3": 0.0,
    "4": 0.0,
    "5": 0.0,
    "6": 0.0,
    "7": 0.0,
    "8": 0.0,
    "9": 0.0,
    "10": 2.8812476286795476,
    "11": 21.021572103721525,
    "12": 21.021572103721525,
    "13": 21.021572103721525,
    "14": 28.52598128580738,
    "15": 32.82897610592612,
    "16": 52.83152619897211,
    "17": 56.62844410838499,
    "18": 87.74614648091512,
    "19": 114.45579382508123,
    "20": 114.45579382508123,
    "21": 126.00409830712336,
    "22": 126.00409830712336,
    "23": 126.00409830712336,
    "24": 163.1367562276967,
    "25": 163.1367562276967,
    "26": 179.7901377142636,
    "27": 188.65232904623008,
    "28": 228.62656858853106,
    "29": 256.9485762951674,
    "30": 288.27452600341746,
    "31": 348.29173714156144,
    "32": 356.69124249343935,
    "33": 356.69124249343935,
    "34": 406.647277682848,
    "35": 431.68550171551533,
    "36": 455.7108998413386,
    "37": 464.87289720051155,
    "38": 469.1024258308092,
    "39": 488.3571825864802,
    "40": 529.7079291151188,
    "41": 619.3639453674834,
    "42": 620.3559085894468,
    "43": 625.1819070555989,
    "44": 647.1671155823617,
    "45": 710.9171858922316,
    "46": 710.9171858922316,
    "47": 730.7389974618803,
    "48": 782.9308516525562,
    "49": 811.3850469341871,
    "50": 846.4402829462655,
    "51": 944.2162574382342,
    "52": 950.0320768478089,
    "53": 967.6483128580116,
    "54": 967.6483128580116,
    "55": 997.2272592471727,
    "56": 1000.2589761247415,
    "57": 1010.0135451664903,
    "58": 1052.3463202806502,
    "59": 1052.3463202806502,
    "60": 1085.8144864019646,
    "61": 1132.1685242900314,
    "62": 1222.5949308138534,
    "63": 1237.959429047843,
    "64": 1238.0646922057379,
    "65": 1254.7091648972334,
    "66": 1281.7347484484858,
    "67": 1307.6700060553592,
    "68": 1320.2301045922854,
    "69": 1359.5789203265165,
    "70": 1359.5789203265165,
    "71": 1359.5789203265165,
    "72": 1389.9266265782744,
    "73": 1427.7735045119487,
    "74": 1499.0848551037775,
    "75": 1516.2509206622128,
    "76": 1553.5021274912501,
    "77": 1576.2950091777795,
    "78": 1604.6889336603879,
    "79": 1612.2935015329638,
    "80": 1668.6994990467088,
    "81": 1703.2657043421189,
    "82": 1781.7802006697773,
    "83": 1806.3696915727,
    "84": 1842.0380923968028,
    "85": 1896.6449174345798,
    "86": 1912.4666377475228,
    "87": 1972.863157255946,
    "88": 2010.6454019195062,
    "89": 2054.462774252883,
    "90": 2077.2403394388784,
    "91": 2083.8146809820914,
    "92": 2143.5055147284747,
    "93": 2184.067239229237,
    "94": 2235.881093676865,
    "95": 2257.2575970082717,
    "96": 2282.332565834661,
    "97": 2323.377233210598,
    "98": 2344.249339090673,
    "99": 2402.672617935787,
    "100": 2443.1542491328732
}