{
    "time_step_utility_dict": {
        "1": 0.0,
        "2": 0.0,
        "3": 0.0,
        "4": 0.0,
        "5": 0.0,
        "6": 0.0,
        "7": 0.0,
        "8": 0.0,
        "9": 0.0,
        "10": 2.8812476286795476,
        "11": 18.14032447504198,
        "12": 0.0,
        "13": 0.0,
        "14": 7.504409182085855,
        "15": 4.302994820118741,
        "16": 20.00255009304599,
        "17": 3.7969179094128833,
        "18": 31.117702372530132,
        "19": 26.709647344166115,
        "20": 0.0,
        "21": 11.548304482042127,
        "22": 0.0,
        "23": 0.0,
        "24": 37.132657920573365,
        "25": 0.0,
        "26": 16.6533814865669,
        "27": 8.862191331966471,
        "28": 39.97423954230098,
        "29": 28.322007706636327,
        "30": 31.32594970825005,
        "31": 60.01721113814398,
        "32": 8.399505351877906,
        "33": 0.0,
        "34": 49.95603518940868,
        "35": 25.0382240326673,
        "36": 24.025398125823244,
        "37": 9.161997359172972,
        "38": 4.2295286302976365,
        "39": 19.254756755670996,
        "40": 41.35074652863858,
        "41": 89.65601625236468,
        "42": 0.991963221963374,
        "43": 4.8259984661521,
        "44": 21.98520852676279,
        "45": 63.7500703098699,
        "46": 0.0,
        "47": 19.82181156964873,
        "48": 52.191854190675826,
        "49": 28.454195281630973,
        "50": 35.05523601207835,
        "51": 97.77597449196867,
        "52": 5.815819409574715,
        "53": 17.616236010202783,
        "54": 0.0,
        "55": 29.578946389161047,
        "56": 3.0317168775687833,
        "57": 9.754569041748823,
        "58": 42.33277511415986,
        "59": 0.0,
        "60": 33.468166121314425,
        "61": 46.35403788806684,
        "62": 90.42640652382192,
        "63": 15.364498233989707,
        "64": 0.10526315789479668,
        "65": 16.644472691495594,
        "66": 27.02558355125234,
        "67": 25.935257606873392,
        "68": 12.560098536926262,
        "69": 39.34881573423104,
        "70": 0.0,
        "71": 0.0,
        "72": 30.347706251757927,
        "73": 37.84687793367425,
        "74": 71.31135059182884,
        "75": 17.16606555843532,
        "76": 37.2512068290373,
        "77": 22.792881686529427,
        "78": 28.393924482608327,
        "79": 7.604567872575899,
        "80": 56.40599751374498,
        "81": 34.5662052954101,
        "82": 78.51449632765843,
        "83": 24.589490902922762,
        "84": 35.66840082410272,
        "85": 54.60682503777707,
        "86": 15.821720312942944,
        "87": 60.396519508423125,
        "88": 37.78224466356028,
        "89": 43.817372333376625,
        "90": 22.777565185995627,
        "91": 6.574341543212995,
        "92": 59.690833746383305,
        "93": 40.561724500762466,
        "94": 51.81385444762782,
        "95": 21.37650333140664,
        "96": 25.074968826389522,
        "97": 41.044667375937024,
        "98": 20.87210588007474,
        "99": 58.423278845114055,
        "100": 40.481631197086244
    },
    "total_utility": 2443.1542491328732
}