{
    "0": {
        "0": 0.0
    },
    "1": {
        "4": 0.0,
        "5": 0.0,
        "8": 0.0
    },
    "2": {
        "6": 0.0
    },
    "3": {
        "2": 0.0
    },
    "4": {
        "1": 0.0
    },
    "5": {
        "3": 0.0,
        "7": 0.0
    },
    "6": {
        "7": 0.0
    },
    "7": {},
    "8": {},
    "9": {
        "3": 0.039793804247149914
    },
    "10": {
        "1": 0.20117316302797242
    },
    "11": {},
    "12": {},
    "13": {
        "5": 0.13263794505860654
    },
    "14": {
        "0": 0.06532923133151838
    },
    "15": {
        "4": 0.32559916617032897
    },
    "16": {
        "2": 0.18386687547373726,
        "10": 0.0
    },
    "17": {
        "1": 0.3319859576989315
    },
    "18": {
        "3": 0.2597094397224974,
        "7": 0.14836331542756429,
        "9": 0.0,
        "14": 0.0
    },
    "19": {
        "12": 0.0
    },
    "20": {
        "7": 0.14085263444975152,
        "11": 0.0,
        "13": 0.0
    },
    "21": {},
    "22": {},
    "23": {
        "1": 0.3505994605033614
    },
    "24": {},
    "25": {
        "5": 0.2171214260896606,
        "8": 0.061563455491061896
    },
    "26": {
        "0": 0.036903230410736426
    },
    "27": {
        "4": 0.3894309626392989,
        "5": 0.20426084644946033
    },
    "28": {
        "2": 0.21483795097772995,
        "10": 0.4371877177320396
    },
    "29": {
        "1": 0.3036254356900747
    },
    "30": {
        "3": 0.2939320407679267,
        "7": 0.10599089495763192,
        "9": 0.05784890816619582,
        "20": 0.0
    },
    "31": {
        "11": 0.02239079001972647,
        "13": 0.01984008529617493
    },
    "32": {
        "18": 0.0
    },
    "33": {
        "1": 0.24255520911193332,
        "17": 0.0
    },
    "34": {
        "15": 0.0,
        "22": 0.0
    },
    "35": {
        "5": 0.195966991150222,
        "8": 0.15915458247074726,
        "16": 0.0,
        "19": 0.0
    },
    "36": {
        "21": 0.0
    },
    "37": {
        "0": 0.05560336016233697
    },
    "38": {
        "5": 0.15478571740689445,
        "8": 0.1474912677076533
    },
    "39": {
        "2": 0.2330905420290045,
        "10": 0.4540109552184978,
        "13": 0.07410249749246652
    },
    "40": {
        "3": 0.2477482923719819,
        "7": 0.08967508041483799,
        "9": 0.28437445885157436,
        "20": 0.3613695383143345
    },
    "41": {
        "13": 0.05278709261164371
    },
    "42": {
        "18": 0.025974407906613654
    },
    "43": {
        "9": 0.3512500570207303
    },
    "44": {
        "1": 0.2795574378538953,
        "17": 0.21256938915411275,
        "23": 0.0
    },
    "45": {
        "24": 0.0
    },
    "46": {
        "15": 0.07698780374718321,
        "22": 0.0
    },
    "47": {
        "5": 0.17430520159270796,
        "16": 0.0,
        "19": 0.17590367680171298,
        "25": 0.0
    },
    "48": {
        "25": 0.0
    },
    "49": {
        "10": 0.4224447822464619,
        "13": 0.12126503068868187
    },
    "50": {
        "3": 0.26107992640581784,
        "7": 0.14349389410547045,
        "9": 0.32404714093900266,
        "20": 0.3661640479863705,
        "29": 0.0
    },
    "51": {
        "12": 0.042995473789541216
    },
    "52": {
        "7": 0.2091335035788643,
        "13": 0.10326206608362916
    },
    "53": {
        "30": 0.0
    },
    "54": {
        "9": 0.3934377290544341,
        "26": 0.0
    },
    "55": {
        "24": 0.060467788562226524
    },
    "56": {
        "5": 0.1610846337220122,
        "28": 0.0
    },
    "57": {
        "5": 0.16656018314367035,
        "8": 0.11333782300545452,
        "19": 0.17626440345695596
    },
    "58": {
        "27": 0.0
    },
    "59": {
        "5": 0.16829408712522947,
        "25": 0.11149570418153729
    },
    "60": {
        "2": 0.22389549278619988,
        "10": 0.4607766568349425
    },
    "61": {
        "9": 0.3715533144687506,
        "15": 0.07106465167520358,
        "20": 0.18281426114200883,
        "29": 0.18762873727523954
    },
    "62": {
        "12": 0.05207048323381433
    },
    "63": {
        "13": 0.16371054142897068
    },
    "64": {
        "30": 0.23052435110728464
    },
    "65": {
        "9": 0.35484799000857437
    },
    "66": {
        "17": 0.21041479090802093
    },
    "67": {
        "28": 0.14904238633816452
    },
    "68": {
        "5": 0.14544759872468072,
        "8": 0.1547268079437959,
        "19": 0.19189792660448635
    },
    "69": {
        "32": 0.0
    },
    "70": {
        "31": 0.0
    },
    "71": {
        "5": 0.19331076250778362,
        "8": 0.18346389817972475
    },
    "72": {
        "10": 0.4630472492470668,
        "13": 0
    },
    "73": {
        "15": 0.07480735610600497,
        "20": 0.2348413483065929,
        "29": 0.3925741488254369
    },
    "74": {
        "12": 0.10596886806825456
    },
    "75": {
        "30": 0.45084167435545325
    },
    "76": {
        "9": 0.34195657200851365,
        "26": 0.0
    },
    "77": {
        "1": 0.2840984021489367
    },
    "78": {
        "24": 0.13958540739900868
    },
    "79": {
        "5": 0.16576640039795623,
        "25": 0.17107939924290236,
        "28": 0.3383193160960144
    },
    "80": {
        "19": 0.2208269747882287,
        "25": 0.1736239140109479
    },
    "81": {
        "27": 0.38410231675426104,
        "32": 0.4776584937537532
    },
    "82": {
        "25": 0.1737945084856274
    },
    "83": {
        "10": 0.4046745101994966,
        "13": 0
    },
    "84": {
        "7": 0.2369263625325384,
        "29": 0.35487029386810165
    },
    "85": {
        "0": 0,
        "12": 0.08608484220315614
    },
    "86": {
        "14": 0.5842454431323209
    },
    "87": {
        "16": 0.016506591849533035,
        "30": 0.37630612303069855
    },
    "88": {
        "27": 0.3812330826287952
    },
    "89": {
        "9": 0.328235362675281,
        "26": 0.0
    },
    "90": {
        "24": 0.15736035269204207
    },
    "91": {
        "5": 0.1652647047368325,
        "25": 0.17172459313064498,
        "28": 0.28677383416768043
    },
    "92": {
        "5": 0.1558111208553661,
        "8": 0.18401506130638817,
        "19": 0.18925143508311987,
        "33": 0.0
    },
    "93": {
        "32": 0.45747352541301134
    },
    "94": {
        "25": 0.2150901834491043
    },
    "95": {
        "10": 0.2902886506866424,
        "13": 0
    },
    "96": {
        "11": 0.06244992675337734,
        "15": 0.050088064085152054,
        "29": 0.3558018342784626
    },
    "97": {
        "0": 0,
        "12": 0.12772775500404873
    },
    "98": {
        "14": 0.6183422881979224
    },
    "99": {
        "30": 0.43999433266656207
    }
}