{
    "1": 0.0,
    "2": 0.0,
    "3": 0.0,
    "4": 0.0,
    "5": 0.0,
    "6": 0.0,
    "7": 0.0,
    "8": 0.0,
    "9": 0.0,
    "10": 3.9793804247149915,
    "11": 24.096696727512242,
    "12": 24.096696727512242,
    "13": 24.096696727512242,
    "14": 37.36049123337291,
    "15": 43.89341436652472,
    "16": 76.45333098355768,
    "17": 94.84001853093142,
    "18": 128.03861430082446,
    "19": 168.84588981583076,
    "20": 168.84588981583076,
    "21": 182.9311532608059,
    "22": 182.9311532608059,
    "23": 182.9311532608059,
    "24": 217.99109931114185,
    "25": 217.99109931114185,
    "26": 245.859587469214,
    "27": 249.54991051028762,
    "28": 308.91909141916386,
    "29": 374.1216582901409,
    "30": 404.4842018591483,
    "31": 450.2613862483242,
    "32": 454.4844737799143,
    "33": 454.4844737799143,
    "34": 478.73999469110737,
    "35": 478.73999469110737,
    "36": 514.2521520532043,
    "37": 514.2521520532043,
    "38": 519.5900746287887,
    "39": 549.8177731402434,
    "40": 625.9381726142398,
    "41": 724.2549096095115,
    "42": 729.5336188706758,
    "43": 732.1310596613371,
    "44": 767.2560653634104,
    "45": 816.4687480642099,
    "46": 816.4687480642099,
    "47": 824.1675284389283,
    "48": 859.1884162783704,
    "49": 859.1884162783704,
    "50": 913.559397571884,
    "51": 1023.0378985155511,
    "52": 1027.3374458945057,
    "53": 1058.577002860754,
    "54": 1058.577002860754,
    "55": 1097.9207757661968,
    "56": 1103.9675546224194,
    "57": 1120.0760179946212,
    "58": 1165.692258955231,
    "59": 1165.692258955231,
    "60": 1193.671238085908,
    "61": 1262.138453048023,
    "62": 1343.4445495041437,
    "63": 1348.6515978275254,
    "64": 1352.5806508218207,
    "65": 1375.6330859325487,
    "66": 1411.1178849334071,
    "67": 1432.1593640242088,
    "68": 1447.0636026580248,
    "69": 1496.2708359853204,
    "70": 1496.2708359853204,
    "71": 1496.2708359853204,
    "72": 1533.948302054072,
    "73": 1580.2530269787783,
    "74": 1650.4753123025807,
    "75": 1661.0721991094067,
    "76": 1706.1563665449514,
    "77": 1740.3520237458022,
    "78": 1768.7618639606958,
    "79": 1782.7204047005966,
    "80": 1850.2369162742832,
    "81": 1889.6820051542004,
    "82": 1975.8580862050028,
    "83": 1993.2375370535656,
    "84": 2033.704988073514,
    "85": 2092.884653713575,
    "86": 2101.4931379338896,
    "87": 2159.9176822471213,
    "88": 2199.198953735144,
    "89": 2237.322261998023,
    "90": 2270.14579826555,
    "91": 2285.881833534753,
    "92": 2348.2581467382693,
    "93": 2401.1659084627563,
    "94": 2446.913261004061,
    "95": 2468.4222793489685,
    "96": 2497.451144417634,
    "97": 2544.285126929336,
    "98": 2557.0579024297413,
    "99": 2618.8921312495345,
    "100": 2662.8915645161906
}