{
    "time_step_utility_dict": {
        "1": 0.0,
        "2": 0.0,
        "3": 0.0,
        "4": 0.0,
        "5": 0.0,
        "6": 0.0,
        "7": 0.0,
        "8": 0.0,
        "9": 0.0,
        "10": 3.9793804247149915,
        "11": 20.11731630279725,
        "12": 0.0,
        "13": 0.0,
        "14": 13.26379450586067,
        "15": 6.532923133151812,
        "16": 32.559916617032954,
        "17": 18.38668754737374,
        "18": 33.198595769893046,
        "19": 40.807275515006296,
        "20": 0.0,
        "21": 14.08526344497514,
        "22": 0.0,
        "23": 0.0,
        "24": 35.05994605033595,
        "25": 0.0,
        "26": 27.868488158072154,
        "27": 3.6903230410736114,
        "28": 59.369180908876245,
        "29": 65.20256687097702,
        "30": 30.362543569007414,
        "31": 45.777184389175886,
        "32": 4.223087531590124,
        "33": 0.0,
        "34": 24.25552091119306,
        "35": 0.0,
        "36": 35.51215736209696,
        "37": 0.0,
        "38": 5.337922575584344,
        "39": 30.22769851145472,
        "40": 76.12039947399637,
        "41": 98.31673699527175,
        "42": 5.278709261164295,
        "43": 2.597440790661267,
        "44": 35.12500570207328,
        "45": 49.21268270079952,
        "46": 0.0,
        "47": 7.698780374718467,
        "48": 35.020887839442025,
        "49": 0.0,
        "50": 54.37098129351364,
        "51": 109.47850094366709,
        "52": 4.299547378954571,
        "53": 31.2395569662483,
        "54": 0.0,
        "55": 39.34377290544285,
        "56": 6.046778856222545,
        "57": 16.108463372201868,
        "58": 45.61624096060973,
        "59": 0.0,
        "60": 27.97897913067709,
        "61": 68.4672149621149,
        "62": 81.30609645612071,
        "63": 5.207048323381741,
        "64": 3.9290529942952617,
        "65": 23.052435110728084,
        "66": 35.4847990008584,
        "67": 21.04147909080166,
        "68": 14.904238633816021,
        "69": 49.207233327295626,
        "70": 0.0,
        "71": 0.0,
        "72": 37.67746606875153,
        "73": 46.304724924706306,
        "74": 70.22228532380245,
        "75": 10.596886806825978,
        "76": 45.084167435544714,
        "77": 34.19565720085075,
        "78": 28.40984021489362,
        "79": 13.958540739900855,
        "80": 67.51651157368656,
        "81": 39.44508887991719,
        "82": 86.1760810508024,
        "83": 17.379450848562783,
        "84": 40.467451019948385,
        "85": 59.1796656400611,
        "86": 8.608484220314494,
        "87": 58.42454431323176,
        "88": 39.28127148802287,
        "89": 38.12330826287871,
        "90": 32.82353626752729,
        "91": 15.736035269202603,
        "92": 62.376313203516474,
        "93": 52.907761724487045,
        "94": 45.747352541304735,
        "95": 21.509018344907417,
        "96": 29.02886506866571,
        "97": 46.833982511701834,
        "98": 12.77277550040526,
        "99": 61.834228819793225,
        "100": 43.99943326665607
    },
    "total_utility": 2662.8915645161906
}