{
    "0": {
        "0": 0.0,
        "1": 0.0,
        "2": 0.0,
        "3": 0.0,
        "5": 0.0,
        "6": 0.0
    },
    "1": {
        "7": 0.0
    },
    "2": {
        "4": 0.0
    },
    "3": {
        "8": 0.0
    },
    "4": {},
    "5": {
        "8": 0.10120976817072636
    },
    "6": {
        "10": 0.0
    },
    "7": {
        "11": 0.0
    },
    "8": {
        "9": 0.0,
        "13": 0.0,
        "14": 0.0
    },
    "9": {
        "4": 0.0,
        "10": 0.0,
        "11": 0.0,
        "12": 0.0,
        "15": 0.0,
        "16": 0.0,
        "17": 0.0,
        "18": 0.0,
        "19": 0.0
    },
    "10": {
        "21": 0.0
    },
    "11": {
        "31": 0.0
    },
    "12": {
        "24": 0.0
    },
    "13": {
        "20": 0.0,
        "25": 0.0
    },
    "14": {
        "3": 0.038687302750736265,
        "26": 0.0,
        "29": 0.0
    },
    "15": {
        "1": 0.0,
        "2": 0.0,
        "3": 0.02971276138529921,
        "5": 0.027152288319367637,
        "6": 0.0,
        "20": 0.0,
        "22": 0.0,
        "23": 0.0,
        "27": 0.0,
        "28": 0.0,
        "29": 0.0,
        "30": 0.0
    },
    "16": {
        "4": 0.18139905120152197
    },
    "17": {
        "8": 0.11409431925035404,
        "32": 0.0,
        "37": 0.0
    },
    "18": {
        "5": 0.04693537033854379,
        "36": 0.0
    },
    "19": {
        "18": 0.0
    },
    "20": {
        "22": 0.0,
        "33": 0.0,
        "34": 0.0,
        "35": 0.0,
        "36": 0.0,
        "37": 0.0
    },
    "21": {
        "11": 0.015794628720726,
        "33": 0.0
    },
    "22": {
        "14": 0.022976052193555675,
        "21": 0.0,
        "30": 0.15113247246379827,
        "38": 0.0
    },
    "23": {
        "4": 0.21871467156180383,
        "7": 0.0,
        "11": 0.01628129615704673,
        "16": 0.0,
        "25": 0.0,
        "39": 0.0
    },
    "24": {
        "43": 0.0
    },
    "25": {
        "24": 0.0,
        "42": 0.0
    },
    "26": {
        "1": 0.0,
        "3": 0.04582310844981831,
        "9": 0.0,
        "14": 0.0653535028152131,
        "28": 0.0,
        "29": 0.0,
        "30": 0.20674178789150946,
        "40": 0.0,
        "41": 0.0,
        "44": 0.0,
        "45": 0.0
    },
    "27": {
        "45": 0.0
    },
    "28": {
        "47": 0.0
    },
    "29": {
        "32": 0.0,
        "37": 0.0,
        "48": 0.0
    },
    "30": {
        "5": 0.013895773630284172,
        "6": 0.0
    },
    "31": {
        "41": 0.0
    },
    "32": {
        "32": 0.0,
        "33": 0.15267907393088617,
        "36": 0.0,
        "46": 0.0,
        "47": 0.0,
        "48": 0.0,
        "49": 0.0
    },
    "33": {
        "7": 0.10472533831058478,
        "50": 0.0
    },
    "34": {
        "34": 0.0,
        "46": 0.0
    },
    "35": {
        "27": 0.0,
        "49": 0.0
    },
    "36": {
        "33": 0.15015421493441672,
        "35": 0.0,
        "44": 0.04579938129544823
    },
    "37": {
        "7": 0.10469229482092833,
        "8": 0.11405451035187854,
        "16": 0.0,
        "21": 0.0,
        "25": 0.0,
        "30": 0.19956748261705262,
        "39": 0.0,
        "43": 0.29679961724914294,
        "51": 0.0
    },
    "38": {
        "43": 0.29959560820893905
    },
    "39": {
        "15": 0.0
    },
    "40": {
        "42": 0.0
    },
    "41": {
        "17": 0.0
    },
    "42": {
        "1": 0.0,
        "2": 0.0,
        "12": 0.0,
        "40": 0.18274891500469567
    },
    "43": {
        "12": 0.0,
        "17": 0.0,
        "31": 0.0,
        "40": 0.21187234714573402,
        "42": 0.0,
        "44": 0.04545197872500037,
        "45": 0.0
    },
    "44": {
        "9": 0.0,
        "28": 0.0
    },
    "45": {
        "23": 0.0,
        "45": 0.0
    },
    "46": {
        "0": 0.0
    },
    "47": {
        "6": 0.0
    },
    "48": {
        "26": 0.0,
        "41": 0.0
    },
    "49": {
        "0": 0.0,
        "1": 0.0,
        "3": 0.02227208189933627,
        "5": 0.03256758879522123,
        "20": 0.0,
        "22": 0.0,
        "24": 0.0,
        "32": 0.0,
        "47": 0.0,
        "49": 0.0,
        "50": 0.0
    },
    "50": {
        "7": 0.09369825239226076,
        "50": 0.0
    },
    "51": {
        "4": 0.25261464201953715,
        "46": 0.0
    },
    "52": {
        "27": 0.0,
        "49": 0.0,
        "51": 0.0
    },
    "53": {
        "35": 0.0,
        "44": 0.013322389484330852
    },
    "54": {
        "18": 0.0,
        "35": 0.0,
        "51": 0.0,
        "52": 0.0
    },
    "55": {
        "10": 0.04163061739309347
    },
    "56": {
        "9": 0.0,
        "13": 0.0,
        "40": 0.2485975631548528
    },
    "57": {
        "4": 0.14526680244429094,
        "10": 0.026961936901072462,
        "11": 0.03151117570344113,
        "12": 0.0,
        "13": 0.0,
        "15": 0.0,
        "17": 0.0,
        "18": 0.0,
        "19": 0.0,
        "26": 0.0,
        "42": 0.0
    },
    "58": {
        "21": 0.0
    },
    "59": {
        "23": 0.0,
        "31": 0.0
    },
    "60": {
        "24": 0.08538751192757141
    },
    "61": {
        "20": 0.0,
        "25": 0.0
    },
    "62": {
        "3": 0.015488127362257374
    },
    "63": {
        "26": 0.0,
        "29": 0.0
    },
    "64": {
        "1": 0.0,
        "2": 0.0,
        "3": 0.0075200545578990065,
        "5": 0.035043439628322196,
        "6": 0.0,
        "20": 0.0,
        "22": 0.0,
        "23": 0.0,
        "24": 0.11533005771778009,
        "27": 0.0,
        "28": 0.0,
        "30": 0.21498197375538408
    },
    "65": {
        "4": 0.13145760223136707
    },
    "66": {
        "8": 0.09750374950647915,
        "32": 0,
        "37": 0.0
    },
    "67": {
        "5": 0.022917881505565,
        "36": 0.0
    },
    "68": {
        "18": 0.1793217947998031
    },
    "69": {
        "22": 0.0,
        "33": 0.24165280807222142,
        "34": 0.0,
        "35": 0.0,
        "36": 0.0,
        "37": 0.0,
        "38": 0.2882143147906335
    },
    "70": {
        "11": 0.022878641078887537,
        "33": 0.20460059122542365
    },
    "71": {
        "14": 0.03354318090246063,
        "21": 0.0,
        "30": 0.20588907280997096,
        "38": 0.27201184323223226
    },
    "72": {
        "4": 0.17260701361488284,
        "7": 0.0887936583616182,
        "11": 0.016783677502849897,
        "16": 0.0,
        "18": 0.13319235391440942,
        "26": 0.0,
        "39": 0.0
    },
    "73": {
        "43": 0.19201799192590613
    },
    "74": {
        "24": 0.10865038737166471,
        "42": 0.0
    },
    "75": {
        "1": 0.0,
        "3": 0.011022143112283089,
        "29": 0.0
    },
    "76": {
        "2": 0.0,
        "9": 0.0,
        "14": 0.03735226643695299,
        "23": 0.0,
        "27": 0.0,
        "28": 0.0,
        "29": 0.0,
        "30": 0.21609532535501116,
        "40": 0.24301835810629913,
        "41": 0.0,
        "45": 0.0
    },
    "77": {
        "47": 0.0
    },
    "78": {
        "32": 0,
        "37": 0.0
    },
    "79": {
        "5": 0.018750305732052813,
        "6": 0.0,
        "36": 0.0
    },
    "80": {
        "41": 0.0
    },
    "81": {
        "22": 0.0,
        "33": 0.27024210688230277,
        "36": 0.0,
        "37": 0.0,
        "46": 0.0,
        "48": 0.23834981582024495,
        "49": 0.0
    },
    "82": {
        "7": 0.10203237496944509,
        "50": 0.0
    },
    "83": {
        "34": 0.0
    },
    "84": {
        "27": 0.0,
        "49": 0.0
    },
    "85": {
        "33": 0.2101075547200903,
        "35": 0.007502070678175686,
        "44": 0.12676685018914266
    },
    "86": {
        "16": 0.0,
        "30": 0.18458285730180887,
        "39": 0.0,
        "43": 0.23421539743457365,
        "52": 0.008638428589141788
    },
    "87": {
        "7": 0.07200996185563067,
        "8": 0.11268939755576148,
        "25": 0.0,
        "39": 0.0,
        "51": 0.0
    },