{
    "1": 0.0,
    "2": 0.0,
    "3": 0.0,
    "4": 0.0,
    "5": 0.0,
    "6": 10.12097681707263,
    "7": 10.12097681707263,
    "8": 10.12097681707263,
    "9": 10.12097681707263,
    "10": 10.12097681707263,
    "11": 10.12097681707263,
    "12": 10.12097681707263,
    "13": 10.12097681707263,
    "14": 10.12097681707263,
    "15": 13.989707092146258,
    "16": 19.67621206261294,
    "17": 37.81611718276514,
    "18": 49.22554910780052,
    "19": 53.9190861416549,
    "20": 53.9190861416549,
    "21": 53.9190861416549,
    "22": 55.49854901372751,
    "23": 72.90940147946291,
    "24": 96.40899825134802,
    "25": 96.40899825134802,
    "26": 96.40899825134802,
    "27": 128.20083816700222,
    "28": 128.20083816700222,
    "29": 128.20083816700222,
    "30": 128.20083816700222,
    "31": 129.59041553003067,
    "32": 129.59041553003067,
    "33": 144.85832292311918,
    "34": 155.3308567541776,
    "35": 155.3308567541776,
    "36": 155.3308567541776,
    "37": 174.92621637716397,
    "38": 246.43760688106383,
    "39": 276.3971677019574,
    "40": 276.3971677019574,
    "41": 276.3971677019574,
    "42": 276.3971677019574,
    "43": 294.6720592024269,
    "44": 320.4044917895008,
    "45": 320.4044917895008,
    "46": 320.4044917895008,
    "47": 320.4044917895008,
    "48": 320.4044917895008,
    "49": 320.4044917895008,
    "50": 325.8884588589563,
    "51": 335.2582840981825,
    "52": 360.5197483001362,
    "53": 360.5197483001362,
    "54": 361.8519872485693,
    "55": 361.8519872485693,
    "56": 366.0150489878787,
    "57": 390.874805303364,
    "58": 411.2487968082446,
    "59": 411.2487968082446,
    "60": 411.2487968082446,
    "61": 419.7875480010018,
    "62": 419.7875480010018,
    "63": 421.3363607372276,
    "64": 421.3363607372276,
    "65": 458.623913303166,
    "66": 471.7696735263028,
    "67": 481.5200484769509,
    "68": 483.8118366275073,
    "69": 501.74401610748794,
    "70": 554.7307283937735,
    "71": 577.4786516242044,
    "72": 628.6230613186708,
    "73": 669.760731658047,
    "74": 688.9625308506381,
    "75": 699.8275695878049,
    "76": 700.9297838990332,
    "77": 750.5763788888596,
    "78": 750.5763788888596,
    "79": 750.5763788888596,
    "80": 752.451409462065,
    "81": 752.451409462065,
    "82": 803.3106017323194,
    "83": 813.5138392292642,
    "84": 813.5138392292642,
    "85": 813.5138392292642,
    "86": 847.9514867880052,
    "87": 890.6951551205578,
    "88": 909.1650910616968,
    "89": 927.5252106164293,
    "90": 927.5252106164293,
    "91": 927.5252106164293,
    "92": 927.5252106164293,
    "93": 950.28950793387,
    "94": 995.6643519809966,
    "95": 995.6643519809966,
    "96": 995.6643519809966,
    "97": 995.6643519809966,
    "98": 995.6643519809966,
    "99": 995.6643519809966,
    "100": 995.6643519809966
}