{
    "time_step_utility_dict": {
        "1": 0.0,
        "2": 0.0,
        "3": 0.0,
        "4": 0.0,
        "5": 0.0,
        "6": 10.12097681707263,
        "7": 0.0,
        "8": 0.0,
        "9": 0.0,
        "10": 0.0,
        "11": 0.0,
        "12": 0.0,
        "13": 0.0,
        "14": 0.0,
        "15": 3.868730275073627,
        "16": 5.686504970466682,
        "17": 18.1399051201522,
        "18": 11.409431925035378,
        "19": 4.693537033854383,
        "20": 0.0,
        "21": 0.0,
        "22": 1.579462872072611,
        "23": 17.410852465735402,
        "24": 23.49959677188511,
        "25": 0.0,
        "26": 0.0,
        "27": 31.791839915654194,
        "28": 0.0,
        "29": 0.0,
        "30": 0.0,
        "31": 1.389577363028451,
        "32": 0.0,
        "33": 15.267907393088507,
        "34": 10.472533831058428,
        "35": 0.0,
        "36": 0.0,
        "37": 19.595359622986365,
        "38": 71.51139050389986,
        "39": 29.959560820893586,
        "40": 0.0,
        "41": 0.0,
        "42": 0.0,
        "43": 18.274891500469494,
        "44": 25.7324325870739,
        "45": 0.0,
        "46": 0.0,
        "47": 0.0,
        "48": 0.0,
        "49": 0.0,
        "50": 5.4839670694555025,
        "51": 9.369825239226202,
        "52": 25.261464201953686,
        "53": 0.0,
        "54": 1.332238948433087,
        "55": 0.0,
        "56": 4.1630617393093985,
        "57": 24.8597563154853,
        "58": 20.37399150488062,
        "59": 0.0,
        "60": 0.0,
        "61": 8.538751192757218,
        "62": 0.0,
        "63": 1.5488127362257842,
        "64": 0.0,
        "65": 37.28755256593837,
        "66": 13.145760223136847,
        "67": 9.750374950648052,
        "68": 2.2917881505564424,
        "69": 17.93217947998062,
        "70": 52.986712286285524,
        "71": 22.747923230430956,
        "72": 51.14440969446639,
        "73": 41.1376703393762,
        "74": 19.201799192591125,
        "75": 10.865038737166742,
        "76": 1.1022143112282947,
        "77": 49.64659498982644,
        "78": 0.0,
        "79": 0.0,
        "80": 1.8750305732054358,
        "81": 0.0,
        "82": 50.85919227025431,
        "83": 10.203237496944894,
        "84": 0.0,
        "85": 0.0,
        "86": 34.43764755874099,
        "87": 42.7436683325526,
        "88": 18.469935941138942,
        "89": 18.360119554732478,
        "90": 0.0,
        "91": 0.0,
        "92": 0.0,
        "93": 22.764297317440764,
        "94": 45.374844047126544,
        "95": 0.0,
        "96": 0.0,
        "97": 0.0,
        "98": 0.0,
        "99": 0.0,
        "100": 0.0
    },
    "total_utility": 995.6643519809966
}