{
    "0": {
        "0": 0.0
    },
    "1": {
        "4": 0.0,
        "5": 0.0,
        "8": 0.0
    },
    "2": {
        "6": 0.0
    },
    "3": {
        "2": 0.0
    },
    "4": {
        "1": 0.0
    },
    "5": {
        "3": 0.0,
        "7": 0.0
    },
    "6": {
        "7": 0.0
    },
    "7": {},
    "8": {},
    "9": {
        "3": 0.030895656776807078
    },
    "10": {
        "1": 0.2181155715592534
    },
    "11": {},
    "12": {},
    "13": {
        "5": 0.1053530781882046
    },
    "14": {
        "0": 0.0759790899787152
    },
    "15": {
        "4": 0.37627239359228914
    },
    "16": {
        "2": 0.09125444401080715,
        "11": 0.0
    },
    "17": {
        "1": 0.3514715282355209
    },
    "18": {
        "3": 0.23360910265811582,
        "7": 0.18169511508921005,
        "10": 0.0,
        "15": 0.0
    },
    "19": {
        "13": 0.0
    },
    "20": {
        "7": 0.1612786643051605,
        "12": 0.0,
        "14": 0.0
    },
    "21": {
        "9": 0.0
    },
    "22": {
        "16": 0.0
    },
    "23": {
        "1": 0.401000010414207
    },
    "24": {},
    "25": {
        "5": 0.1591881788323675,
        "8": 0.058931831134447075
    },
    "26": {
        "0": 0.0657801403760225,
        "16": 0.08952468544816128
    },
    "27": {
        "4": 0.4100479108669907,
        "5": 0.15865009858288548
    },
    "28": {
        "2": 0.11610590358180169,
        "11": 0.1942081503627059
    },
    "29": {
        "1": 0.3399813126162269
    },
    "30": {
        "3": 0.3090971697007432,
        "7": 0.12568668241230793,
        "10": 0.07452750688495623,
        "22": 0.0
    },
    "31": {
        "12": 0.02756478839874657,
        "14": 0.016136941512949168
    },
    "32": {
        "20": 0.0
    },
    "33": {
        "1": 0.2798524117241383,
        "19": 0.0
    },
    "34": {
        "17": 0.0,
        "23": 0.0
    },
    "35": {
        "5": 0.11984358603086594,
        "8": 0.20195579505031072,
        "18": 0.0,
        "21": 0.0
    },
    "36": {
        "16": 0.08001862335799301
    },
    "37": {
        "0": 0.074849572909875
    },
    "38": {
        "5": 0.10289268379598009,
        "8": 0.19961561502918143
    },
    "39": {
        "2": 0.15096362459432455,
        "11": 0.415466987886294,
        "14": 0.026702534753585715
    },
    "40": {
        "3": 0.25152848754545215,
        "7": 0.10528193957991026,
        "10": 0.3603925790780444,
        "22": 0.33078144512149094
    },
    "41": {
        "14": 0.03075576755717545
    },
    "42": {
        "20": 0.024205603714486497
    },
    "43": {
        "10": 0.37337687707750034
    },
    "44": {
        "1": 0.3332786439161363,
        "19": 0.0,
        "24": 0.0
    },
    "45": {
        "25": 0.0
    },
    "46": {
        "17": 0.022810111744862763,
        "23": 0.03453126283141817
    },
    "47": {
        "5": 0.09657502136981778,
        "18": 0.024162919122414597,
        "21": 0.2486980241950713,
        "26": 0.0
    },
    "48": {
        "26": 0.0
    },
    "49": {
        "11": 0.33395055994063105,
        "14": 0.05143882237753075
    },
    "50": {
        "3": 0.2936420019677378,
        "7": 0.1349953773287503,
        "10": 0.3669975855838237,
        "22": 0.3175640459754047,
        "30": 0.0
    },
    "51": {
        "13": 0.06546939383517997
    },
    "52": {
        "7": 0.22449198615543867,
        "14": 0.012085723459597504
    },
    "53": {
        "31": 0.0
    },
    "54": {
        "10": 0.392869358895993,
        "27": 0.0
    },
    "55": {
        "25": 0.05343203024261538
    },
    "56": {
        "5": 0.1359039386930939,
        "29": 0.0
    },
    "57": {
        "5": 0.16135087388018485,
        "8": 0.1931032720114368,
        "21": 0.2014564844655284
    },
    "58": {
        "28": 0.0
    },
    "59": {
        "5": 0.14293199839527093,
        "26": 0.1650550859161206
    },
    "60": {
        "2": 0.14937932938150109,
        "11": 0.39644388150325066
    },
    "61": {
        "10": 0.37287916377597285,
        "17": 0.030134253362377402,
        "22": 0.19646830420739175,
        "30": 0.16677301400647127
    },
    "62": {
        "13": 0.06908747552064608
    },
    "63": {
        "14": 0.04081518971224853
    },
    "64": {
        "31": 0.2052979721194648
    },
    "65": {
        "10": 0.37316046600949265
    },
    "66": {
        "19": 0.0
    },
    "67": {
        "29": 0.12600858733421474
    },
    "68": {
        "5": 0.11608101509545347,
        "8": 0.18833136580574092,
        "21": 0.2037690320312195
    },
    "69": {
        "33": 0.0
    },
    "70": {
        "32": 0.0
    },
    "71": {
        "5": 0.15717931085452025,
        "8": 0.22176586244574725
    },
    "72": {
        "11": 0.4089423437645555,
        "14": 0
    },
    "73": {
        "17": 0.016011511154351434,
        "22": 0.2607768345036532,
        "30": 0.3741397347419052
    },
    "74": {
        "13": 0.11480665553747206
    },
    "75": {
        "31": 0.3609960986130878
    },
    "76": {
        "10": 0.34666382334209395,
        "27": 0.0
    },
    "77": {
        "1": 0.31888689341886783
    },
    "78": {
        "25": 0.1366442748196433
    },
    "79": {
        "5": 0.14219016089395972,
        "26": 0.16731228752555907,
        "29": 0.24596560038469964
    },
    "80": {
        "21": 0.22688495291149682,
        "26": 0.16328377487099452
    },
    "81": {
        "28": 0.3250137379160588,
        "33": 0.40819297032415486
    },
    "82": {
        "26": 0.18783379708153972
    },
    "83": {
        "11": 0.36347000667072515,
        "14": 0
    },
    "84": {
        "7": 0.25262570284748326,
        "30": 0.30945642698101766
    },
    "85": {
        "0": 0,
        "13": 0.11899079130170617
    },
    "86": {
        "15": 0.4616789782595513
    },
    "87": {
        "18": 0.012809871155128806,
        "31": 0.34870508854356425
    },
    "88": {
        "28": 0.3505408078107768
    },
    "89": {
        "10": 0.3436248494141828,
        "27": 0.0
    },
    "90": {
        "25": 0.14268902056292318
    },
    "91": {
        "5": 0.14299408556511545,
        "26": 0.16613724712758166,
        "29": 0.28654987926675407
    },
    "92": {
        "5": 0.12889549092162864,
        "8": 0.1734696975821436,
        "21": 0.20186380638719734,
        "34": 0.0
    },
    "93": {
        "33": 0.49053709295318354
    },
    "94": {
        "26": 0.2084606415127576
    },
    "95": {
        "11": 0.24309556800331553,
        "14": 0
    },
    "96": {
        "12": 0.038844579244250006,
        "17": 0.004404889335681409,
        "30": 0.3001580202068809
    },
    "97": {
        "0": 0,
        "13": 0.14354299750156205
    },
    "98": {
        "15": 0.5577109062062043
    },
    "99": {
        "31": 0.3869982218125015
    }
}