{
    "1": 0.0,
    "2": 0.0,
    "3": 0.0,
    "4": 0.0,
    "5": 0.0,
    "6": 0.0,
    "7": 0.0,
    "8": 0.0,
    "9": 0.0,
    "10": 3.0895656776807083,
    "11": 24.901122833606053,
    "12": 24.901122833606053,
    "13": 24.901122833606053,
    "14": 35.43643065242652,
    "15": 43.034339650298065,
    "16": 80.66157900952695,
    "17": 89.78702341060766,
    "18": 124.93417623415972,
    "19": 166.46459800889215,
    "20": 166.46459800889215,
    "21": 182.5924644394083,
    "22": 182.5924644394083,
    "23": 182.5924644394083,
    "24": 222.692465480829,
    "25": 222.692465480829,
    "26": 244.50446647751056,
    "27": 260.0349490599289,
    "28": 316.9047500049162,
    "29": 347.9361553993673,
    "30": 381.9342866609901,
    "31": 432.86542256079076,
    "32": 437.23559555196033,
    "33": 437.23559555196033,
    "34": 465.2208367243741,
    "35": 465.2208367243741,
    "36": 497.40077483249183,
    "37": 505.40263716829116,
    "38": 512.5881961676394,
    "39": 542.8390260501557,
    "40": 602.1523407735759,
    "41": 706.9507859060662,
    "42": 710.0263626617838,
    "43": 712.4469230332323,
    "44": 749.7846107409824,
    "45": 783.1124751325966,
    "46": 783.1124751325966,
    "47": 788.8466125902248,
    "48": 825.7902090589553,
    "49": 825.7902090589553,
    "50": 864.3291472907713,
    "51": 975.6490483763437,
    "52": 982.1959877598613,
    "53": 1005.8537587213648,
    "54": 1005.8537587213648,
    "55": 1045.1406946109641,
    "56": 1050.4838976352257,
    "57": 1064.074291504536,
    "58": 1119.6653545402532,
    "59": 1119.6653545402532,
    "60": 1150.4640629713933,
    "61": 1205.0463840598704,
    "62": 1281.6718575950927,
    "63": 1288.5806051471566,
    "64": 1289.5601697002503,
    "65": 1310.0899669121982,
    "66": 1347.4060135131467,
    "67": 1347.4060135131467,
    "68": 1360.0068722465683,
    "69": 1410.8250135398093,
    "70": 1410.8250135398093,
    "71": 1410.8250135398093,
    "72": 1448.7195308698358,
    "73": 1489.6137652462915,
    "74": 1554.7065732862825,
    "75": 1566.1872388400295,
    "76": 1602.2868487013372,
    "77": 1636.9532310355462,
    "78": 1668.8419203774329,
    "79": 1682.5063478593966,
    "80": 1738.0531527398186,
    "81": 1777.0700255180668,
    "82": 1850.390696342088,
    "83": 1869.1740760502423,
    "84": 1905.5210767173137,
    "85": 1961.7292897001637,
    "86": 1973.628368830335,
    "87": 2019.7962666562898,
    "88": 2055.9477626261582,
    "89": 2091.0018434072335,
    "90": 2125.364328348652,
    "91": 2139.633230404944,
    "92": 2199.2013516008906,
    "93": 2249.624251089987,
    "94": 2298.677960385306,
    "95": 2319.5240245365812,
    "96": 2343.8335813369104,
    "97": 2378.1743302155924,
    "98": 2392.528629965748,
    "99": 2448.2997205863708,
    "100": 2486.999542767621
}