{
    "time_step_utility_dict": {
        "1": 0.0,
        "2": 0.0,
        "3": 0.0,
        "4": 0.0,
        "5": 0.0,
        "6": 0.0,
        "7": 0.0,
        "8": 0.0,
        "9": 0.0,
        "10": 3.0895656776807083,
        "11": 21.811557155925342,
        "12": 0.0,
        "13": 0.0,
        "14": 10.53530781882047,
        "15": 7.597908997871542,
        "16": 37.62723935922888,
        "17": 9.125444401080713,
        "18": 35.14715282355206,
        "19": 41.53042177473243,
        "20": 0.0,
        "21": 16.12786643051615,
        "22": 0.0,
        "23": 0.0,
        "24": 40.10000104142068,
        "25": 0.0,
        "26": 21.812000996681576,
        "27": 15.530482582418358,
        "28": 56.869800944987276,
        "29": 31.0314053944511,
        "30": 33.9981312616228,
        "31": 50.931135899800665,
        "32": 4.370172991169568,
        "33": 0.0,
        "34": 27.985241172413794,
        "35": 0.0,
        "36": 32.17993810811771,
        "37": 8.00186233579933,
        "38": 7.1855589993481885,
        "39": 30.250829882516314,
        "40": 59.31331472342026,
        "41": 104.79844513249031,
        "42": 3.0755767557175204,
        "43": 2.4205603714485733,
        "44": 37.33768770775009,
        "45": 33.327864391614185,
        "46": 0.0,
        "47": 5.734137457628208,
        "48": 36.94359646873045,
        "49": 0.0,
        "50": 38.53893823181602,
        "51": 111.31990108557238,
        "52": 6.546939383517611,
        "53": 23.657770961503502,
        "54": 0.0,
        "55": 39.28693588959936,
        "56": 5.343203024261584,
        "57": 13.590393869310219,
        "58": 55.5910630357173,
        "59": 0.0,
        "60": 30.798708431140085,
        "61": 54.5823210884771,
        "62": 76.62547353522223,
        "63": 6.9087475520639146,
        "64": 0.9795645530937236,
        "65": 20.52979721194788,
        "66": 37.31604660094854,
        "67": 0.0,
        "68": 12.600858733421546,
        "69": 50.81814129324107,
        "70": 0.0,
        "71": 0.0,
        "72": 37.894517330026474,
        "73": 40.89423437645564,
        "74": 65.09280803999104,
        "75": 11.48066555374703,
        "76": 36.09960986130773,
        "77": 34.66638233420895,
        "78": 31.888689341886675,
        "79": 13.664427481963685,
        "80": 55.54680488042209,
        "81": 39.01687277824817,
        "82": 73.32067082402114,
        "83": 18.78337970815437,
        "84": 36.34700066707137,
        "85": 56.20821298285,
        "86": 11.89907913017123,
        "87": 46.167897825954924,
        "88": 36.15149596986839,
        "89": 35.0540807810753,
        "90": 34.36248494141864,
        "91": 14.268902056291608,
        "92": 59.56812119594679,
        "93": 50.42289948909638,
        "94": 49.053709295319095,
        "95": 20.846064151275186,
        "96": 24.30955680032912,
        "97": 34.34074887868201,
        "98": 14.35429975015586,
        "99": 55.771090620622545,
        "100": 38.699822181250056
    },
    "total_utility": 2486.999542767621
}