{
    "1": 0.0,
    "2": 0.0,
    "3": 0.0,
    "4": 0.0,
    "5": 0.0,
    "6": 0.0,
    "7": 0.0,
    "8": 0.0,
    "9": 0.0,
    "10": 2.412617349758468,
    "11": 21.899174290569228,
    "12": 21.899174290569228,
    "13": 21.899174290569228,
    "14": 32.98654121728935,
    "15": 39.7386507188304,
    "16": 73.35018238017896,
    "17": 77.859601234371,
    "18": 112.89267226447963,
    "19": 152.5699587409558,
    "20": 152.5699587409558,
    "21": 168.2285211504623,
    "22": 168.2285211504623,
    "23": 168.2285211504623,
    "24": 206.70049454322276,
    "25": 206.70049454322276,
    "26": 226.00572833245246,
    "27": 238.1266559260255,
    "28": 297.48039166485313,
    "29": 333.6105211190072,
    "30": 368.2756258047556,
    "31": 417.15146840152545,
    "32": 423.2705262898016,
    "33": 423.2705262898016,
    "34": 483.8237978163227,
    "35": 483.8237978163227,
    "36": 504.21265150474477,
    "37": 514.1476872074089,
    "38": 520.4808505810181,
    "39": 535.2933014613932,
    "40": 586.231205845786,
    "41": 681.5744052724092,
    "42": 683.1750654309641,
    "43": 683.1750654309641,
    "44": 711.9169930612039,
    "45": 774.9784159554767,
    "46": 774.9784159554767,
    "47": 780.0099839147409,
    "48": 812.0551312734215,
    "49": 812.0551312734215,
    "50": 847.4202786275687,
    "51": 948.9948595317557,
    "52": 955.9981704357718,
    "53": 974.9218829107039,
    "54": 974.9218829107039,
    "55": 1005.2521395457123,
    "56": 1010.2064992470038,
    "57": 1025.2498364510313,
    "58": 1068.7335357176612,
    "59": 1068.7335357176612,
    "60": 1097.5793138281726,
    "61": 1139.1164085476878,
    "62": 1218.3562497773264,
    "63": 1225.302149647963,
    "64": 1226.769079308388,
    "65": 1245.6918807944828,
    "66": 1273.277767202953,
    "67": 1298.646436850297,
    "68": 1310.750523420339,
    "69": 1352.0836856458945,
    "70": 1352.0836856458945,
    "71": 1352.0836856458945,
    "72": 1380.501180689659,
    "73": 1416.1149595791342,
    "74": 1490.4771024783527,
    "75": 1502.2071496917722,
    "76": 1537.843682581255,
    "77": 1570.4493822565635,
    "78": 1602.620790176239,
    "79": 1616.398157319721,
    "80": 1677.7487873756997,
    "81": 1717.0952532022393,
    "82": 1797.1062167663385,
    "83": 1815.0062743893664,
    "84": 1848.301418771826,
    "85": 1896.062018006869,
    "86": 1906.811974668464,
    "87": 1950.4522372378312,
    "88": 1985.863621243004,
    "89": 2025.4279295168235,
    "90": 2062.458730903893,
    "91": 2078.01587545532,
    "92": 2146.4006818510475,
    "93": 2190.1744923626356,
    "94": 2232.4554752493755,
    "95": 2252.151023815425,
    "96": 2270.7415676948754,
    "97": 2315.9968623568757,
    "98": 2332.1573373407855,
    "99": 2390.127302968268,
    "100": 2429.0006088611685
}