{
    "0": {
        "0": 0.0
    },
    "1": {
        "5": 0.0,
        "6": 0.0,
        "9": 0.0
    },
    "2": {
        "7": 0.0
    },
    "3": {
        "2": 0.0
    },
    "4": {
        "1": 0.0
    },
    "5": {
        "4": 0.0,
        "8": 0.0
    },
    "6": {
        "3": 0.0,
        "8": 0.0
    },
    "7": {},
    "8": {},
    "9": {
        "4": 0.024126173497584676
    },
    "10": {
        "1": 0.1948655694081075
    },
    "11": {},
    "12": {},
    "13": {
        "6": 0.11087366926720131
    },
    "14": {
        "0": 0.06752109501541036
    },
    "15": {
        "5": 0.336115316613486
    },
    "16": {
        "2": 0.04509418854192039,
        "12": 0.0
    },
    "17": {
        "1": 0.35033071030108565
    },
    "18": {
        "4": 0.2389746453241042,
        "8": 0.15779821944065658,
        "11": 0.0,
        "16": 0.0
    },
    "19": {
        "13": 0.0
    },
    "20": {
        "3": 0.014755674568680176,
        "8": 0.14182994952638306,
        "15": 0.0
    },
    "21": {
        "10": 0.0
    },
    "22": {
        "17": 0.0
    },
    "23": {
        "1": 0.38471973392760506,
        "14": 0.0
    },
    "24": {},
    "25": {
        "6": 0.16263066902456214,
        "9": 0.030421668867734345
    },
    "26": {
        "0": 0.03956665586443538,
        "17": 0.08164262007129414
    },
    "27": {
        "5": 0.3861977199970731,
        "6": 0.2073396373912052
    },
    "28": {
        "2": 0.07593285087631368,
        "12": 0.28536844366522435
    },
    "29": {
        "1": 0.3466510468574833
    },
    "30": {
        "4": 0.2813744354174962,
        "8": 0.12238612133700977,
        "11": 0.08499786921318997,
        "22": 0.0
    },
    "31": {
        "3": 0.04564258339661154,
        "15": 0.015547995486148693
    },
    "32": {
        "20": 0.0
    },
    "33": {
        "1": 0.3078117801178214,
        "14": 0.2977209351473895
    },
    "34": {
        "18": 0.0,
        "23": 0.0
    },
    "35": {
        "6": 0.15400808339359087,
        "9": 0.04988045349063226,
        "19": 0.0,
        "21": 0.0
    },
    "36": {
        "17": 0.099350357026645
    },
    "37": {
        "0": 0.06597045180842927
    },
    "38": {
        "6": 0.10886178023345697,
        "9": 0.03926272857029528
    },
    "39": {
        "2": 0.05988476783689294,
        "12": 0.4054850792318726,
        "15": 0.044009196775162435
    },
    "40": {
        "4": 0.24090518581153086,
        "8": 0.08803308781705979,
        "11": 0.25557688497054903,
        "22": 0.36891683566709754
    },
    "41": {
        "15": 0.016006601585548955
    },
    "42": {
        "20": 0.0
    },
    "43": {
        "11": 0.2874192763024015
    },
    "44": {
        "1": 0.349379308957801,
        "14": 0.2812349199849254,
        "24": 0.0
    },
    "45": {
        "25": 0.0
    },
    "46": {
        "18": 0.05031567959264608,
        "23": 0.0
    },
    "47": {
        "6": 0.14198677120391556,
        "19": 0.0,
        "21": 0.17846470238289158,
        "26": 0.0
    },
    "48": {
        "26": 0.0
    },
    "49": {
        "12": 0.2942257509540859,
        "15": 0.059425722587385287
    },
    "50": {
        "4": 0.2756090253242964,
        "8": 0.12486584672827993,
        "11": 0.2510670752228199,
        "22": 0.36420386176648134,
        "30": 0.0
    },
    "51": {
        "13": 0.0700331090401623
    },
    "52": {
        "8": 0.1509110069503015,
        "15": 0.03832611779901884
    },
    "53": {
        "31": 0.0
    },
    "54": {
        "11": 0.3033025663500783,
        "27": 0.0
    },
    "55": {
        "25": 0.049543597012916794
    },
    "56": {
        "6": 0.15043337204027168,
        "29": 0.0
    },
    "57": {
        "6": 0.17227014599417845,
        "9": 0.06126188826923398,
        "21": 0.20130495840289275
    },
    "58": {
        "28": 0.0
    },
    "59": {
        "6": 0.14753202083136155,
        "26": 0.14092576027375925
    },
    "60": {
        "2": 0.052076158814702185,
        "12": 0.36329478838043755
    },
    "61": {
        "11": 0.29430762376552394,
        "18": 0.09802445303952347,
        "22": 0.21699565344319702,
        "30": 0.18307068204812776
    },
    "62": {
        "13": 0.06945899870636595
    },
    "63": {
        "15": 0.06112206918438351
    },
    "64": {
        "31": 0.18922801486094915
    },
    "65": {
        "11": 0.2758588640847054
    },
    "66": {
        "14": 0.2536866964734406
    },
    "67": {
        "29": 0.12104086570041529
    },
    "68": {
        "6": 0.12328934921354674,
        "9": 0.07684057287768954,
        "21": 0.21320170016431267
    },
    "69": {
        "33": 0.0
    },
    "70": {
        "32": 0.0
    },
    "71": {
        "6": 0.1978903183076397,
        "9": 0.08628463213000845
    },
    "72": {
        "12": 0.35613778889475134,
        "15": 0
    },
    "73": {
        "18": 0.06879932284141256,
        "22": 0.28331916484685515,
        "30": 0.3915029413039115
    },
    "74": {
        "13": 0.11730047213420666
    },
    "75": {
        "31": 0.35636532889482025
    },
    "76": {
        "11": 0.2621894420948178,
        "27": 0.06386755465827935
    },
    "77": {
        "1": 0.32171407919675055
    },
    "78": {
        "25": 0.13777367143480854
    },
    "79": {
        "6": 0.13554119227004022,
        "26": 0.21118145644238523,
        "29": 0.2667836518473466
    },
    "80": {
        "21": 0.185683500208176,
        "26": 0.20778115805721928
    },
    "81": {
        "28": 0.3868884153768339,
        "33": 0.4132212202641433
    },
    "82": {
        "26": 0.1790005762302784
    },
    "83": {
        "12": 0.3329514438245979,
        "15": 0
    },
    "84": {
        "8": 0.1470331830648982,
        "30": 0.33057280928552546
    },
    "85": {
        "0": 0,
        "13": 0.10749956661594201
    },
    "86": {
        "16": 0.43640262569364724
    },
    "87": {
        "19": 0.008434984842460707,
        "31": 0.3456788552092742
    },
    "88": {
        "28": 0.3956430827381926
    },
    "89": {
        "11": 0.24259367973871412,
        "27": 0.12771433413199054
    },
    "90": {
        "25": 0.15557144551426186
    },
    "91": {
        "6": 0.17030840657773377,
        "26": 0.22441217044024875,
        "29": 0.2891274869392819
    },
    "92": {
        "6": 0.16251088640156863,
        "9": 0.10266430502376543,
        "21": 0.17256291369056245,
        "34": 0.0
    },
    "93": {
        "33": 0.42280982886740526
    },
    "94": {
        "26": 0.1969554856604917
    },
    "95": {
        "12": 0.1859054387944825,
        "15": 0
    },
    "96": {
        "3": 0.09066661836596729,
        "18": 0.037000617666361146,
        "30": 0.3248857105876975
    },
    "97": {
        "0": 0,
        "13": 0.16160474983909925
    },
    "98": {
        "16": 0.579699656274824
    },
    "99": {
        "31": 0.38873305892901355
    }
}