{
    "time_step_utility_dict": {
        "1": 0.0,
        "2": 0.0,
        "3": 0.0,
        "4": 0.0,
        "5": 0.0,
        "6": 0.0,
        "7": 0.0,
        "8": 0.0,
        "9": 0.0,
        "10": 2.412617349758468,
        "11": 19.48655694081076,
        "12": 0.0,
        "13": 0.0,
        "14": 11.087366926720122,
        "15": 6.7521095015410495,
        "16": 33.611531661348565,
        "17": 4.509418854192035,
        "18": 35.03307103010863,
        "19": 39.67728647647617,
        "20": 0.0,
        "21": 15.658562409506516,
        "22": 0.0,
        "23": 0.0,
        "24": 38.47197339276045,
        "25": 0.0,
        "26": 19.305233789229703,
        "27": 12.120927593573043,
        "28": 59.35373573882762,
        "29": 36.13012945415409,
        "30": 34.66510468574836,
        "31": 48.87584259676987,
        "32": 6.1190578882761315,
        "33": 0.0,
        "34": 60.553271526521144,
        "35": 0.0,
        "36": 20.388853688422046,
        "37": 9.935035702664152,
        "38": 6.333163373609182,
        "39": 14.812450880375081,
        "40": 50.93790438439282,
        "41": 95.34319942662319,
        "42": 1.6006601585548879,
        "43": 0.0,
        "44": 28.741927630239843,
        "45": 63.06142289427282,
        "46": 0.0,
        "47": 5.03156795926418,
        "48": 32.04514735868054,
        "49": 0.0,
        "50": 35.36514735414721,
        "51": 101.57458090418697,
        "52": 7.003310904016189,
        "53": 18.923712474932017,
        "54": 0.0,
        "55": 30.33025663500848,
        "56": 4.954359701291423,
        "57": 15.04333720402758,
        "58": 43.483699266629856,
        "59": 0.0,
        "60": 28.845778110511446,
        "61": 41.53709471951515,
        "62": 79.23984122963861,
        "63": 6.945899870636595,
        "64": 1.4669296604249666,
        "65": 18.92280148609484,
        "66": 27.585886408470287,
        "67": 25.36866964734395,
        "68": 12.104086570042,
        "69": 41.3331622255555,
        "70": 0.0,
        "71": 0.0,
        "72": 28.417495043764347,
        "73": 35.61377888947527,
        "74": 74.3621428992185,
        "75": 11.730047213419539,
        "76": 35.63653288948285,
        "77": 32.605699675308415,
        "78": 32.17140791967563,
        "79": 13.777367143481797,
        "80": 61.350630055978854,
        "81": 39.34646582653954,
        "82": 80.01096356409926,
        "83": 17.900057623027806,
        "84": 33.29514438245974,
        "85": 47.760599235042946,
        "86": 10.749956661594979,
        "87": 43.64026256936722,
        "88": 35.41138400517275,
        "89": 39.564308273819506,
        "90": 37.03080138706946,
        "91": 15.557144551426973,
        "92": 68.38480639572754,
        "93": 43.77381051158818,
        "94": 42.28098288673982,
        "95": 19.695548566049638,
        "96": 18.59054387945025,
        "97": 45.255294662000324,
        "98": 16.160474983909808,
        "99": 57.96996562748245,
        "100": 38.87330589290059
    },
    "total_utility": 2429.0006088611685
}