{
    "1": 0.0,
    "2": 0.0,
    "3": 0.0,
    "4": 0.0,
    "5": 0.0,
    "6": 0.0,
    "7": 0.0,
    "8": 0.0,
    "9": 0.0,
    "10": 20.27914216194992,
    "11": 20.27914216194992,
    "12": 20.27914216194992,
    "13": 20.27914216194992,
    "14": 20.27914216194992,
    "15": 22.49038022912087,
    "16": 33.93940789882173,
    "17": 52.78959757159715,
    "18": 52.78959757159715,
    "19": 59.15590613772217,
    "20": 59.15590613772217,
    "21": 66.06919713858655,
    "22": 66.06919713858655,
    "23": 67.6829631945216,
    "24": 101.36191551258725,
    "25": 101.36191551258725,
    "26": 101.36191551258725,
    "27": 115.95969814296554,
    "28": 115.95969814296554,
    "29": 115.95969814296554,
    "30": 130.9099336759007,
    "31": 133.97827669542053,
    "32": 133.97827669542053,
    "33": 151.42042171738225,
    "34": 171.02339415880883,
    "35": 171.02339415880883,
    "36": 171.02339415880883,
    "37": 197.80761346931538,
    "38": 217.8093635107355,
    "39": 217.8093635107355,
    "40": 217.8093635107355,
    "41": 226.82437444728717,
    "42": 226.82437444728717,
    "43": 234.0419096898522,
    "44": 269.44024823255774,
    "45": 269.44024823255774,
    "46": 281.7422533302941,
    "47": 281.7422533302941,
    "48": 281.7422533302941,
    "49": 281.7422533302941,
    "50": 298.12195378817813,
    "51": 315.3742029662273,
    "52": 338.42576977087623,
    "53": 338.42576977087623,
    "54": 352.9415232040347,
    "55": 353.07015856736194,
    "56": 353.07015856736194,
    "57": 353.07015856736194,
    "58": 379.5038166222244,
    "59": 379.5038166222244,
    "60": 383.3112367667013,
    "61": 395.53029875745335,
    "62": 395.53029875745335,
    "63": 398.1685372892648,
    "64": 398.1685372892648,
    "65": 430.6522102550265,
    "66": 447.8021540284701,
    "67": 451.2332481243362,
    "68": 455.6175484580874,
    "69": 472.211566269695,
    "70": 528.4207627685404,
    "71": 545.2982547831963,
    "72": 575.8082980989434,
    "73": 625.2226813270177,
    "74": 625.2226813270177,
    "75": 653.2603988712902,
    "76": 662.96747383419,
    "77": 677.1180724011659,
    "78": 677.1180724011659,
    "79": 679.5848437790535,
    "80": 683.8039362391538,
    "81": 683.8039362391538,
    "82": 727.788576316176,
    "83": 746.5725535969426,
    "84": 746.5725535969426,
    "85": 746.5725535969426,
    "86": 775.4365812748255,
    "87": 796.6356307691192,
    "88": 808.9414679555873,
    "89": 830.4800323087967,
    "90": 830.4800323087967,
    "91": 842.0938974536606,
    "92": 842.0938974536606,
    "93": 881.0380651209227,
    "94": 967.7303252118656,
    "95": 967.7303252118656,
    "96": 967.7303252118656,
    "97": 1001.3643412227458,
    "98": 1006.1598312785139,
    "99": 1006.1598312785139,
    "100": 1006.1598312785139
}