{
    "0": {
        "1": 0.0,
        "4": 0.0,
        "5": 0.0,
        "6": 0.0,
        "7": 0.0,
        "8": 0.0
    },
    "1": {
        "0": 0.0
    },
    "2": {
        "2": 0.0
    },
    "3": {
        "3": 0.0
    },
    "4": {},
    "5": {
        "3": 0.0
    },
    "6": {
        "15": 0.0
    },
    "7": {
        "12": 0.0
    },
    "8": {
        "11": 0.0,
        "14": 0.0,
        "18": 0.0
    },
    "9": {
        "2": 0.20279142161949923,
        "9": 0.0,
        "10": 0.0,
        "12": 0.0,
        "13": 0.0,
        "15": 0.0,
        "16": 0.0,
        "17": 0.0,
        "19": 0.0
    },
    "10": {
        "21": 0.0
    },
    "11": {
        "26": 0.0
    },
    "12": {
        "22": 0.0
    },
    "13": {
        "20": 0.0,
        "23": 0.0
    },
    "14": {
        "1": 0.02211238067170945,
        "24": 0.0,
        "27": 0.0
    },
    "15": {
        "1": 0.023219737485424944,
        "5": 0.0,
        "6": 0.05327200645086509,
        "7": 0.0,
        "8": 0.0379985327607184,
        "23": 0.0,
        "24": 0.0,
        "25": 0.0
    },
    "16": {
        "2": 0.18850189672775428
    },
    "17": {
        "3": 0.0,
        "28": 0.0,
        "30": 0.0
    },
    "18": {
        "8": 0.06366308566125027,
        "31": 0.0
    },
    "19": {
        "16": 0.0
    },
    "20": {
        "25": 0.0,
        "28": 0.06913291000864379,
        "29": 0.0,
        "31": 0.0,
        "32": 0.0,
        "33": 0.0,
        "34": 0.0
    },
    "21": {
        "12": 0.0,
        "33": 0.0
    },
    "22": {
        "11": 0.016137660559350717,
        "21": 0.0,
        "35": 0.0,
        "36": 0.0
    },
    "23": {
        "0": 0.10878087042851695,
        "2": 0.22800865275213872,
        "10": 0.0,
        "12": 0.0,
        "20": 0.0,
        "37": 0.0
    },
    "24": {
        "42": 0.0
    },
    "25": {
        "22": 0.0,
        "39": 0.0
    },
    "26": {
        "1": 0.028766000892034977,
        "6": 0.06700337057129117,
        "11": 0.050208454840456,
        "18": 0.0,
        "24": 0.0,
        "36": 0.0,
        "38": 0.0,
        "40": 0.0,
        "41": 0.0,
        "43": 0.0,
        "44": 0.0
    },
    "27": {
        "38": 0.0
    },
    "28": {
        "46": 0.0
    },
    "29": {
        "28": 0.10091331548218468,
        "30": 0.048589039847166456,
        "45": 0.0
    },
    "30": {
        "7": 0.0,
        "8": 0.030683430195199018
    },
    "31": {
        "40": 0.0
    },
    "32": {
        "30": 0.044031361389598886,
        "31": 0.0,
        "33": 0.1303900888300185,
        "45": 0.0,
        "46": 0.0,
        "47": 0.0,
        "48": 0.0
    },
    "33": {
        "0": 0.19602972441426758,
        "50": 0.0
    },
    "34": {
        "32": 0.0,
        "48": 0.0
    },
    "35": {
        "47": 0.0,
        "51": 0.0
    },
    "36": {
        "33": 0.15368462745358186,
        "34": 0.0,
        "44": 0.11415756565148465
    },
    "37": {
        "0": 0.2000175004142003,
        "3": 0.0,
        "10": 0.0,
        "20": 0.0,
        "21": 0.0,
        "36": 0.0,
        "37": 0.0,
        "42": 0.0,
        "49": 0.0
    },
    "38": {
        "42": 0.0
    },
    "39": {
        "9": 0.0
    },
    "40": {
        "39": 0.09015010936551658
    },
    "41": {
        "17": 0.0
    },
    "42": {
        "5": 0.0,
        "6": 0.07217535242565017,
        "19": 0.0,
        "43": 0.0
    },
    "43": {
        "17": 0.0,
        "19": 0.0,
        "26": 0.0,
        "38": 0.12729898124445577,
        "39": 0.11000210185949083,
        "43": 0.0,
        "44": 0.11668230232310554
    },
    "44": {
        "18": 0.0,
        "41": 0.0
    },
    "45": {
        "38": 0.12302005097736321,
        "52": 0.0
    },
    "46": {
        "4": 0.0
    },
    "47": {
        "7": 0.0
    },
    "48": {
        "27": 0.0,
        "40": 0.0
    },
    "49": {
        "1": 0.011154723428082223,
        "4": 0.0,
        "6": 0.06710323905354847,
        "8": 0.050800705948531324,
        "22": 0.0,
        "23": 0.0,
        "25": 0.0,
        "30": 0.036185766821538116,
        "46": 0.0,
        "47": 0.0,
        "50": 0.0
    },
    "50": {
        "0": 0.17252249178049237,
        "50": 0.0
    },
    "51": {
        "2": 0.2305156680464858,
        "48": 0.0
    },
    "52": {
        "47": 0.0,
        "49": 0.0,
        "51": 0.0
    },
    "53": {
        "34": 0.002392914092405508,
        "44": 0.14276462023917819
    },
    "54": {
        "16": 0.0,
        "34": 0.0012863536332716852,
        "49": 0.0,
        "53": 0.0
    },
    "55": {
        "15": 0.0
    },
    "56": {
        "14": 0.0,
        "18": 0.0,
        "43": 0.0
    },
    "57": {
        "2": 0.15073837721317096,
        "9": 0.0,
        "12": 0.0,
        "13": 0.0,
        "14": 0.0,
        "15": 0.0,
        "16": 0.0,
        "17": 0.0,
        "19": 0.0,
        "27": 0.0,
        "39": 0.11359820333545467
    },
    "58": {
        "21": 0.0
    },
    "59": {
        "26": 0.0,
        "52": 0.03807420144477054
    },
    "60": {
        "22": 0.12219061990752204
    },
    "61": {
        "20": 0.0,
        "23": 0.0
    },
    "62": {
        "1": 0.026382385318113818
    },
    "63": {
        "24": 0.0,
        "27": 0.0
    },
    "64": {
        "1": 0.01505134557748974,
        "5": 0.0,
        "6": 0.0639508668268169,
        "7": 0.0,
        "8": 0.06195928823447412,
        "22": 0.171730247689732,
        "23": 0.0,
        "25": 0.0,
        "36": 0.0,
        "41": 0.0,
        "51": 0.0,
        "52": 0.012144981329098388
    },
    "65": {
        "2": 0.17149943773443815
    },
    "66": {
        "3": 0.0,
        "28": 0.034310940958660024,
        "30": 0
    },
    "67": {
        "8": 0.04384300333751103,
        "31": 0.0
    },
    "68": {
        "16": 0.1659401781160765
    },
    "69": {
        "25": 0.0,
        "28": 0.031581124687190626,
        "31": 0.0,
        "32": 0.0,
        "33": 0.14642433951456293,
        "34": 0.002704608760174918,
        "35": 0.3813818920265235
    },
    "70": {
        "12": 0.0,
        "33": 0.16877492014655918
    },
    "71": {
        "11": 0.030359478140692765,
        "21": 0.0,
        "35": 0.2747409550167788,
        "36": 0.0
    },
    "72": {
        "0": 0.17151980434626776,
        "2": 0.21063835053645558,
        "10": 0.0,
        "12": 0.0,
        "16": 0.11198567739802502,
        "27": 0.0,
        "37": 0.0
    },
    "73": {
        "42": 0.0
    },
    "74": {
        "22": 0.1375854688600189,
        "39": 0.14279170658270574
    },
    "75": {
        "1": 0.022618675465796247,
        "6": 0.07445207416320121,
        "24": 0.0
    },
    "76": {
        "5": 0.0,
        "11": 0.04340191550495841,
        "18": 0.0,
        "24": 0.0,
        "36": 0.0,
        "38": 0.05383079098221358,
        "40": 0.0,
        "41": 0.0,
        "43": 0.0,
        "51": 0.0,
        "52": 0.044273279182584425
    },
    "77": {
        "46": 0.0
    },
    "78": {
        "28": 0.024667713778873578,
        "30": 0
    },
    "79": {
        "7": 0.0,
        "8": 0.04219092460100324,
        "31": 0.0
    },
    "80": {
        "40": 0.0
    },
    "81": {
        "25": 0.0,
        "28": 0.03538954828130956,
        "31": 0.0,
        "33": 0.1732292667365655,
        "45": 0.23122758575234248,
        "47": 0.0,
        "48": 0.0
    },
    "82": {
        "0": 0.18783977280767503,
        "50": 0.0
    },
    "83": {
        "32": 0.0
    },
    "84": {
        "47": 0.0,
        "51": 0.0
    },
    "85": {
        "33": 0.17722879324375682,
        "34": 0.0034196817279557178,
        "44": 0.1079918018071116
    },
    "86": {
        "10": 0.0,
        "36": 0.0,
        "37": 0.0,
        "42": 0.2017460665748409,
        "53": 0.01024442836809929
    },
    "87": {
        "0": 0.12305837186468244,
        "3": 0.0,
        "20": 0.0,
        "37": 0.0,
        "49": 0.0
    },