{
    "time_step_utility_dict": {
        "1": 0.0,
        "2": 0.0,
        "3": 0.0,
        "4": 0.0,
        "5": 0.0,
        "6": 0.0,
        "7": 0.0,
        "8": 0.0,
        "9": 0.0,
        "10": 20.27914216194992,
        "11": 0.0,
        "12": 0.0,
        "13": 0.0,
        "14": 0.0,
        "15": 2.2112380671709495,
        "16": 11.449027669700858,
        "17": 18.85018967277542,
        "18": 0.0,
        "19": 6.366308566125021,
        "20": 0.0,
        "21": 6.913291000864376,
        "22": 0.0,
        "23": 1.6137660559350593,
        "24": 33.67895231806564,
        "25": 0.0,
        "26": 0.0,
        "27": 14.59778263037829,
        "28": 0.0,
        "29": 0.0,
        "30": 14.950235532935167,
        "31": 3.06834301951983,
        "32": 0.0,
        "33": 17.44214502196172,
        "34": 19.602972441426573,
        "35": 0.0,
        "36": 0.0,
        "37": 26.784219310506558,
        "38": 20.00175004142011,
        "39": 0.0,
        "40": 0.0,
        "41": 9.015010936551676,
        "42": 0.0,
        "43": 7.21753524256502,
        "44": 35.398338542705545,
        "45": 0.0,
        "46": 12.302005097736355,
        "47": 0.0,
        "48": 0.0,
        "49": 0.0,
        "50": 16.37970045788404,
        "51": 17.25224917804917,
        "52": 23.051566804648928,
        "53": 0.0,
        "54": 14.515753433158466,
        "55": 0.12863536332724834,
        "56": 0.0,
        "57": 0.0,
        "58": 26.433658054862462,
        "59": 0.0,
        "60": 3.8074201444769074,
        "61": 12.219061990752039,
        "62": 0.0,
        "63": 2.638238531811453,
        "64": 0.0,
        "65": 32.483672965761684,
        "66": 17.149943773443624,
        "67": 3.431094095866115,
        "68": 4.3843003337511846,
        "69": 16.594017811607614,
        "70": 56.20919649884536,
        "71": 16.8774920146559,
        "72": 30.51004331574711,
        "73": 49.41438322807426,
        "74": 0.0,
        "75": 28.037717544272596,
        "76": 9.707074962899696,
        "77": 14.150598566975987,
        "78": 0.0,
        "79": 2.4667713778875395,
        "80": 4.219092460100342,
        "81": 0.0,
        "82": 43.98464007702216,
        "83": 18.783977280766635,
        "84": 0.0,
        "85": 0.0,
        "86": 28.86402767788286,
        "87": 21.199049494293718,
        "88": 12.305837186468125,
        "89": 21.53856435320938,
        "90": 0.0,
        "91": 11.613865144863894,
        "92": 0.0,
        "93": 38.94416766726215,
        "94": 86.69226009094291,
        "95": 0.0,
        "96": 0.0,
        "97": 33.634016010880146,
        "98": 4.795490055768141,
        "99": 0.0,
        "100": 0.0
    },
    "total_utility": 1006.1598312785139
}