{
    "1": 0.0,
    "2": 0.0,
    "3": 0.0,
    "4": 0.0,
    "5": 0.0,
    "6": 0.0,
    "7": 0.0,
    "8": 0.0,
    "9": 0.0,
    "10": 4.714850193943935,
    "11": 23.749796172885137,
    "12": 23.749796172885137,
    "13": 23.749796172885137,
    "14": 30.793549806276474,
    "15": 35.20783194395687,
    "16": 58.79936209639759,
    "17": 62.277449749040414,
    "18": 88.21038057202436,
    "19": 105.4327306744174,
    "20": 105.4327306744174,
    "21": 116.03301394099304,
    "22": 116.03301394099304,
    "23": 116.03301394099304,
    "24": 147.35663189538758,
    "25": 147.35663189538758,
    "26": 165.85415558371844,
    "27": 176.57325222417816,
    "28": 216.2160242176292,
    "29": 258.4662070097111,
    "30": 283.49417991539,
    "31": 343.99691518049724,
    "32": 349.6212206333879,
    "33": 349.6212206333879,
    "34": 395.6155864448315,
    "35": 434.0216283002273,
    "36": 479.1668592765979,
    "37": 490.56487428944484,
    "38": 495.43200975983183,
    "39": 518.2654772831785,
    "40": 559.5372174904337,
    "41": 633.4233749980176,
    "42": 634.1960319615895,
    "43": 639.7650266985568,
    "44": 661.1727262862121,
    "45": 719.802538076349,
    "46": 719.802538076349,
    "47": 740.9713779504226,
    "48": 799.1025963277758,
    "49": 826.7634094188851,
    "50": 857.8006696392544,
    "51": 930.6870859996043,
    "52": 934.5975220112754,
    "53": 953.8030228442053,
    "54": 953.8030228442053,
    "55": 981.4983778462126,
    "56": 985.4031225327092,
    "57": 997.7712689131233,
    "58": 1038.6961625886638,
    "59": 1038.6961625886638,
    "60": 1071.2949919309497,
    "61": 1111.2670989171497,
    "62": 1192.2316182440702,
    "63": 1203.3639565025303,
    "64": 1203.7742129127867,
    "65": 1232.8114104327897,
    "66": 1257.1831078359232,
    "67": 1288.5578608811568,
    "68": 1311.5415990438592,
    "69": 1351.1017602747218,
    "70": 1351.1017602747218,
    "71": 1351.1017602747218,
    "72": 1377.6313021004134,
    "73": 1410.9262383464259,
    "74": 1475.2280462049118,
    "75": 1491.7029859001552,
    "76": 1534.5290629866156,
    "77": 1565.5071816846005,
    "78": 1590.9677948892252,
    "79": 1601.913794607374,
    "80": 1664.8218378752056,
    "81": 1696.6385671863247,
    "82": 1770.9002094237978,
    "83": 1789.971509085123,
    "84": 1820.3898633624685,
    "85": 1875.0310735604626,
    "86": 1889.2561806752503,
    "87": 1947.84822436606,
    "88": 1996.052733020691,
    "89": 2035.173012071616,
    "90": 2075.1468952887117,
    "91": 2086.5161311590464,
    "92": 2145.413578090127,
    "93": 2182.5318487249715,
    "94": 2233.530080723886,
    "95": 2249.203565047634,
    "96": 2269.5114223677547,
    "97": 2313.1193950627908,
    "98": 2333.335289410962,
    "99": 2390.0455057444874,
    "100": 2435.5239081934315
}