{
    "0": {
        "0": 0.0
    },
    "1": {
        "4": 0.0,
        "5": 0.0,
        "8": 0.0
    },
    "2": {
        "6": 0.0
    },
    "3": {
        "2": 0.0
    },
    "4": {
        "1": 0.0
    },
    "5": {
        "3": 0.0,
        "7": 0.0
    },
    "6": {
        "7": 0.0
    },
    "7": {},
    "8": {},
    "9": {
        "3": 0.04714850193943935
    },
    "10": {
        "1": 0.19034945978941203
    },
    "11": {},
    "12": {},
    "13": {
        "5": 0.07043753633391324
    },
    "14": {
        "0": 0.04414282137680395
    },
    "15": {
        "4": 0.2359153015244072
    },
    "16": {
        "2": 0.034780876526428334,
        "12": 0.0
    },
    "17": {
        "1": 0.2593293082298398
    },
    "18": {
        "3": 0.07402499921289091,
        "7": 0.09819850181103928,
        "11": 0.0,
        "19": 0.0
    },
    "19": {
        "14": 0.0
    },
    "20": {
        "7": 0.10600283266575657,
        "13": 0.0,
        "17": 0.0
    },
    "21": {
        "10": 0.0
    },
    "22": {
        "22": 0.0
    },
    "23": {
        "1": 0.31323617954394395,
        "16": 0.0
    },
    "24": {
        "9": 0.0,
        "20": 0.0,
        "23": 0.0
    },
    "25": {
        "5": 0.12924553911771255,
        "8": 0.05572969776559558,
        "15": 0.0,
        "18": 0.0
    },
    "26": {
        "0": 0.04419032036797991,
        "22": 0.06300064603661705
    },
    "27": {
        "4": 0.2736537617565217,
        "5": 0.12277395817798763,
        "21": 0.0
    },
    "28": {
        "2": 0.07907556564506057,
        "12": 0.34342626227575856
    },
    "29": {
        "1": 0.2502797290567899
    },
    "30": {
        "3": 0.1267159954969906,
        "7": 0.07440193166968678,
        "11": 0.1226586201680895,
        "20": 0.2812508053163045
    },
    "31": {
        "13": 0.028346776198701983,
        "17": 0.02789627833020627
    },
    "32": {
        "24": 0.0
    },
    "33": {
        "1": 0.21692695369523837,
        "16": 0.24301670441919998
    },
    "34": {
        "9": 0.042509387876410544,
        "23": 0.34155103067754816
    },
    "35": {
        "5": 0.13036957529411936,
        "8": 0.1333275767615462,
        "15": 0.017637442894442624,
        "18": 0.17011771481359975
    },
    "36": {
        "22": 0.11398015012847004
    },
    "37": {
        "0": 0.05069932781653184
    },
    "38": {
        "5": 0.10174223104334143,
        "8": 0.12659244419012308
    },
    "39": {
        "2": 0.09384920212896437,
        "12": 0.31091974541488926,
        "17": 0.007948454528697496
    },
    "40": {
        "3": 0.10713005654258997,
        "7": 0.05589490189423851,
        "11": 0.19572410925780756,
        "20": 0.38011250738119384
    },
    "41": {
        "17": 0.007726569635718776
    },
    "42": {
        "24": 0.05568994736967304
    },
    "43": {
        "11": 0.21407699587655468
    },
    "44": {
        "1": 0.2466273110374056,
        "16": 0.3396708068639686,
        "25": 0.0
    },
    "45": {
        "26": 0.0
    },
    "46": {
        "9": 0.010337520634996246,
        "23": 0.20135087810573918
    },
    "47": {
        "5": 0.10722074834840964,
        "15": 0.053225549584337166,
        "18": 0.20949069553357524,
        "21": 0.21137519030721347
    },
    "48": {
        "21": 0.27660813091109504
    },
    "49": {
        "12": 0.25327454669686034,
        "17": 0.057098055506830024
    },
    "50": {
        "3": 0.12458714810331412,
        "7": 0.104903388208837,
        "11": 0.24572540449261182,
        "20": 0.2536482227987439,
        "30": 0.0
    },
    "51": {
        "14": 0.039104360116711846
    },
    "52": {
        "7": 0.16312263475066885,
        "17": 0.028932373578629114
    },
    "53": {
        "31": 0.0
    },
    "54": {
        "11": 0.2769535500200702,
        "27": 0.0
    },
    "55": {
        "26": 0.03904744686496348
    },
    "56": {
        "5": 0.12368146380413965,
        "29": 0.0
    },
    "57": {
        "5": 0.1208410206376168,
        "8": 0.11269073340335943,
        "18": 0.17571718271443917
    },
    "58": {
        "28": 0.0
    },
    "59": {
        "5": 0.12860562356976293,
        "21": 0.1973826698530804
    },
    "60": {
        "2": 0.10001214079330917,
        "12": 0.29970892906869545
    },
    "61": {
        "9": 0.00903309762755653,
        "11": 0.24800498901170168,
        "20": 0.3530948653320145,
        "30": 0.19951224129793085
    },
    "62": {
        "14": 0.11132338258460202
    },
    "63": {
        "17": 0.017094017094017092
    },
    "64": {
        "31": 0.29037197520003266
    },
    "65": {
        "11": 0.24371697403134063
    },
    "66": {
        "16": 0.3137475304523398
    },
    "67": {
        "29": 0.229837381627018
    },
    "68": {
        "5": 0.10715394403013503,
        "8": 0.12389362338824282,
        "18": 0.1645540448902492
    },
    "69": {
        "33": 0.0
    },
    "70": {
        "32": 0.0
    },
    "71": {
        "5": 0.13474401807380165,
        "8": 0.1305514001831166
    },
    "72": {
        "12": 0.33294936246012236,
        "17": 0
    },
    "73": {
        "9": 0.0031255959066192216,
        "20": 0.26677177580203143,
        "30": 0.3731207068761978
    },
    "74": {
        "14": 0.16474939695242447
    },
    "75": {
        "31": 0.42826077086461234
    },
    "76": {
        "11": 0.22013633023809795,
        "27": 0.08964485674174809
    },
    "77": {
        "1": 0.25460613204624105
    },
    "78": {
        "26": 0.10945999718149074
    },
    "79": {
        "5": 0.10984598575983111,
        "21": 0.20865809409505282,
        "29": 0.31057635282343937
    },
    "80": {
        "18": 0.1517468319347484,
        "21": 0.16642046117643883
    },
    "81": {
        "28": 0.32802573229548443,
        "33": 0.4145906900792574
    },
    "82": {
        "21": 0.19071299661326
    },
    "83": {
        "12": 0.30418354277345727,
        "17": 0
    },
    "84": {
        "7": 0.21204591874551476,
        "30": 0.33436618323444134
    },
    "85": {
        "0": 0,
        "14": 0.14225107114786373
    },
    "86": {
        "19": 0.5859204369080981
    },
    "87": {
        "15": 0.10701398850055911,
        "31": 0.37503109804575635
    },
    "88": {
        "28": 0.3912027905092546
    },
    "89": {
        "11": 0.20550216824825285,
        "27": 0.19423666392270625
    },
    "90": {
        "26": 0.1136923587033322
    },
    "91": {
        "5": 0.11156150641756989,
        "21": 0.16021049977408836,
        "29": 0.3172024631191289
    },
    "92": {
        "5": 0.10888178979698075,
        "8": 0.09730189232064697,
        "18": 0.16499902423077928,
        "34": 0.0
    },
    "93": {
        "33": 0.5099823199891536
    },
    "94": {
        "21": 0.15673484323748266
    },
    "95": {
        "12": 0.20307857320119743,
        "17": 0
    },
    "96": {
        "9": 0.0023647128743680902,
        "13": 0.06272685230459682,
        "30": 0.37098816177137633
    },
    "97": {
        "0": 0,
        "14": 0.202158943481711
    },
    "98": {
        "19": 0.5671021633352584
    },
    "99": {
        "31": 0.45478402448944877
    }
}