{
    "time_step_utility_dict": {
        "1": 0.0,
        "2": 0.0,
        "3": 0.0,
        "4": 0.0,
        "5": 0.0,
        "6": 0.0,
        "7": 0.0,
        "8": 0.0,
        "9": 0.0,
        "10": 4.714850193943935,
        "11": 19.034945978941202,
        "12": 0.0,
        "13": 0.0,
        "14": 7.043753633391336,
        "15": 4.414282137680395,
        "16": 23.59153015244072,
        "17": 3.4780876526428273,
        "18": 25.93293082298395,
        "19": 17.222350102393037,
        "20": 0.0,
        "21": 10.600283266575644,
        "22": 0.0,
        "23": 0.0,
        "24": 31.323617954394535,
        "25": 0.0,
        "26": 18.49752368833086,
        "27": 10.719096640459725,
        "28": 39.64277199345105,
        "29": 42.250182792081915,
        "30": 25.027972905678894,
        "31": 60.50273526510722,
        "32": 5.624305452890667,
        "33": 0.0,
        "34": 45.99436581144357,
        "35": 38.40604185539581,
        "36": 45.14523097637061,
        "37": 11.39801501284694,
        "38": 4.867135470386984,
        "39": 22.833467523346656,
        "40": 41.27174020725522,
        "41": 73.8861575075839,
        "42": 0.7726569635718761,
        "43": 5.568994736967284,
        "44": 21.407699587655316,
        "45": 58.629811790136955,
        "46": 0.0,
        "47": 21.16883987407357,
        "48": 58.13121837735321,
        "49": 27.660813091109276,
        "50": 31.037260220369262,
        "51": 72.88641636034993,
        "52": 3.910436011671095,
        "53": 19.205500832929943,
        "54": 0.0,
        "55": 27.695355002007318,
        "56": 3.9047446864965423,
        "57": 12.368146380414146,
        "58": 40.92489367554049,
        "59": 0.0,
        "60": 32.59882934228585,
        "61": 39.97210698620006,
        "62": 80.96451932692048,
        "63": 11.132338258460095,
        "64": 0.41025641025635196,
        "65": 29.03719752000302,
        "66": 24.371697403133567,
        "67": 31.374753045233547,
        "68": 22.983738162702366,
        "69": 39.560161230862604,
        "70": 0.0,
        "71": 0.0,
        "72": 26.529541825691695,
        "73": 33.29493624601241,
        "74": 64.30180785848597,
        "75": 16.474939695243393,
        "76": 42.82607708646037,
        "77": 30.978118697984883,
        "78": 25.46061320462468,
        "79": 10.945999718148869,
        "80": 62.908043267831545,
        "81": 31.81672931111916,
        "82": 74.2616422374731,
        "83": 19.071299661325156,
        "84": 30.418354277345543,
        "85": 54.64121019799404,
        "86": 14.225107114787761,
        "87": 58.59204369080976,
        "88": 48.2045086546309,
        "89": 39.12027905092509,
        "90": 39.97388321709559,
        "91": 11.369235870334705,
        "92": 58.897446931080594,
        "93": 37.11827063484452,
        "94": 50.998231998914434,
        "95": 15.673484323748198,
        "96": 20.307857320120547,
        "97": 43.607972695036096,
        "98": 20.215894348171332,
        "99": 56.710216333525295,
        "100": 45.47840244894405
    },
    "total_utility": 2435.5239081934315
}