{
    "0566E-1185N": {
        "average": 124.25,
        "std": 111.29100367954275
    },
    "1014E-1375N": {
        "average": 33.13333333333333,
        "std": 15.679569155078493
    },
    "1049E-1370N": {
        "average": 35.5,
        "std": 43.13061557640929
    },
    "0487E-1246N": {
        "average": 124.0,
        "std": 83.83018549424783
    },
    "1209E-1113N": {
        "average": 156.33333333333334,
        "std": 194.9261968597916
    },
    "0387E-1276N": {
        "average": 96.2,
        "std": 171.5312216478388
    },
    "1690E-1211N": {
        "average": 468.0,
        "std": 0.0
    },
    "1138E-1216N": {
        "average": 234.0,
        "std": 182.0
    },
    "0760E-0887N": {
        "average": 78.66666666666667,
        "std": 75.43798041364104
    },
    "0924E-1108N": {
        "average": 40.0,
        "std": 0.0
    },
    "0977E-1187N": {
        "average": 48.0,
        "std": 34.1272129929572
    },
    "0632E-0892N": {
        "average": 103.5,
        "std": 58.5
    },
    "1848E-0793N": {
        "average": 100.0,
        "std": 49.0
    },
    "1025E-1366N": {
        "average": 49.111111111111114,
        "std": 12.96529079627984
    },
    "1185E-0935N": {
        "average": 31.333333333333332,
        "std": 10.274023338281626
    },
    "0434E-1218N": {
        "average": 41.5,
        "std": 23.5
    },
    "1015E-1062N": {
        "average": 155.5,
        "std": 138.5
    },
    "1289E-1169N": {
        "average": 131.0,
        "std": 113.0
    },
    "0544E-1228N": {
        "average": 63.0,
        "std": 31.272991542223778
    },
    "0614E-0946N": {
        "average": 50.0,
        "std": 39.370039370059054
    },
    "1748E-1247N": {
        "average": 99.33333333333333,
        "std": 91.39778747625982
    },
    "0683E-1006N": {
        "average": 28.75,
        "std": 14.549484526951462
    },
    "0331E-1257N": {
        "average": 39.0,
        "std": 18.12456896039186
    },
    "1335E-1166N": {
        "average": 91.66666666666667,
        "std": 84.50772482770765
    },
    "1438E-1134N": {
        "average": 40.0,
        "std": 0.0
    },
    "0577E-1243N": {
        "average": 57.8,
        "std": 67.52599499452045
    },
    "1439E-1134N": {
        "average": 0,
        "std": 0
    },
    "1538E-1163N": {
        "average": 76.33333333333333,
        "std": 73.05401350294787
    },
    "0368E-1245N": {
        "average": 101.33333333333333,
        "std": 74.0825365536455
    },
    "0457E-1135N": {
        "average": 38.0,
        "std": 9.899494936611665
    },
    "1669E-1160N": {
        "average": 115.5,
        "std": 97.5
    },
    "0361E-1300N": {
        "average": 73.75,
        "std": 71.87271735505762
    },
    "0595E-1278N": {
        "average": 18.0,
        "std": 10.559356040971437
    },
    "1276E-1107N": {
        "average": 42.0,
        "std": 26.0
    },
    "1669E-1153N": {
        "average": 82.5,
        "std": 65.5
    },
    "0571E-1075N": {
        "average": 116.5,
        "std": 99.5
    },
    "1200E-0847N": {
        "average": 21.666666666666668,
        "std": 6.236095644623236
    },
    "1617E-1207N": {
        "average": 22.5,
        "std": 16.5
    },
    "1210E-1025N": {
        "average": 24.0,
        "std": 0.0
    },
    "1204E-1202N": {
        "average": 15.0,
        "std": 0.0
    },
    "1615E-1206N": {
        "average": 17.5,
        "std": 3.5
    },
    "0586E-1127N": {
        "average": 7.5,
        "std": 2.5
    },
    "1172E-1306N": {
        "average": 73.66666666666667,
        "std": 33.559234529741914
    },
    "1389E-1284N": {
        "average": 31.0,
        "std": 12.84523257866513
    },
    "0506E-1204N": {
        "average": 16.4,
        "std": 12.289833196589774
    },
    "1204E-1204N": {
        "average": 7.0,
        "std": 0.0
    },
    "0358E-1220N": {
        "average": 77.0,
        "std": 0.0
    },
    "0357E-1223N": {
        "average": 57.0,
        "std": 40.0
    },
    "1298E-1322N": {
        "average": 20.8,
        "std": 8.97552226892675
    },
    "1703E-1219N": {
        "average": 38.333333333333336,
        "std": 18.62495339293199
    },
    "1296E-1198N": {
        "average": 38.5,
        "std": 13.5
    },
    "1691E-1211N": {
        "average": 8.0,
        "std": 0.0
    },
    "1481E-1119N": {
        "average": 12.5,
        "std": 5.5
    }
}