{
    "1204E-1202N": {
        "average": 65.0,
        "std": 0.0
    },
    "1669E-1160N": {
        "average": 42.0,
        "std": 0.0
    },
    "1210E-1025N": {
        "average": 48.666666666666664,
        "std": 25.249862485874168
    },
    "1185E-0935N": {
        "average": 51.0,
        "std": 26.919633479426622
    },
    "0387E-1276N": {
        "average": 86.0,
        "std": 21.0
    },
    "1296E-1198N": {
        "average": 78.5,
        "std": 10.5
    },
    "1049E-1370N": {
        "average": 57.333333333333336,
        "std": 14.383632673594278
    },
    "0487E-1246N": {
        "average": 65.0,
        "std": 0.0
    },
    "0457E-1135N": {
        "average": 32.5,
        "std": 28.5
    },
    "1204E-1204N": {
        "average": 65.0,
        "std": 0.0
    },
    "1172E-1306N": {
        "average": 76.5,
        "std": 22.5
    },
    "1014E-1375N": {
        "average": 65.0,
        "std": 0.0
    },
    "0331E-1257N": {
        "average": 84.0,
        "std": 0.0
    },
    "1209E-1113N": {
        "average": 76.5,
        "std": 58.5
    },
    "0632E-0892N": {
        "average": 78.0,
        "std": 54.0
    },
    "0577E-1243N": {
        "average": 49.0,
        "std": 0.0
    },
    "0586E-1127N": {
        "average": 52.0,
        "std": 35.6931365951495
    },
    "1848E-0793N": {
        "average": 42.0,
        "std": 26.0
    },
    "0595E-1278N": {
        "average": 106.0,
        "std": 0.0
    },
    "0506E-1204N": {
        "average": 33.75,
        "std": 12.255100978776143
    },
    "0368E-1245N": {
        "average": 45.333333333333336,
        "std": 31.351058816073323
    },
    "0977E-1187N": {
        "average": 31.333333333333332,
        "std": 7.542472332656507
    },
    "0760E-0887N": {
        "average": 46.5,
        "std": 21.5
    },
    "1438E-1134N": {
        "average": 34.0,
        "std": 31.0
    },
    "1289E-1169N": {
        "average": 45.0,
        "std": 23.0
    },
    "1748E-1247N": {
        "average": 68.0,
        "std": 0.0
    },
    "0566E-1185N": {
        "average": 111.0,
        "std": 0.0
    },
    "1669E-1153N": {
        "average": 68.0,
        "std": 0.0
    },
    "0544E-1228N": {
        "average": 35.5,
        "std": 32.5
    },
    "1200E-0847N": {
        "average": 44.5,
        "std": 23.5
    },
    "1015E-1062N": {
        "average": 62.0,
        "std": 0.0
    },
    "1276E-1107N": {
        "average": 49.0,
        "std": 0.0
    },
    "1138E-1216N": {
        "average": 31.666666666666668,
        "std": 6.599663291074443
    },
    "1615E-1206N": {
        "average": 68.0,
        "std": 0.0
    },
    "0434E-1218N": {
        "average": 68.0,
        "std": 0.0
    },
    "1439E-1134N": {
        "average": 65.0,
        "std": 0.0
    },
    "0571E-1075N": {
        "average": 37.0,
        "std": 0.0
    },
    "1389E-1284N": {
        "average": 35.0,
        "std": 0.0
    },
    "0361E-1300N": {
        "average": 29.0,
        "std": 0.0
    }
}