{
    "1": 0.0,
    "2": 0.0,
    "3": 0.0,
    "4": 0.0,
    "5": 0.0,
    "6": 9.218354439977423,
    "7": 9.218354439977423,
    "8": 9.218354439977423,
    "9": 9.218354439977423,
    "10": 9.218354439977423,
    "11": 9.218354439977423,
    "12": 9.218354439977423,
    "13": 9.218354439977423,
    "14": 9.218354439977423,
    "15": 12.544475977965684,
    "16": 15.69345469031319,
    "17": 31.27302694749738,
    "18": 42.83502604094928,
    "19": 42.83502604094928,
    "20": 42.83502604094928,
    "21": 42.83502604094928,
    "22": 44.53740888435728,
    "23": 44.53740888435728,
    "24": 66.42516843306596,
    "25": 66.42516843306596,
    "26": 66.42516843306596,
    "27": 69.78090831071201,
    "28": 69.78090831071201,
    "29": 69.78090831071201,
    "30": 69.78090831071201,
    "31": 69.78090831071201,
    "32": 69.78090831071201,
    "33": 86.841082780013,
    "34": 102.69992352671532,
    "35": 102.69992352671532,
    "36": 102.69992352671532,
    "37": 122.50761414368237,
    "38": 189.28376929033686,
    "39": 230.47381798571038,
    "40": 230.47381798571038,
    "41": 230.47381798571038,
    "42": 230.47381798571038,
    "43": 230.47381798571038,
    "44": 230.47381798571038,
    "45": 230.47381798571038,
    "46": 230.47381798571038,
    "47": 258.7938030581198,
    "48": 258.7938030581198,
    "49": 258.7938030581198,
    "50": 292.19489918317015,
    "51": 306.69936461394997,
    "52": 329.5088412581867,
    "53": 338.2830578293598,
    "54": 338.2830578293598,
    "55": 358.0064221323652,
    "56": 363.8968450926485,
    "57": 363.8968450926485,
    "58": 392.97818152989447,
    "59": 392.97818152989447,
    "60": 392.97818152989447,
    "61": 400.7699774721005,
    "62": 400.7699774721005,
    "63": 402.4130320187234,
    "64": 402.4130320187234,
    "65": 419.16169784795835,
    "66": 432.1556117926046,
    "67": 441.69456614670304,
    "68": 444.5978122582498,
    "69": 457.14383423182727,
    "70": 518.3932021300382,
    "71": 545.2833632133693,
    "72": 574.3159305106316,
    "73": 615.8345012381972,
    "74": 641.5686713014644,
    "75": 652.1963670498607,
    "76": 653.5457952564277,
    "77": 653.5457952564277,
    "78": 655.9445984726,
    "79": 655.9445984726,
    "80": 658.8038244379408,
    "81": 658.8038244379408,
    "82": 703.7768840419984,
    "83": 715.1964600914829,
    "84": 715.1964600914829,
    "85": 715.1964600914829,
    "86": 740.1597578822592,
    "87": 782.8514180078009,
    "88": 810.5851957698601,
    "89": 841.9904676885935,
    "90": 841.9904676885935,
    "91": 841.9904676885935,
    "92": 859.9765434596259,
    "93": 873.0117394482274,
    "94": 904.2161115496685,
    "95": 904.2161115496685,
    "96": 904.2161115496685,
    "97": 904.2161115496685,
    "98": 906.3245816424472,
    "99": 929.7072153239923,
    "100": 944.4030494020973
}