{
    "0": {
        "0": 0.0,
        "1": 0.0,
        "2": 0.0,
        "3": 0.0,
        "5": 0.0,
        "6": 0.0
    },
    "1": {
        "7": 0.0
    },
    "2": {
        "4": 0.0
    },
    "3": {
        "8": 0.0
    },
    "4": {},
    "5": {
        "8": 0.09218354439977423
    },
    "6": {
        "10": 0.0
    },
    "7": {
        "11": 0.0
    },
    "8": {
        "9": 0.0,
        "13": 0.0,
        "14": 0.0
    },
    "9": {
        "4": 0.0,
        "10": 0.0,
        "11": 0.0,
        "12": 0.0,
        "15": 0.0,
        "16": 0.0,
        "17": 0.0,
        "18": 0.0,
        "19": 0.0
    },
    "10": {
        "21": 0.0
    },
    "11": {
        "31": 0.0
    },
    "12": {
        "24": 0.0
    },
    "13": {
        "20": 0.0,
        "25": 0.0
    },
    "14": {
        "3": 0.0332612153798826,
        "26": 0.0,
        "29": 0.0
    },
    "15": {
        "1": 0.0,
        "2": 0.0,
        "3": 0.03148978712347508,
        "5": 0.0,
        "6": 0.0,
        "20": 0.0,
        "22": 0.0,
        "23": 0.0,
        "27": 0.0,
        "28": 0.0,
        "29": 0.0,
        "30": 0.0
    },
    "16": {
        "4": 0.15579572257184202
    },
    "17": {
        "8": 0.11561999093451891,
        "33": 0.0,
        "38": 0.0
    },
    "18": {
        "5": 0.0,
        "37": 0.0
    },
    "19": {
        "18": 0.0
    },
    "20": {
        "22": 0.0,
        "32": 0.0,
        "34": 0.0,
        "35": 0.0,
        "36": 0.0,
        "37": 0.0,
        "38": 0.0
    },
    "21": {
        "11": 0.017023828434080172,
        "34": 0.0
    },
    "22": {
        "14": 0.0,
        "21": 0.0,
        "30": 0.0,
        "39": 0.0
    },
    "23": {
        "4": 0.19642124704580347,
        "7": 0.0,
        "11": 0.02245634844128316,
        "16": 0.0,
        "25": 0.0,
        "40": 0.0
    },
    "24": {
        "44": 0.0
    },
    "25": {
        "24": 0.0,
        "43": 0.0
    },
    "26": {
        "1": 0.0,
        "3": 0.03355739877646006,
        "9": 0.0,
        "14": 0.0,
        "28": 0.0,
        "29": 0.0,
        "30": 0.0,
        "41": 0.0,
        "42": 0.0,
        "45": 0.0,
        "46": 0.0
    },
    "27": {
        "46": 0.0
    },
    "28": {
        "48": 0.0
    },
    "29": {
        "33": 0.0,
        "38": 0.0,
        "49": 0.0
    },
    "30": {
        "5": 0.0,
        "6": 0.0
    },
    "31": {
        "42": 0.0
    },
    "32": {
        "33": 0.0,
        "34": 0.17060174469300957,
        "37": 0.0,
        "47": 0.0,
        "48": 0.0,
        "49": 0.0,
        "50": 0.0
    },
    "33": {
        "7": 0.1585884074670231,
        "51": 0.0
    },
    "34": {
        "35": 0.0,
        "47": 0.0
    },
    "35": {
        "27": 0.0,
        "50": 0.0
    },
    "36": {
        "34": 0.1980769061696702,
        "36": 0.0,
        "45": 0.0
    },
    "37": {
        "7": 0.15091875856893341,
        "8": 0.09903585363127462,
        "16": 0.0,
        "21": 0.0,
        "25": 0.0,
        "30": 0.0,
        "40": 0.0,
        "44": 0.41780693926633794,
        "52": 0.0
    },
    "38": {
        "44": 0.4119004869537356
    },
    "39": {
        "15": 0.0
    },
    "40": {
        "43": 0.0
    },
    "41": {
        "17": 0.0
    },
    "42": {
        "1": 0.0,
        "2": 0.0,
        "12": 0.0,
        "41": 0.0
    },
    "43": {
        "12": 0.0,
        "17": 0.0,
        "31": 0.0,
        "41": 0.0,
        "43": 0.0,
        "45": 0.0,
        "46": 0.0
    },
    "44": {
        "9": 0.0,
        "28": 0.0
    },
    "45": {
        "23": 0.0,
        "46": 0.0
    },
    "46": {
        "0": 0.28319985072409437
    },
    "47": {
        "6": 0.0
    },
    "48": {
        "26": 0.0,
        "42": 0.0
    },
    "49": {
        "0": 0.3058368006531214,
        "1": 0.0,
        "3": 0.028174160597382758,
        "5": 0.0,
        "20": 0.0,
        "22": 0.0,
        "24": 0.0,
        "33": 0.0,
        "48": 0.0,
        "50": 0.0,
        "51": 0.0
    },
    "50": {
        "7": 0.14504465430779498,
        "51": 0.0
    },
    "51": {
        "4": 0.2280947664423668,
        "47": 0.0
    },
    "52": {
        "27": 0.0,
        "50": 0.0,
        "52": 0.08774216571172952
    },
    "53": {
        "36": 0.0,
        "45": 0.0
    },
    "54": {
        "18": 0.07707636682588703,
        "36": 0.0,
        "52": 0.12015727620416763,
        "53": 0.0
    },
    "55": {
        "10": 0.058904229602833785
    },
    "56": {
        "9": 0.0,
        "13": 0.0,
        "41": 0.0
    },
    "57": {
        "4": 0.12505461846516402,
        "10": 0.055140529923224484,
        "11": 0.023548753432165056,
        "12": 0.0,
        "13": 0.0,
        "15": 0.0,
        "17": 0.0,
        "18": 0.087069462551909,
        "19": 0.0,
        "26": 0.0,
        "43": 0.0
    },
    "58": {
        "21": 0.0
    },
    "59": {
        "23": 0.0,
        "31": 0.0
    },
    "60": {
        "24": 0.07791795942206049
    },
    "61": {
        "20": 0.0,
        "25": 0.0
    },
    "62": {
        "3": 0.01643054546623048
    },
    "63": {
        "26": 0.0,
        "29": 0.0
    },
    "64": {
        "1": 0.0,
        "2": 0.0,
        "3": 0.025026823342957468,
        "5": 0.041280711017769825,
        "6": 0.0,
        "20": 0.0,
        "22": 0.0,
        "23": 0.0,
        "24": 0.10117912393162376,
        "27": 0.0,
        "28": 0.0,
        "30": 0.0
    },
    "65": {
        "4": 0.1299391394464645
    },
    "66": {
        "8": 0.09538954354098748,
        "33": 0,
        "38": 0.0
    },
    "67": {
        "5": 0.029032461115466347,
        "37": 0.0
    },
    "68": {
        "18": 0.12546021973577556
    },
    "69": {
        "22": 0.0,
        "34": 0.26685006224535157,
        "35": 0.0,
        "36": 0.0,
        "37": 0.0,
        "38": 0.0,
        "39": 0.34564361673675825
    },
    "70": {
        "11": 0.024423399263051655,
        "34": 0.24447821157026478
    },
    "71": {
        "14": 0.0,
        "21": 0.0,
        "30": 0.0,
        "39": 0.29032567297262096
    },
    "72": {
        "4": 0.1547723445545507,
        "7": 0.12916816999623504,
        "11": 0.03358097501462493,
        "16": 0.0,
        "18": 0.09766421771023534,
        "26": 0.0,
        "40": 0.0
    },
    "73": {
        "44": 0.2573417006326725
    },
    "74": {
        "24": 0.10627695748395782,
        "43": 0.0
    },
    "75": {
        "1": 0.0,
        "3": 0.013494282065671062,
        "29": 0.0
    },
    "76": {
        "2": 0.0,
        "9": 0.0,
        "14": 0.0,
        "23": 0.0,
        "27": 0.0,
        "28": 0.0,
        "29": 0.0,
        "30": 0.0,
        "41": 0.0,
        "42": 0.0,
        "46": 0.0
    },
    "77": {
        "48": 0.02398803216172313
    },
    "78": {
        "33": 0,
        "38": 0.0
    },
    "79": {
        "5": 0.028592259653406425,
        "6": 0.0,
        "37": 0.0
    },
    "80": {
        "42": 0.0
    },
    "81": {
        "22": 0.0,
        "34": 0.2813799999458426,
        "37": 0.0,
        "38": 0.0,
        "47": 0.0,
        "49": 0.16835059609473016,
        "50": 0.0
    },
    "82": {
        "7": 0.11419576049484284,
        "51": 0.0
    },
    "83": {
        "35": 0.0
    },
    "84": {
        "27": 0.0,
        "50": 0.0
    },
    "85": {
        "34": 0.24963297790776878,
        "36": 0.0,
        "45": 0.0
    },
    "86": {
        "16": 0.0,
        "30": 0.0,
        "40": 0.0,
        "44": 0.4247300993125115,
        "53": 0.0021865019429076517
    },
    "87": {
        "7": 0.08325793290868796,
        "8": 0.10742107752828184,
        "25": 0.0,
        "40": 0.0,
        "52": 0.08665876718362175
    },
    "88": {
        "44": 0.31405271918733013
    },
    "89": {
        "15": 0.0
    },
    "90": {
        "43": 0.0
    },
    "91": {
        "17": 0.1798607577103217
    },
    "92": {
        "1": 0.0,
        "2": 0.0,
        "12": 0.1303519598860125,