{
    "time_step_utility_dict": {
        "1": 0.0,
        "2": 0.0,
        "3": 0.0,
        "4": 0.0,
        "5": 0.0,
        "6": 9.218354439977423,
        "7": 0.0,
        "8": 0.0,
        "9": 0.0,
        "10": 0.0,
        "11": 0.0,
        "12": 0.0,
        "13": 0.0,
        "14": 0.0,
        "15": 3.3261215379882607,
        "16": 3.148978712347507,
        "17": 15.579572257184191,
        "18": 11.561999093451899,
        "19": 0.0,
        "20": 0.0,
        "21": 0.0,
        "22": 1.702382843408003,
        "23": 0.0,
        "24": 21.88775954870868,
        "25": 0.0,
        "26": 0.0,
        "27": 3.3557398776460445,
        "28": 0.0,
        "29": 0.0,
        "30": 0.0,
        "31": 0.0,
        "32": 0.0,
        "33": 17.06017446930099,
        "34": 15.858840746702327,
        "35": 0.0,
        "36": 0.0,
        "37": 19.80769061696705,
        "38": 66.77615514665449,
        "39": 41.19004869537352,
        "40": 0.0,
        "41": 0.0,
        "42": 0.0,
        "43": 0.0,
        "44": 0.0,
        "45": 0.0,
        "46": 0.0,
        "47": 28.319985072409423,
        "48": 0.0,
        "49": 0.0,
        "50": 33.401096125050344,
        "51": 14.504465430779817,
        "52": 22.809476644236724,
        "53": 8.774216571173099,
        "54": 0.0,
        "55": 19.723364303005383,
        "56": 5.890422960283331,
        "57": 0.0,
        "58": 29.081336437245966,
        "59": 0.0,
        "60": 0.0,
        "61": 7.791795942206022,
        "62": 0.0,
        "63": 1.6430545466229205,
        "64": 0.0,
        "65": 16.748665829234938,
        "66": 12.993913944646238,
        "67": 9.53895435409845,
        "68": 2.903246111546764,
        "69": 12.546021973577467,
        "70": 61.24936789821089,
        "71": 26.890161083331122,
        "72": 29.03256729726229,
        "73": 41.51857072756559,
        "74": 25.734170063267243,
        "75": 10.627695748396263,
        "76": 1.3494282065670404,
        "77": 0.0,
        "78": 2.3988032161722685,
        "79": 0.0,
        "80": 2.8592259653407837,
        "81": 0.0,
        "82": 44.97305960405765,
        "83": 11.419576049484476,
        "84": 0.0,
        "85": 0.0,
        "86": 24.963297790776323,
        "87": 42.691660125541716,
        "88": 27.733777762059162,
        "89": 31.405271918733433,
        "90": 0.0,
        "91": 0.0,
        "92": 17.986075771032347,
        "93": 13.035195988601572,
        "94": 31.204372101441095,
        "95": 0.0,
        "96": 0.0,
        "97": 0.0,
        "98": 2.1084700927787026,
        "99": 23.38263368154503,
        "100": 14.695834078105008
    },
    "total_utility": 944.4030494020973
}