{"Sentinel-2": [4.27893883921206, 4.2691901018843055, 20.607622707262635, 13.230435914825648, 24.35798920923844, 3.4627935639582574, 4.041593073867261, 5.382766562048346, 8.433548802044243, 5.875975094269961, 4.440000848844647, 4.634689665865153, 4.633954635821283, 4.672775547020137, 24.535419389605522, 4.914053979795426, 5.1244045570492744, 5.342236059717834, 4.514760592952371, 8.29801821988076, 5.294610215816647, 4.161931347101927, 5.358276308979839, 3.6638260576874018, 4.205766180995852, 12.736155493184924, 4.629316016100347, 4.0200309981592, 3.63005037792027, 3.4273003530688584, 3.2210937459021807, 12.39538399875164, 3.228593031410128, 3.1389095168560743, 2.9753892021253705, 2.5277270982041955, 2.2954620737582445, 2.5327931637875736, 2.6365899429656565, 2.61253191716969, 2.3670512521639466, 2.46329854009673, 2.241831085179001, 2.2527379910461605, 2.2637009187601507, 2.2483421126380563, 2.262800279073417, 2.211144022177905, 2.3492349442094564, 2.3190125757828355, 2.340271530672908, 2.231074654031545, 2.2311664847657084, 2.2283239350654185, 2.2321231397800148, 2.243157512973994, 2.2316330950707197, 2.226008951663971, 2.2320611849427223, 2.2354589719325304, 2.246106628794223, 2.252763958647847, 2.2738276799209416, 2.308588641230017, 2.2397039122879505, 2.252609876450151, 2.2473837272264063, 2.244491101242602, 2.3265711860731244, 2.268759567756206], "Starlink": [3.8107006018981338, 4.013175710104406, 3.5376708447001874, 3.324206617195159, 3.975718633271754, 4.009755040984601, 3.1931460248306394, 2.629414123017341, 2.7813182352110744, 2.654810830950737, 2.7397574549540877, 2.3429345367476344, 2.412433549761772, 2.5015940899029374, 2.242296072654426, 5.895719444844872, 5.013782959897071, 4.5212226109579206, 5.196992282755673, 4.347122536972165, 4.569380810018629, 4.17957315640524, 4.056663454975933, 3.8614948289468884, 5.563139209989458, 3.349223797209561, 9.240431552752852, 20.904418013058603, 2.510386092122644, 2.5360027840361, 2.6275551579892635, 2.4420584989711642, 2.4765377580188215, 2.7458515488542616, 2.3275816719979048, 2.335505401249975, 2.3243515556678176, 2.3282742970623076, 2.242210808210075, 2.4780461881309748, 2.498374227900058, 2.4956189040094614, 2.608660981990397, 2.506760542280972, 2.498449838720262, 2.4985087593086064, 2.3329007420688868, 2.3655992783606052, 2.39837619708851, 4.090960594825447, 3.2340279831551015, 3.2042965819127858, 2.924215955659747, 2.7942392420955002, 2.848875147756189, 2.7973696500994265, 2.4817208400927484, 2.411355768330395, 2.2925896872766316, 2.275178947020322, 2.35810032999143, 2.3715601079165936, 2.373863162007183, 2.3913526637479663, 2.548933256883174, 2.433540639001876, 2.370365023612976, 2.359942004084587, 2.4902049731463194, 2.4871904398314655, 2.4143604999408126, 2.3068947149440646, 2.2845721673220396, 2.2889934200793505, 2.2858235710300505, 2.3574140798300505, 2.2899839929305017, 2.3165548532269895, 2.285359498113394, 2.293984367977828, 2.296547899954021]}