{
    "0": {
        "0": 0.0,
        "1": 0.0,
        "2": 0.0,
        "3": 0.0,
        "5": 0.0,
        "6": 0.0
    },
    "1": {
        "7": 0.0
    },
    "2": {
        "4": 0.0
    },
    "3": {
        "8": 0.0
    },
    "4": {},
    "5": {
        "8": 0.10210643474111211
    },
    "6": {
        "10": 0.0
    },
    "7": {
        "11": 0.0
    },
    "8": {
        "9": 0.0,
        "13": 0.0,
        "14": 0.0
    },
    "9": {
        "4": 0.0,
        "10": 0.0,
        "11": 0.0,
        "12": 0.0,
        "15": 0.0,
        "16": 0.0,
        "17": 0.0,
        "18": 0.0,
        "19": 0.0
    },
    "10": {
        "21": 0.0
    },
    "11": {
        "26": 0.0
    },
    "12": {
        "22": 0.0
    },
    "13": {
        "20": 0.0,
        "23": 0.0
    },
    "14": {
        "3": 0.05708083863514334,
        "24": 0.0,
        "25": 0.0
    },
    "15": {
        "1": 0.0,
        "2": 0.0,
        "3": 0.04103714059079652,
        "5": 0.0,
        "6": 0.0,
        "20": 0.0,
        "25": 0.0
    },
    "16": {
        "4": 0.2026606950013664
    },
    "17": {
        "8": 0.11644897630976508,
        "29": 0.0,
        "34": 0.0
    },
    "18": {
        "5": 0.0,
        "33": 0.0
    },
    "19": {
        "18": 0.0
    },
    "20": {
        "27": 0.0,
        "28": 0.0,
        "30": 0.0,
        "31": 0.0,
        "32": 0.0,
        "33": 0.0,
        "34": 0.0
    },
    "21": {
        "11": 0.02339170784437334,
        "30": 0.0
    },
    "22": {
        "14": 0.0,
        "21": 0.0,
        "35": 0.0,
        "36": 0.0
    },
    "23": {
        "4": 0.23582261724188464,
        "7": 0.0,
        "11": 0.034570671054988254,
        "16": 0.0,
        "23": 0.0,
        "37": 0.0
    },
    "24": {
        "40": 0.0
    },
    "25": {
        "22": 0.0,
        "39": 0.0
    },
    "26": {
        "1": 0.0,
        "3": 0.05335939467790327,
        "9": 0.0,
        "14": 0.0,
        "25": 0.0,
        "35": 0.0,
        "38": 0.0,
        "41": 0.0,
        "42": 0.0
    },
    "27": {
        "42": 0.0
    },
    "28": {
        "46": 0.0
    },
    "29": {
        "29": 0.0,
        "34": 0.0,
        "47": 0.0
    },
    "30": {
        "5": 0.0,
        "6": 0.0
    },
    "31": {
        "44": 0.0
    },
    "32": {
        "29": 0.0,
        "30": 0.0,
        "33": 0.0,
        "43": 0.0,
        "45": 0.0,
        "46": 0.0,
        "47": 0.0
    },
    "33": {
        "7": 0.0,
        "49": 0.0
    },
    "34": {
        "31": 0.0,
        "43": 0.0
    },
    "35": {
        "45": 0.0,
        "48": 0.0
    },
    "36": {
        "30": 0.0,
        "32": 0.0,
        "41": 0.0
    },
    "37": {
        "7": 0.0,
        "8": 0.12705492951835887,
        "16": 0.0,
        "21": 0.0,
        "23": 0.0,
        "35": 0.0,
        "37": 0.0,
        "40": 0.39884229230904533,
        "50": 0.0
    },
    "38": {
        "40": 0.3825783306166472
    },
    "39": {
        "15": 0.0
    },
    "40": {
        "39": 0.0
    },
    "41": {
        "17": 0.0
    },
    "42": {
        "1": 0.0,
        "2": 0.0,
        "12": 0.0,
        "38": 0.0
    },
    "43": {
        "12": 0.0,
        "17": 0.0,
        "26": 0.0,
        "38": 0.0,
        "39": 0.0,
        "41": 0.0,
        "42": 0.0
    },
    "44": {
        "9": 0.0,
        "51": 0.0
    },
    "45": {
        "42": 0.0,
        "52": 0.0
    },
    "46": {
        "0": 0.3620560346505129
    },
    "47": {
        "6": 0.0
    },
    "48": {
        "24": 0.0,
        "44": 0.0
    },
    "49": {
        "0": 0.3312924870541405,
        "1": 0.0,
        "3": 0.04109744482886431,
        "5": 0.0,
        "20": 0.0,
        "22": 0.0,
        "27": 0.0,
        "29": 0.0,
        "45": 0.0,
        "46": 0.0,
        "49": 0.0
    },
    "50": {
        "7": 0.0,
        "49": 0.0
    },
    "51": {
        "4": 0.261266645698875,
        "43": 0.0
    },
    "52": {
        "45": 0.0,
        "48": 0.0,
        "50": 0.04504105397251765
    },
    "53": {
        "32": 0.007189741082243502,
        "41": 0.0
    },
    "54": {
        "18": 0.0794894030208973,
        "32": 0.0006071125511816644,
        "50": 0.06453000957514002,
        "53": 0.0
    },
    "55": {
        "10": 0.08829490303733349
    },
    "56": {
        "9": 0.0,
        "13": 0.0,
        "38": 0.0
    },
    "57": {
        "4": 0.1440295456051809,
        "10": 0.08747627532281652,
        "11": 0.026833614715531855,
        "12": 0.0,
        "13": 0.0,
        "15": 0.0,
        "17": 0.0,
        "18": 0.08574974709869433,
        "19": 0.0,
        "24": 0.0,
        "39": 0.0
    },
    "58": {
        "21": 0.0
    },
    "59": {
        "26": 0.0,
        "52": 0.0
    },
    "60": {
        "22": 0.0
    },
    "61": {
        "20": 0.0,
        "23": 0.0
    },
    "62": {
        "3": 0.03904130996737834
    },
    "63": {
        "24": 0.0,
        "25": 0.0
    },
    "64": {
        "1": 0.0,
        "2": 0.0,
        "3": 0.0391484800516211,
        "5": 0.0,
        "6": 0.0,
        "20": 0.0,
        "22": 0.0,
        "27": 0.0,
        "35": 0.0,
        "48": 0.0,
        "51": 0.0,
        "52": 0.0
    },
    "65": {
        "4": 0.1546433800828861
    },
    "66": {
        "8": 0.11734775705042592,
        "29": 0,
        "34": 0.08451986700135894
    },
    "67": {
        "5": 0.0,
        "33": 0.0
    },
    "68": {
        "18": 0.09245295330991034
    },
    "69": {
        "27": 0.0,
        "30": 0.0,
        "31": 0.0,
        "32": 0.004804602526905087,
        "33": 0.0,
        "34": 0.08777382346132794,
        "36": 0.31569805408803264
    },
    "70": {
        "11": 0.027062617209025714,
        "30": 0.0
    },
    "71": {
        "14": 0.0,
        "21": 0.0,
        "35": 0.0,
        "36": 0.27438577099912104
    },
    "72": {
        "4": 0.21442848842945966,
        "7": 0.0,
        "11": 0.02407222887651937,
        "16": 0.0,
        "18": 0.07323407692408568,
        "24": 0.0,
        "37": 0.0
    },
    "73": {
        "40": 0.22684722278049246
    },
    "74": {
        "22": 0.0,
        "39": 0.0
    },
    "75": {
        "1": 0.0,
        "3": 0.030787967380621714,
        "25": 0.0
    },
    "76": {
        "2": 0.0,
        "9": 0.0,
        "14": 0.0,
        "25": 0.0,
        "35": 0.0,
        "38": 0.0,
        "42": 0.0,
        "44": 0.0,
        "48": 0.0,
        "51": 0.0,
        "52": 0.0
    },
    "77": {
        "46": 0.030671231397676094
    },
    "78": {
        "29": 0,
        "34": 0.07859682624932646
    },
    "79": {
        "5": 0.0,
        "6": 0.0,
        "33": 0.0
    },
    "80": {
        "44": 0.0
    },
    "81": {
        "27": 0.0,
        "30": 0.0,
        "33": 0.0,
        "34": 0.11207996222137312,
        "43": 0.0,
        "45": 0.0,
        "47": 0.17964084803089805
    },
    "82": {
        "7": 0.0,
        "49": 0.0922992695064827
    },
    "83": {
        "31": 0.0
    },
    "84": {
        "45": 0.0,
        "48": 0.0
    },
    "85": {
        "30": 0.0,
        "32": 0.0014568841585359338,
        "41": 0.0
    },
    "86": {
        "16": 0.0,
        "35": 0.0,
        "37": 0.0,
        "40": 0.37115380851161256,
        "53": 0.0010606982610628047
    },
    "87": {
        "7": 0.0,
        "8": 0.09048066840031886,
        "23": 0.0,
        "37": 0.0,
        "50": 0.04288790651003785
    },
    "88": {
        "40": 0.2579503401336492
    },
    "89": {
        "15": 0.1468827319705542
    },
    "90": {
        "39": 0.1460361383732546
    },
    "91": {
        "17": 0.1835879688488786
    },
    "92": {
        "1": 0.0,
        "2": 0.0,
        "12": 0.0,
        "38": 0.2167241679946047
    },
    "93": {
        "14": 0.0,
        "17": 0.20674974171649108,
        "26": 0.0,
        "38": 0.24156460658009377,
        "39": 0.1778124404492932,
        "41": 0.0,
        "42": 0.0
    },
    "94": {
        "44": 0.0
    },