{
    "1": 0.0,
    "2": 0.0,
    "3": 0.0,
    "4": 0.0,
    "5": 0.0,
    "6": 10.210643474111214,
    "7": 10.210643474111214,
    "8": 10.210643474111214,
    "9": 10.210643474111214,
    "10": 10.210643474111214,
    "11": 10.210643474111214,
    "12": 10.210643474111214,
    "13": 10.210643474111214,
    "14": 10.210643474111214,
    "15": 15.918727337625542,
    "16": 20.022441396705194,
    "17": 40.28851089684184,
    "18": 51.93340852781834,
    "19": 51.93340852781834,
    "20": 51.93340852781834,
    "21": 51.93340852781834,
    "22": 54.27257931225567,
    "23": 54.27257931225567,
    "24": 81.311908141943,
    "25": 81.311908141943,
    "26": 81.311908141943,
    "27": 86.64784760973329,
    "28": 86.64784760973329,
    "29": 86.64784760973329,
    "30": 86.64784760973329,
    "31": 86.64784760973329,
    "32": 86.64784760973329,
    "33": 86.64784760973329,
    "34": 86.64784760973329,
    "35": 86.64784760973329,
    "36": 86.64784760973329,
    "37": 86.64784760973329,
    "38": 139.23756979247375,
    "39": 177.49540285413846,
    "40": 177.49540285413846,
    "41": 177.49540285413846,
    "42": 177.49540285413846,
    "43": 177.49540285413846,
    "44": 177.49540285413846,
    "45": 177.49540285413846,
    "46": 177.49540285413846,
    "47": 213.7010063191896,
    "48": 213.7010063191896,
    "49": 213.7010063191896,
    "50": 250.93999950749006,
    "51": 250.93999950749006,
    "52": 277.06666407737754,
    "53": 281.57076947462923,
    "54": 282.2897435828536,
    "55": 296.7523960975758,
    "56": 305.58188640130913,
    "57": 305.58188640130913,
    "58": 339.99080467553136,
    "59": 339.99080467553136,
    "60": 339.99080467553136,
    "61": 339.99080467553136,
    "62": 339.99080467553136,
    "63": 343.89493567226924,
    "64": 343.89493567226924,
    "65": 347.80978367743137,
    "66": 363.2741216857203,
    "67": 383.4608840908988,
    "68": 383.4608840908988,
    "69": 392.7061794218897,
    "70": 433.53382742951624,
    "71": 436.2400891504187,
    "72": 463.6786662503307,
    "73": 494.8521456733373,
    "74": 517.5368679513861,
    "75": 517.5368679513861,
    "76": 520.6156646894482,
    "77": 520.6156646894482,
    "78": 523.6827878292164,
    "79": 531.542470454149,
    "80": 531.542470454149,
    "81": 531.542470454149,
    "82": 560.7145514793763,
    "83": 569.944478430024,
    "84": 569.944478430024,
    "85": 569.944478430024,
    "86": 570.0901668458777,
    "87": 607.3116175231453,
    "88": 620.6484750141805,
    "89": 646.443509027545,
    "90": 661.1317822246006,
    "91": 675.7353960619257,
    "92": 694.0941929468131,
    "93": 715.7666097462741,
    "94": 778.3792886208618,
    "95": 778.3792886208618,
    "96": 799.2092301725331,
    "97": 799.2092301725331,
    "98": 802.9838568409507,
    "99": 823.2297321219584,
    "100": 823.2297321219584
}