{
    "time_step_utility_dict": {
        "1": 0.0,
        "2": 0.0,
        "3": 0.0,
        "4": 0.0,
        "5": 0.0,
        "6": 10.210643474111214,
        "7": 0.0,
        "8": 0.0,
        "9": 0.0,
        "10": 0.0,
        "11": 0.0,
        "12": 0.0,
        "13": 0.0,
        "14": 0.0,
        "15": 5.708083863514329,
        "16": 4.1037140590796515,
        "17": 20.26606950013665,
        "18": 11.644897630976494,
        "19": 0.0,
        "20": 0.0,
        "21": 0.0,
        "22": 2.3391707844373357,
        "23": 0.0,
        "24": 27.03932882968732,
        "25": 0.0,
        "26": 0.0,
        "27": 5.335939467790297,
        "28": 0.0,
        "29": 0.0,
        "30": 0.0,
        "31": 0.0,
        "32": 0.0,
        "33": 0.0,
        "34": 0.0,
        "35": 0.0,
        "36": 0.0,
        "37": 0.0,
        "38": 52.58972218274046,
        "39": 38.25783306166471,
        "40": 0.0,
        "41": 0.0,
        "42": 0.0,
        "43": 0.0,
        "44": 0.0,
        "45": 0.0,
        "46": 0.0,
        "47": 36.20560346505113,
        "48": 0.0,
        "49": 0.0,
        "50": 37.23899318830047,
        "51": 0.0,
        "52": 26.12666456988748,
        "53": 4.504105397251692,
        "54": 0.7189741082243586,
        "55": 14.462652514722208,
        "56": 8.829490303733337,
        "57": 0.0,
        "58": 34.40891827422223,
        "59": 0.0,
        "60": 0.0,
        "61": 0.0,
        "62": 0.0,
        "63": 3.9041309967378766,
        "64": 0.0,
        "65": 3.9148480051621277,
        "66": 15.464338008288905,
        "67": 20.186762405178513,
        "68": 0.0,
        "69": 9.245295330990928,
        "70": 40.82764800762652,
        "71": 2.7062617209024893,
        "72": 27.43857709991198,
        "73": 31.173479423006597,
        "74": 22.684722278048753,
        "75": 0.0,
        "76": 3.078796738062124,
        "77": 0.0,
        "78": 3.0671231397682277,
        "79": 7.859682624932589,
        "80": 0.0,
        "81": 0.0,
        "82": 29.17208102522727,
        "83": 9.229926950647723,
        "84": 0.0,
        "85": 0.0,
        "86": 0.14568841585366954,
        "87": 37.221450677267626,
        "88": 13.336857491035175,
        "89": 25.795034013364557,
        "90": 14.688273197055537,
        "91": 14.603613837325156,
        "92": 18.358796884887397,
        "93": 21.67241679946096,
        "94": 62.61267887458769,
        "95": 0.0,
        "96": 20.829941551671368,
        "97": 0.0,
        "98": 3.774626668417568,
        "99": 20.24587528100767,
        "100": 0.0
    },
    "total_utility": 823.2297321219584
}