{
    "0": {
        "dice_mean": 0.0,
        "dice_std": 0.0,
        "entropy_mean": 0.1535168523127604,
        "entropy_std": 3.824617529904578e-05
    },
    "1": {
        "dice_mean": 0.0,
        "dice_std": 0.0,
        "entropy_mean": 0.007373737309146336,
        "entropy_std": 0.00020042829028850203
    },
    "2": {
        "dice_mean": 0.002164647226529736,
        "dice_std": 0.029432991526919153,
        "entropy_mean": 0.006606164558065676,
        "entropy_std": 0.013185387506035236
    },
    "3": {
        "dice_mean": 0.1858618217110289,
        "dice_std": 0.2823992896866696,
        "entropy_mean": 0.08524735018709646,
        "entropy_std": 0.06911332671499194
    },
    "4": {
        "dice_mean": 0.5232708849310889,
        "dice_std": 0.31708232814418547,
        "entropy_mean": 0.19102444639691046,
        "entropy_std": 0.06545267253009006
    },
    "5": {
        "dice_mean": 0.47132057986374526,
        "dice_std": 0.3334765233327761,
        "entropy_mean": 0.154337304153238,
        "entropy_std": 0.07227043983203664
    },
    "6": {
        "dice_mean": 0.47421388597834147,
        "dice_std": 0.336851718282759,
        "entropy_mean": 0.15119053547885222,
        "entropy_std": 0.07288179541770681
    },
    "7": {
        "dice_mean": 0.529358142481866,
        "dice_std": 0.32300052129630236,
        "entropy_mean": 0.18566451442531978,
        "entropy_std": 0.07120127750896697
    },
    "8": {
        "dice_mean": 0.5290614456355567,
        "dice_std": 0.31065664953716887,
        "entropy_mean": 0.1945730151042046,
        "entropy_std": 0.06648339792299862
    },
    "9": {
        "dice_mean": 0.5472915950577307,
        "dice_std": 0.32445749641029453,
        "entropy_mean": 0.17889509382023283,
        "entropy_std": 0.0691948041877139
    },
    "10": {
        "dice_mean": 0.5485701793925739,
        "dice_std": 0.3188998739250495,
        "entropy_mean": 0.16872900491788653,
        "entropy_std": 0.06867591316630561
    },
    "11": {
        "dice_mean": 0.5575328561567398,
        "dice_std": 0.32768754610287115,
        "entropy_mean": 0.1967692195946816,
        "entropy_std": 0.07067339596981026
    },
    "12": {
        "dice_mean": 0.5309480699186215,
        "dice_std": 0.3269102628522439,
        "entropy_mean": 0.179974761925287,
        "entropy_std": 0.07051979363665521
    },
    "13": {
        "dice_mean": 0.5431237524202431,
        "dice_std": 0.3251737486006584,
        "entropy_mean": 0.18423146300105392,
        "entropy_std": 0.07477722129230674
    },
    "14": {
        "dice_mean": 0.5027029711331007,
        "dice_std": 0.3309078296903741,
        "entropy_mean": 0.1588419454393686,
        "entropy_std": 0.074280083848531
    },
    "15": {
        "dice_mean": 0.4880231936376686,
        "dice_std": 0.34545106537813114,
        "entropy_mean": 0.1317217317429962,
        "entropy_std": 0.07395919356751873
    },
    "16": {
        "dice_mean": 0.542466058497195,
        "dice_std": 0.33334238696900154,
        "entropy_mean": 0.1590566723514768,
        "entropy_std": 0.07171127070482836
    },
    "17": {
        "dice_mean": 0.5696506601365777,
        "dice_std": 0.33187621871810286,
        "entropy_mean": 0.17109310530546273,
        "entropy_std": 0.07155273951104801
    },
    "18": {
        "dice_mean": 0.45020848935889757,
        "dice_std": 0.34898219656518253,
        "entropy_mean": 0.1414697526751587,
        "entropy_std": 0.07298797498467778
    },
    "19": {
        "dice_mean": 0.551270166500237,
        "dice_std": 0.3349591176676331,
        "entropy_mean": 0.20415727312263815,
        "entropy_std": 0.06526239554664746
    },
    "20": {
        "dice_mean": 0.5691772911628098,
        "dice_std": 0.3313834009272275,
        "entropy_mean": 0.17540816172451112,
        "entropy_std": 0.07159088164544085
    },
    "21": {
        "dice_mean": 0.5400301281936877,
        "dice_std": 0.3410013931854437,
        "entropy_mean": 0.16991199315786748,
        "entropy_std": 0.07295058973915935
    },
    "22": {
        "dice_mean": 0.5629295201374368,
        "dice_std": 0.31082644648202395,
        "entropy_mean": 0.20024153218003043,
        "entropy_std": 0.07584328488447445
    },
    "23": {
        "dice_mean": 0.5609997126261541,
        "dice_std": 0.3310309814106911,
        "entropy_mean": 0.17353587084111644,
        "entropy_std": 0.07592365249349468
    },
    "24": {
        "dice_mean": 0.49943147584749825,
        "dice_std": 0.3501326666938307,
        "entropy_mean": 0.15792281256985632,
        "entropy_std": 0.07213161487415183
    },
    "25": {
        "dice_mean": 0.49847034413002494,
        "dice_std": 0.35314475615767926,
        "entropy_mean": 0.1472723815242903,
        "entropy_std": 0.07320335803223377
    },
    "26": {
        "dice_mean": 0.6155023435121026,
        "dice_std": 0.31092129595733387,
        "entropy_mean": 0.18991952641438745,
        "entropy_std": 0.06589276933720475
    },
    "27": {
        "dice_mean": 0.5786746572626897,
        "dice_std": 0.3375811351258589,
        "entropy_mean": 0.16869619109359243,
        "entropy_std": 0.06894021946003791
    },
    "28": {
        "dice_mean": 0.6018785594680285,
        "dice_std": 0.32373244343999596,
        "entropy_mean": 0.160049093301028,
        "entropy_std": 0.06864046979140781
    },
    "29": {
        "dice_mean": 0.6115217506730458,
        "dice_std": 0.31500449999773295,
        "entropy_mean": 0.19986978914249365,
        "entropy_std": 0.06309593571294271
    },
    "30": {
        "dice_mean": 0.5651226604581091,
        "dice_std": 0.33093080912963796,
        "entropy_mean": 0.1709388810560797,
        "entropy_std": 0.07142096240144212
    },
    "31": {
        "dice_mean": 0.5329048551843123,
        "dice_std": 0.3489030353640837,
        "entropy_mean": 0.1548148731303836,
        "entropy_std": 0.06884916083346758
    },
    "32": {
        "dice_mean": 0.6341128486353071,
        "dice_std": 0.31205721650477125,
        "entropy_mean": 0.17274674567658543,
        "entropy_std": 0.06487553100618174
    },
    "33": {
        "dice_mean": 0.6090641583599752,
        "dice_std": 0.33249831550810327,
        "entropy_mean": 0.14615242384059107,
        "entropy_std": 0.06637267253182406
    },
    "34": {
        "dice_mean": 0.5848226613924671,
        "dice_std": 0.3354250616716046,
        "entropy_mean": 0.19139962200370308,
        "entropy_std": 0.06840154294190981
    },
    "35": {
        "dice_mean": 0.6317167730131108,
        "dice_std": 0.31082084845376234,
        "entropy_mean": 0.1765586808452377,
        "entropy_std": 0.0692615416446228
    },
    "36": {
        "dice_mean": 0.6009394317670909,
        "dice_std": 0.32644638265681275,
        "entropy_mean": 0.19714046508390448,
        "entropy_std": 0.06547758917102023
    },
    "37": {
        "dice_mean": 0.6326818444194648,
        "dice_std": 0.30820308471422425,
        "entropy_mean": 0.20399518672820746,
        "entropy_std": 0.06436474133376348
    },
    "38": {
        "dice_mean": 0.653581380837801,
        "dice_std": 0.3064009600715613,
        "entropy_mean": 0.1827662237993839,
        "entropy_std": 0.0635590396285793
    },
    "39": {
        "dice_mean": 0.6201084960998128,
        "dice_std": 0.3196351800848277,
        "entropy_mean": 0.18331600183856528,
        "entropy_std": 0.07260585112498731
    },
    "40": {
        "dice_mean": 0.6419526265411893,
        "dice_std": 0.2983382555879753,
        "entropy_mean": 0.22907804739466528,
        "entropy_std": 0.054875819659882565
    },
    "41": {
        "dice_mean": 0.5950714942660353,
        "dice_std": 0.3291250662151212,
        "entropy_mean": 0.19174995485709748,
        "entropy_std": 0.07118821163048965
    },
    "42": {
        "dice_mean": 0.5651232878015411,
        "dice_std": 0.34490975610796887,
        "entropy_mean": 0.17895381693639326,