{
    "0": {
        "0": 0.0,
        "1": 0.0,
        "2": 0.0,
        "3": 0.0,
        "5": 0.0,
        "6": 0.0
    },
    "1": {
        "7": 0.0
    },
    "2": {
        "4": 0.0
    },
    "3": {
        "8": 0.0
    },
    "4": {},
    "5": {
        "8": 0.08167086584577837
    },
    "6": {
        "10": 0.0
    },
    "7": {
        "11": 0.0
    },
    "8": {
        "9": 0.0,
        "12": 0.0,
        "13": 0.0
    },
    "9": {
        "4": 0.2527436161821829,
        "10": 0.0,
        "11": 0.0,
        "14": 0.0,
        "15": 0.0,
        "16": 0.0
    },
    "10": {
        "18": 0.0
    },
    "11": {
        "23": 0.0
    },
    "12": {
        "19": 0.0
    },
    "13": {
        "17": 0.0,
        "20": 0.0
    },
    "14": {
        "3": 0.02290063661254891,
        "21": 0.0,
        "22": 0.0
    },
    "15": {
        "1": 0.0,
        "2": 0.0,
        "3": 0.027716234700287876,
        "5": 0.040284764023837794,
        "6": 0.0,
        "17": 0.0,
        "22": 0.0
    },
    "16": {
        "4": 0.2386454783990906
    },
    "17": {
        "8": 0.0751414667283376,
        "25": 0.0,
        "30": 0.0
    },
    "18": {
        "5": 0.05647932801121222,
        "29": 0.0
    },
    "19": {
        "31": 0.0
    },
    "20": {
        "24": 0.0,
        "26": 0.0,
        "27": 0.0,
        "28": 0.0,
        "29": 0.0,
        "30": 0.0
    },
    "21": {
        "11": 0.03956771582589567,
        "26": 0.0
    },
    "22": {
        "13": 0.02302023223717911,
        "18": 0.0,
        "32": 0.0,
        "33": 0.0
    },
    "23": {
        "4": 0.25491030397256215,
        "7": 0.0,
        "11": 0.053964524082457464,
        "20": 0.0,
        "34": 0.0,
        "35": 0.0
    },
    "24": {
        "39": 0.0
    },
    "25": {
        "19": 0.0,
        "38": 0.0
    },
    "26": {
        "1": 0.0,
        "3": 0.028596287304994496,
        "9": 0.0,
        "13": 0.065822792487518,
        "22": 0.0,
        "32": 0.0,
        "36": 0.0,
        "37": 0.0,
        "40": 0.0,
        "41": 0.0,
        "42": 0.0
    },
    "27": {
        "42": 0.0
    },
    "28": {
        "44": 0.0
    },
    "29": {
        "25": 0.1024387644327595,
        "30": 0.0,
        "45": 0.0
    },
    "30": {
        "5": 0.022926928386790123,
        "6": 0.0
    },
    "31": {
        "37": 0.0
    },
    "32": {
        "25": 0.08621450161941892,
        "26": 0.1670410860415516,
        "29": 0.0,
        "43": 0.0,
        "44": 0.0,
        "45": 0.0,
        "46": 0.0
    },
    "33": {
        "7": 0.14712414139948302,
        "48": 0.0
    },
    "34": {
        "27": 0.0,
        "43": 0.0
    },
    "35": {
        "46": 0.0,
        "47": 0.0
    },
    "36": {
        "26": 0.18909828246947818,
        "28": 0.0,
        "40": 0.129340847476845
    },
    "37": {
        "7": 0.13301787539981696,
        "8": 0.09316085517045249,
        "18": 0.0,
        "20": 0.0,
        "32": 0.0,
        "34": 0.0,
        "35": 0.0,
        "39": 0.3133469687213741,
        "49": 0.0
    },
    "38": {
        "39": 0.31563483644671275
    },
    "39": {
        "14": 0.0
    },
    "40": {
        "38": 0.057824028233646116
    },
    "41": {
        "15": 0.07102562926598463
    },
    "42": {
        "1": 0.0,
        "2": 0.0,
        "36": 0.13806068155418755,
        "50": 0.0
    },
    "43": {
        "15": 0.117500352725613,
        "23": 0.0,
        "36": 0.15499242921975212,
        "38": 0.08101004822217937,
        "40": 0.13180571368454244,
        "42": 0.15151242449334465,
        "50": 0.0
    },
    "44": {
        "9": 0.0,
        "41": 0.0
    },
    "45": {
        "42": 0.15068847758469137,
        "51": 0.0
    },
    "46": {
        "0": 0.0
    },
    "47": {
        "6": 0.0
    },
    "48": {
        "21": 0.0,
        "37": 0.0
    },
    "49": {
        "0": 0.0,
        "1": 0.0,
        "3": 0.02401011120036058,
        "5": 0.04540396352627221,
        "17": 0.0,
        "19": 0.0,
        "25": 0.07286010526490777,
        "44": 0.0,
        "46": 0.0,
        "48": 0.0,
        "52": 0.0
    },
    "50": {
        "7": 0.12097908424896962,
        "48": 0.0
    },
    "51": {
        "4": 0.28946591225989116,
        "43": 0.0
    },
    "52": {
        "46": 0.0,
        "47": 0.0,
        "49": 0.0
    },
    "53": {
        "28": 0.003590020489711231,
        "40": 0.15052930445213372
    },
    "54": {
        "28": 0.0015085118908584882,
        "31": 0.0,
        "49": 0.0,
        "53": 0.0
    },
    "55": {
        "10": 0.14835396560710745
    },
    "56": {
        "9": 0.0,
        "12": 0.0,
        "36": 0.18523118022386234
    },
    "57": {
        "4": 0.18577626691502203,
        "10": 0.14871211785148572,
        "11": 0.06425659370521884,
        "12": 0.0,
        "14": 0.0,
        "15": 0.0866141174165591,
        "16": 0.0,
        "21": 0.0,
        "31": 0.0,
        "38": 0.08424453615968844,
        "50": 0.0
    },
    "58": {
        "18": 0.0
    },
    "59": {
        "23": 0.0,
        "51": 0.0
    },
    "60": {
        "19": 0.13814955783681623
    },
    "61": {
        "17": 0.0,
        "20": 0.0
    },
    "62": {
        "3": 0.007883430779194402
    },
    "63": {
        "21": 0.0,
        "22": 0.0
    },
    "64": {
        "1": 0.0,
        "2": 0.0,
        "3": 0.010269072762807538,
        "5": 0.04484314517315044,
        "6": 0.0,
        "17": 0.0,
        "19": 0.1943823779092113,
        "32": 0.0,
        "41": 0.0,
        "47": 0.0,
        "51": 0.0,
        "52": 0.16794989184387252
    },
    "65": {
        "4": 0.18494941053127145
    },
    "66": {
        "8": 0.06192504409610056,
        "25": 0,
        "30": 0.0
    },
    "67": {
        "5": 0.02769154846980559,
        "29": 0.0
    },
    "68": {
        "31": 0.1443703474667351
    },
    "69": {
        "26": 0.16900000908676127,
        "27": 0.0,
        "28": 0.0008208162227023763,
        "29": 0.0,
        "30": 0.0,
        "33": 0.3059792783755042,
        "52": 0.18510078110092862
    },
    "70": {
        "11": 0.053754958628639125,
        "26": 0.16594339706237207
    },
    "71": {
        "13": 0.07383980040298743,
        "18": 0.0,
        "32": 0.0,
        "33": 0.27823643609697646
    },
    "72": {
        "4": 0.24780062302819172,
        "7": 0.10232893544097987,
        "11": 0.037626947745618845,
        "21": 0.0,
        "31": 0.17262194941127912,
        "34": 0.0,
        "35": 0.0
    },
    "73": {
        "39": 0.2094427236123943
    },
    "74": {
        "19": 0.15632703857500949,
        "38": 0.10684012636256711
    },
    "75": {
        "1": 0.0,
        "3": 0.01215180471649747,
        "22": 0.0
    },
    "76": {
        "2": 0.0,
        "9": 0.0,
        "13": 0.07359782462158428,
        "22": 0.0,
        "32": 0.0,
        "36": 0.15478716043933413,
        "37": 0.0,
        "41": 0.0,
        "42": 0.08442307382568663,
        "47": 0.0,
        "51": 0.0
    },
    "77": {
        "44": 0.0
    },
    "78": {
        "25": 0,
        "30": 0.0
    },
    "79": {
        "5": 0.03643831505538007,
        "6": 0.0,
        "29": 0.0
    },
    "80": {
        "37": 0.0
    },
    "81": {
        "26": 0.21095592629448542,
        "29": 0.0,
        "30": 0.0,
        "43": 0.0,
        "45": 0.18682412815686722,
        "46": 0.0,
        "52": 0.2156276168881819
    },
    "82": {
        "7": 0.09446645641429448,
        "48": 0.0
    },
    "83": {
        "27": 0.0
    },
    "84": {
        "46": 0.0,
        "47": 0.0
    },
    "85": {
        "26": 0.18333942864493868,
        "28": 0.005028423988847543,
        "40": 0.15067901337358727
    },
    "86": {
        "32": 0.0,
        "34": 0.0,
        "35": 0.0,
        "39": 0.21146562123736723,
        "53": 0.000748605906138593
    },
    "87": {
        "7": 0.05448868734804458,
        "8": 0.036264021167469816,
        "20": 0.0,
        "35": 0.0,