{
    "1": 0.0,
    "2": 0.0,
    "3": 0.0,
    "4": 0.0,
    "5": 0.0,
    "6": 8.167086584577838,
    "7": 8.167086584577838,
    "8": 8.167086584577838,
    "9": 8.167086584577838,
    "10": 33.44144820279611,
    "11": 33.44144820279611,
    "12": 33.44144820279611,
    "13": 33.44144820279611,
    "14": 33.44144820279611,
    "15": 35.73151186405099,
    "16": 42.53161173646356,
    "17": 66.39615957637265,
    "18": 73.91030624920641,
    "19": 79.55823905032767,
    "20": 79.55823905032767,
    "21": 79.55823905032767,
    "22": 83.51501063291721,
    "23": 85.81703385663516,
    "24": 116.70451666213712,
    "25": 116.70451666213712,
    "26": 116.70451666213712,
    "27": 126.14642464138835,
    "28": 126.14642464138835,
    "29": 126.14642464138835,
    "30": 136.3903010846643,
    "31": 138.68299392334333,
    "32": 138.68299392334333,
    "33": 164.00855268944028,
    "34": 178.72096682938863,
    "35": 178.72096682938863,
    "36": 178.72096682938863,
    "37": 210.56487982402092,
    "38": 264.51744975318513,
    "39": 296.0809333978565,
    "40": 296.0809333978565,
    "41": 301.8633362212213,
    "42": 308.96589914781987,
    "43": 322.7719673032386,
    "44": 386.45406413778113,
    "45": 386.45406413778113,
    "46": 401.52291189625026,
    "47": 401.52291189625026,
    "48": 401.52291189625026,
    "49": 401.52291189625026,
    "50": 415.45888947434463,
    "51": 427.55679789924164,
    "52": 456.50338912523097,
    "53": 456.50338912523097,
    "54": 471.91532161941535,
    "55": 472.0661728085012,
    "56": 486.90156936921204,
    "57": 505.4246873915982,
    "58": 562.3850505963958,
    "59": 562.3850505963958,
    "60": 562.3850505963958,
    "61": 576.2000063800784,
    "62": 576.2000063800784,
    "63": 576.9883494579981,
    "64": 576.9883494579981,
    "65": 618.7327982269022,
    "66": 637.2277392800289,
    "67": 643.4202436896388,
    "68": 646.1893985366195,
    "69": 660.6264332832933,
    "70": 726.7165217618846,
    "71": 748.6863573309853,
    "72": 783.8939809809814,
    "73": 839.9318265435887,
    "74": 860.8760989048282,
    "75": 887.1928153985858,
    "76": 888.4079958702356,
    "77": 919.6888017588961,
    "78": 919.6888017588961,
    "79": 919.6888017588961,
    "80": 923.3326332644341,
    "81": 923.3326332644341,
    "82": 984.6734003983872,
    "83": 994.1200460398168,
    "84": 994.1200460398168,
    "85": 994.1200460398168,
    "86": 1028.024732640554,
    "87": 1049.2461553549035,
    "88": 1058.321426206455,
    "89": 1074.4924005581968,
    "90": 1074.4924005581968,
    "91": 1080.9371961876739,
    "92": 1091.628592419289,
    "93": 1114.2158753170825,
    "94": 1217.6251100547627,
    "95": 1217.6251100547627,
    "96": 1218.6972799093292,
    "97": 1244.2199401217913,
    "98": 1244.2199401217913,
    "99": 1276.390900912868,
    "100": 1276.390900912868
}