{
    "time_step_utility_dict": {
        "1": 0.0,
        "2": 0.0,
        "3": 0.0,
        "4": 0.0,
        "5": 0.0,
        "6": 8.167086584577838,
        "7": 0.0,
        "8": 0.0,
        "9": 0.0,
        "10": 25.274361618218272,
        "11": 0.0,
        "12": 0.0,
        "13": 0.0,
        "14": 0.0,
        "15": 2.2900636612548766,
        "16": 6.800099872412574,
        "17": 23.864547839909093,
        "18": 7.5141466728337605,
        "19": 5.647932801121257,
        "20": 0.0,
        "21": 0.0,
        "22": 3.956771582589539,
        "23": 2.3020232237179528,
        "24": 30.88748280550196,
        "25": 0.0,
        "26": 0.0,
        "27": 9.441907979251226,
        "28": 0.0,
        "29": 0.0,
        "30": 10.243876443275937,
        "31": 2.292692838679045,
        "32": 0.0,
        "33": 25.325558766096947,
        "34": 14.71241413994835,
        "35": 0.0,
        "36": 0.0,
        "37": 31.84391299463229,
        "38": 53.95256992916421,
        "39": 31.56348364467135,
        "40": 0.0,
        "41": 5.782402823364805,
        "42": 7.10256292659858,
        "43": 13.806068155418757,
        "44": 63.682096834542506,
        "45": 0.0,
        "46": 15.068847758469133,
        "47": 0.0,
        "48": 0.0,
        "49": 0.0,
        "50": 13.935977578094366,
        "51": 12.097908424897014,
        "52": 28.946591225989323,
        "53": 0.0,
        "54": 15.411932494184384,
        "55": 0.15085118908586992,
        "56": 14.83539656071082,
        "57": 18.523118022386143,
        "58": 56.9603632047976,
        "59": 0.0,
        "60": 0.0,
        "61": 13.814955783682649,
        "62": 0.0,
        "63": 0.7883430779196487,
        "64": 0.0,
        "65": 41.744448768904135,
        "66": 18.494941053126695,
        "67": 6.19250440960991,
        "68": 2.769154846980655,
        "69": 14.437034746673817,
        "70": 66.09008847859127,
        "71": 21.969835569100724,
        "72": 35.207623649996094,
        "73": 56.037845562607345,
        "74": 20.944272361239427,
        "75": 26.316716493757667,
        "76": 1.2151804716497736,
        "77": 31.280805888660552,
        "78": 0.0,
        "79": 0.0,
        "80": 3.643831505537946,
        "81": 0.0,
        "82": 61.340767133953136,
        "83": 9.44664564142954,
        "84": 0.0,
        "85": 0.0,
        "86": 33.90468660073725,
        "87": 21.2214227143495,
        "88": 9.075270851551522,
        "89": 16.170974351741734,
        "90": 0.0,
        "91": 6.444795629477085,
        "92": 10.691396231615045,
        "93": 22.587282897793557,
        "94": 103.40923473768021,
        "95": 0.0,
        "96": 1.0721698545664822,
        "97": 25.522660212462142,
        "98": 0.0,
        "99": 32.170960791076595,
        "100": 0.0
    },
    "total_utility": 1276.390900912868
}