{
    "0": {
        "5": 0.0
    },
    "1": {
        "2": 0.0,
        "6": 0.0,
        "7": 0.0
    },
    "2": {
        "1": 0.0
    },
    "3": {
        "8": 0.0
    },
    "4": {
        "4": 0.0
    },
    "5": {
        "0": 0.0,
        "3": 0.0
    },
    "6": {
        "0": 0.0,
        "9": 0.0
    },
    "7": {},
    "8": {},
    "9": {
        "3": 0.02599281350856107
    },
    "10": {
        "4": 0.21425208364248674
    },
    "11": {},
    "12": {},
    "13": {
        "7": 0.13255023068208754
    },
    "14": {
        "5": 0.06085991573593871
    },
    "15": {
        "2": 0.3218768617013915
    },
    "16": {
        "8": 0.1849041488512889,
        "14": 0.0
    },
    "17": {
        "4": 0.3087682710816127
    },
    "18": {
        "0": 0.1287532317759036,
        "3": 0.4188473130174881,
        "10": 0.0,
        "11": 0.0
    },
    "19": {
        "12": 0.0
    },
    "20": {
        "0": 0.1166066563006218,
        "9": 0.007945902686014597,
        "15": 0.0
    },
    "21": {
        "16": 0.0
    },
    "22": {
        "13": 0.0
    },
    "23": {
        "4": 0.31738360957006506
    },
    "24": {},
    "25": {
        "6": 0.0536830850306782,
        "7": 0.23479506299976888
    },
    "26": {
        "5": 0.042083599875857115,
        "13": 0.08956238197211631
    },
    "27": {
        "2": 0.3688893590930746,
        "7": 0.19983628858953595
    },
    "28": {
        "8": 0.19188914272859686,
        "14": 0.25149042298823715
    },
    "29": {
        "4": 0.2794869922785342
    },
    "30": {
        "0": 0.10291152562954807,
        "3": 0.4179940911562188,
        "11": 0.07802721254199523,
        "20": 0.0
    },
    "31": {
        "9": 0.028683931853596727,
        "15": 0.018349528501882525
    },
    "32": {
        "21": 0.0
    },
    "33": {
        "4": 0.2223381316453198,
        "17": 0.0
    },
    "34": {
        "18": 0.0,
        "23": 0.0
    },
    "35": {
        "6": 0.1274707058271652,
        "7": 0.17983231447578502,
        "19": 0.0,
        "22": 0.0
    },
    "36": {
        "13": 0.0849507476548303
    },
    "37": {
        "5": 0.049777727937141726
    },
    "38": {
        "6": 0.13063788365801213,
        "7": 0.14861307397307488
    },
    "39": {
        "8": 0.21499654452761713,
        "14": 0.4265475690578495,
        "15": 0.030055682243767395
    },
    "40": {
        "0": 0.07060575054955097,
        "3": 0.40262021205042087,
        "11": 0.25393187403121287,
        "20": 0.3568988086959671
    },
    "41": {
        "15": 0.02623476111707709
    },
    "42": {
        "21": 0.0
    },
    "43": {
        "11": 0.2831681396581031
    },
    "44": {
        "4": 0.2724432891425453,
        "17": 0.29047108048608133,
        "25": 0.0
    },
    "45": {
        "24": 0.0
    },
    "46": {
        "18": 0.0,
        "23": 0.03997280085625658
    },
    "47": {
        "7": 0.18189982403716912,
        "19": 0.0,
        "22": 0.19508631557401082,
        "26": 0.0
    },
    "48": {
        "26": 0.0
    },
    "49": {
        "14": 0.3255327543935481,
        "15": 0.06605264517695501
    },
    "50": {
        "0": 0.09776552402903742,
        "3": 0.3650809393881124,
        "11": 0.2576310985584848,
        "20": 0.3613887503985706,
        "30": 0.0
    },
    "51": {
        "12": 0.047166183820006716
    },
    "52": {
        "0": 0.11423292114491529,
        "15": 0.049118609018307426
    },
    "53": {
        "31": 0.0
    },
    "54": {
        "11": 0.31939387377309325,
        "27": 0.0
    },
    "55": {
        "24": 0.042499088269927175
    },
    "56": {
        "7": 0.17135505755143002,
        "29": 0.0
    },
    "57": {
        "6": 0.10457168235356376,
        "7": 0.148457292806242,
        "22": 0.21837145653787648
    },
    "58": {
        "28": 0.0
    },
    "59": {
        "7": 0.1590512100997997,
        "26": 0.22211318186481782
    },
    "60": {
        "8": 0.22256944071349413,
        "14": 0.37471990244293446
    },
    "61": {
        "11": 0.31395379392427425,
        "20": 0.23880704103793934,
        "23": 0.0629872364430527,
        "30": 0.17878923685046577
    },
    "62": {
        "12": 0.06174226784788089
    },
    "63": {
        "15": 0.0420704787322326
    },
    "64": {
        "31": 0.17429465949097026
    },
    "65": {
        "11": 0.28915053438262484
    },
    "66": {
        "17": 0.2695633936098598
    },
    "67": {
        "29": 0.15194375618468303
    },
    "68": {
        "6": 0.11556679045072146,
        "7": 0.1328735967016331,
        "22": 0.23652410293180637
    },
    "69": {
        "32": 0.0
    },
    "70": {
        "33": 0.0
    },
    "71": {
        "6": 0.13400144038200432,
        "7": 0.16510622674989986
    },
    "72": {
        "14": 0.3592319249528558,
        "15": 0
    },
    "73": {
        "20": 0.30965614230069644,
        "23": 0.034019198084676246,
        "30": 0.3818278167743776
    },
    "74": {
        "12": 0.07308663888272442
    },
    "75": {
        "31": 0.4209580607956775
    },
    "76": {
        "11": 0.2659728145564488,
        "27": 0.04908982102712239
    },
    "77": {
        "4": 0.29226281475841653
    },
    "78": {
        "24": 0.21938946015132393
    },
    "79": {
        "7": 0.1667147967182309,
        "26": 0.2872540127712362,
        "29": 0.283703367738003
    },
    "80": {
        "22": 0.21591736083485,
        "26": 0.28917313508258174
    },
    "81": {
        "28": 0.35655659963728015,
        "32": 0.4961371686875097
    },
    "82": {
        "26": 0.24653782896856305
    },
    "83": {
        "14": 0.33614871695788884,
        "15": 0
    },
    "84": {
        "0": 0.11867213144077357,
        "30": 0.3303954558787081
    },
    "85": {
        "5": 0,
        "12": 0.053900981415321444
    },
    "86": {
        "10": 0.48493648058340566
    },
    "87": {
        "19": 0.030765097015721138,
        "31": 0.3714209509453358
    },
    "88": {
        "28": 0.3613699779477635
    },
    "89": {
        "11": 0.25823305514163325,
        "27": 0.08871063335348114
    },
    "90": {
        "24": 0.21064851612560925
    },
    "91": {
        "7": 0.15872469077394316,
        "26": 0.2722769111469691,
        "29": 0.29512158237077446
    },
    "92": {
        "6": 0.14175972591205702,
        "7": 0.17365563827622826,
        "22": 0.20658468999177906,
        "34": 0.0
    },
    "93": {
        "32": 0.5282246693799848
    },
    "94": {
        "26": 0.26603166111202975
    },
    "95": {
        "14": 0.17443829735524516,
        "15": 0
    },
    "96": {
        "9": 0.026364537994399462,
        "23": 0.08188289349570745,
        "30": 0.3148859546002385
    },
    "97": {
        "5": 0,
        "12": 0.08603966848476181
    },
    "98": {
        "10": 0.6113116975750771
    },
    "99": {
        "31": 0.4361072457690448
    }
}