{
    "1": 0.0,
    "2": 0.0,
    "3": 0.0,
    "4": 0.0,
    "5": 0.0,
    "6": 0.0,
    "7": 0.0,
    "8": 0.0,
    "9": 0.0,
    "10": 2.5992813508561077,
    "11": 24.024489715104785,
    "12": 24.024489715104785,
    "13": 24.024489715104785,
    "14": 37.2795127833135,
    "15": 43.36550435690738,
    "16": 75.55319052704658,
    "17": 94.0436054121755,
    "18": 124.92043252033676,
    "19": 179.68048699967582,
    "20": 179.68048699967582,
    "21": 192.13574289833946,
    "22": 192.13574289833946,
    "23": 192.13574289833946,
    "24": 223.87410385534588,
    "25": 223.87410385534588,
    "26": 252.7219186583905,
    "27": 265.8865168431876,
    "28": 322.75908161144844,
    "29": 367.0970381831318,
    "30": 395.0457374109857,
    "31": 454.9390203437622,
    "32": 459.64236637931015,
    "33": 459.64236637931015,
    "34": 481.8761795438422,
    "35": 481.8761795438422,
    "36": 512.6064815741372,
    "37": 521.1015563396202,
    "38": 525.880218221586,
    "39": 553.8053139846943,
    "40": 620.9652935676181,
    "41": 729.3709581003329,
    "42": 731.9944342120406,
    "43": 731.9944342120406,
    "44": 760.311248177851,
    "45": 816.6026851407137,
    "46": 816.6026851407137,
    "47": 820.5999652263391,
    "48": 858.2985791874572,
    "49": 858.2985791874572,
    "50": 897.457119144508,
    "51": 1005.6437503819293,
    "52": 1010.3603687639298,
    "53": 1026.6955217802522,
    "54": 1026.6955217802522,
    "55": 1058.634909157562,
    "56": 1062.8848179845547,
    "57": 1080.020323739697,
    "58": 1127.1603669094643,
    "59": 1127.1603669094643,
    "60": 1165.2768061059262,
    "61": 1225.0057404215695,
    "62": 1304.4594712471444,
    "63": 1310.6336980319322,
    "64": 1311.6433895215055,
    "65": 1329.072855470602,
    "66": 1357.9879089088633,
    "67": 1384.9442482698482,
    "68": 1400.1386238883174,
    "69": 1448.6350728967334,
    "70": 1448.6350728967334,
    "71": 1448.6350728967334,
    "72": 1478.5458396099232,
    "73": 1514.46903210521,
    "74": 1587.019347821184,
    "75": 1594.3280117094573,
    "76": 1636.4238177890252,
    "77": 1667.9300813473833,
    "78": 1697.1563628232266,
    "79": 1719.0953088383592,
    "80": 1792.8625265611056,
    "81": 1843.3715761528488,
    "82": 1928.6409529853267,
    "83": 1953.2947358821825,
    "84": 1986.9096075779705,
    "85": 2031.8163663099187,
    "86": 2037.2064644514514,
    "87": 2085.700112509792,
    "88": 2125.9187173059004,
    "89": 2162.0557151006756,
    "90": 2196.7500839501868,
    "91": 2217.814935562749,
    "92": 2290.4272539919198,
    "93": 2342.6272594099273,
    "94": 2395.449726347926,
    "95": 2422.0528924591276,
    "96": 2439.4967221946526,
    "97": 2481.810060803688,
    "98": 2490.414027652165,
    "99": 2551.545197409675,
    "100": 2595.1559219865817
}