{
    "time_step_utility_dict": {
        "1": 0.0,
        "2": 0.0,
        "3": 0.0,
        "4": 0.0,
        "5": 0.0,
        "6": 0.0,
        "7": 0.0,
        "8": 0.0,
        "9": 0.0,
        "10": 2.5992813508561077,
        "11": 21.42520836424868,
        "12": 0.0,
        "13": 0.0,
        "14": 13.255023068208715,
        "15": 6.08599157359388,
        "16": 32.1876861701392,
        "17": 18.490414885128914,
        "18": 30.876827108161265,
        "19": 54.76005447933906,
        "20": 0.0,
        "21": 12.455255898663637,
        "22": 0.0,
        "23": 0.0,
        "24": 31.73836095700642,
        "25": 0.0,
        "26": 28.847814803044628,
        "27": 13.164598184797114,
        "28": 56.872564768260816,
        "29": 44.33795657168338,
        "30": 27.948699227853865,
        "31": 59.893282932776515,
        "32": 4.703346035547952,
        "33": 0.0,
        "34": 22.23381316453208,
        "35": 0.0,
        "36": 30.73030203029498,
        "37": 8.495074765482968,
        "38": 4.7786618819658315,
        "39": 27.92509576310829,
        "40": 67.15997958292382,
        "41": 108.40566453271481,
        "42": 2.623476111707646,
        "43": 0.0,
        "44": 28.31681396581041,
        "45": 56.29143696286269,
        "46": 0.0,
        "47": 3.997280085625448,
        "48": 37.6986139611181,
        "49": 0.0,
        "50": 39.158539957050834,
        "51": 108.18663123742124,
        "52": 4.716618382000547,
        "53": 16.33515301632235,
        "54": 0.0,
        "55": 31.939387377309913,
        "56": 4.249908826992623,
        "57": 17.135505755142276,
        "58": 47.140043169767296,
        "59": 0.0,
        "60": 38.1164391964619,
        "61": 59.7289343156433,
        "62": 79.4537308255749,
        "63": 6.174226784787834,
        "64": 1.0096914895732425,
        "65": 17.42946594909654,
        "66": 28.91505343826134,
        "67": 26.956339360984884,
        "68": 15.194375618469167,
        "69": 48.49644900841599,
        "70": 0.0,
        "71": 0.0,
        "72": 29.910766713189787,
        "73": 35.92319249528691,
        "74": 72.55031571597397,
        "75": 7.308663888273259,
        "76": 42.095806079567865,
        "77": 31.506263558358114,
        "78": 29.22628147584328,
        "79": 21.938946015132615,
        "80": 73.76721772274641,
        "81": 50.50904959174318,
        "82": 85.26937683247797,
        "83": 24.653782896855773,
        "84": 33.614871695788,
        "85": 44.90675873194823,
        "86": 5.39009814153269,
        "87": 48.49364805834034,
        "88": 40.21860479610859,
        "89": 36.1369977947752,
        "90": 34.69436884951119,
        "91": 21.06485161256205,
        "92": 72.61231842917095,
        "93": 52.20000541800755,
        "94": 52.8224669379988,
        "95": 26.603166111201517,
        "96": 17.443829735525014,
        "97": 42.31333860903533,
        "98": 8.60396684847683,
        "99": 61.13116975751018,
        "100": 43.610724576906705
    },
    "total_utility": 2595.1559219865817
}