{
    "1": 0.0,
    "2": 0.0,
    "3": 0.0,
    "4": 0.0,
    "5": 0.0,
    "6": 8.33275558164252,
    "7": 8.33275558164252,
    "8": 8.33275558164252,
    "9": 8.33275558164252,
    "10": 8.33275558164252,
    "11": 8.33275558164252,
    "12": 8.33275558164252,
    "13": 8.33275558164252,
    "14": 8.33275558164252,
    "15": 10.320321798260778,
    "16": 16.97775152294852,
    "17": 38.774683717534515,
    "18": 45.936458475164635,
    "19": 51.93082781822016,
    "20": 51.93082781822016,
    "21": 51.93082781822016,
    "22": 53.98057721455816,
    "23": 53.98057721455816,
    "24": 81.24174252658787,
    "25": 81.24174252658787,
    "26": 81.24174252658787,
    "27": 83.9286350421529,
    "28": 83.9286350421529,
    "29": 83.9286350421529,
    "30": 83.9286350421529,
    "31": 86.0859070878607,
    "32": 86.0859070878607,
    "33": 86.0859070878607,
    "34": 86.0859070878607,
    "35": 86.0859070878607,
    "36": 86.0859070878607,
    "37": 86.0859070878607,
    "38": 127.66490690171426,
    "39": 161.08819329540526,
    "40": 177.73704889879033,
    "41": 184.06111727877928,
    "42": 184.06111727877928,
    "43": 204.4138142284344,
    "44": 235.24734664522967,
    "45": 235.24734664522967,
    "46": 235.24734664522967,
    "47": 235.24734664522967,
    "48": 235.24734664522967,
    "49": 235.24734664522967,
    "50": 242.32787846399353,
    "51": 242.32787846399353,
    "52": 268.93288339458513,
    "53": 274.96713439169463,
    "54": 274.96713439169463,
    "55": 282.89149546897244,
    "56": 290.33111524128736,
    "57": 315.5747154511922,
    "58": 361.78138419608626,
    "59": 361.78138419608626,
    "60": 361.78138419608626,
    "61": 361.78138419608626,
    "62": 361.78138419608626,
    "63": 363.83051719365506,
    "64": 363.83051719365506,
    "65": 370.4366489729339,
    "66": 387.86591006609274,
    "67": 394.98684207200665,
    "68": 396.86079586344954,
    "69": 396.86079586344954,
    "70": 429.76362673532503,
    "71": 431.5322040834192,
    "72": 461.07304382739244,
    "73": 487.3768384814032,
    "74": 506.86241145654867,
    "75": 521.0131030347688,
    "76": 523.5196111641302,
    "77": 553.1212272785908,
    "78": 556.863812045725,
    "79": 556.863812045725,
    "80": 558.7191340230095,
    "81": 558.7191340230095,
    "82": 579.0728312545469,
    "83": 579.0728312545469,
    "84": 583.1070571113089,
    "85": 583.1070571113089,
    "86": 583.1070571113089,
    "87": 611.9559437579413,
    "88": 623.7905572534078,
    "89": 643.2625572199769,
    "90": 658.6415038758381,
    "91": 666.1198817398299,
    "92": 666.1198817398299,
    "93": 699.2972207474111,
    "94": 748.1066313047796,
    "95": 748.1066313047796,
    "96": 749.5708756397865,
    "97": 749.5708756397865,
    "98": 754.0499664638006,
    "99": 754.0499664638006,
    "100": 754.0499664638006
}