{
    "0": {
        "0": 0.0,
        "1": 0.0,
        "2": 0.0,
        "3": 0.0,
        "5": 0.0,
        "6": 0.0
    },
    "1": {
        "7": 0.0
    },
    "2": {
        "4": 0.0
    },
    "3": {
        "8": 0.0
    },
    "4": {},
    "5": {
        "8": 0.08332755581642516
    },
    "6": {
        "10": 0.0
    },
    "7": {
        "11": 0.0
    },
    "8": {
        "9": 0.0,
        "12": 0.0,
        "13": 0.0
    },
    "9": {
        "4": 0.0,
        "10": 0.0,
        "11": 0.0,
        "14": 0.0,
        "15": 0.0
    },
    "10": {
        "17": 0.0
    },
    "11": {
        "27": 0.0
    },
    "12": {
        "20": 0.0
    },
    "13": {
        "16": 0.0,
        "21": 0.0
    },
    "14": {
        "3": 0.019875662166182605,
        "22": 0.0,
        "25": 0.0
    },
    "15": {
        "1": 0.0,
        "2": 0.0,
        "3": 0.02507666629096678,
        "5": 0.04149763095591072,
        "6": 0.0,
        "16": 0.0,
        "18": 0.0,
        "19": 0.0,
        "23": 0.0,
        "24": 0.0,
        "25": 0.0,
        "26": 0.0
    },
    "16": {
        "4": 0.2179693219458596
    },
    "17": {
        "8": 0.07161774757630113,
        "29": 0.0,
        "34": 0.0
    },
    "18": {
        "5": 0.05994369343055515,
        "33": 0.0
    },
    "19": {
        "35": 0.0
    },
    "20": {
        "18": 0.0,
        "28": 0.0,
        "30": 0.0,
        "31": 0.0,
        "32": 0.0,
        "33": 0.0,
        "34": 0.0
    },
    "21": {
        "11": 0.020497493963380024,
        "30": 0.0
    },
    "22": {
        "13": 0.0,
        "17": 0.0,
        "26": 0.0,
        "36": 0.0
    },
    "23": {
        "4": 0.25131763984332933,
        "7": 0.0,
        "11": 0.021294013276968414,
        "21": 0.0,
        "37": 0.0,
        "38": 0.0
    },
    "24": {
        "42": 0.0
    },
    "25": {
        "20": 0.0,
        "41": 0.0
    },
    "26": {
        "1": 0.0,
        "3": 0.026868925155650293,
        "9": 0.0,
        "13": 0.0,
        "24": 0.0,
        "25": 0.0,
        "26": 0.0,
        "39": 0.0,
        "40": 0.0,
        "43": 0.0,
        "44": 0.0
    },
    "27": {
        "44": 0.0
    },
    "28": {
        "46": 0.0
    },
    "29": {
        "29": 0.0,
        "34": 0.0,
        "47": 0.0
    },
    "30": {
        "5": 0.021572720457078337,
        "6": 0.0
    },
    "31": {
        "40": 0.0
    },
    "32": {
        "29": 0.0,
        "30": 0.0,
        "33": 0.0,
        "45": 0.0,
        "46": 0.0,
        "47": 0.0,
        "48": 0.0
    },
    "33": {
        "7": 0.0,
        "49": 0.0
    },
    "34": {
        "31": 0.0,
        "45": 0.0
    },
    "35": {
        "23": 0.0,
        "48": 0.0
    },
    "36": {
        "30": 0.0,
        "32": 0.0,
        "43": 0.0
    },
    "37": {
        "7": 0.0,
        "8": 0.06908880750336867,
        "17": 0.0,
        "21": 0.0,
        "26": 0.0,
        "37": 0.0,
        "38": 0.0,
        "42": 0.3467011906351675,
        "50": 0.0
    },
    "38": {
        "42": 0.3342328639369111
    },
    "39": {
        "14": 0.16648855603385024
    },
    "40": {
        "41": 0.06324068379988973
    },
    "41": {
        "52": 0.0
    },
    "42": {
        "1": 0.0,
        "2": 0.0,
        "39": 0.20352696949654894,
        "51": 0.0
    },
    "43": {
        "27": 0.0,
        "39": 0.21287796239673235,
        "41": 0.09545736177122109,
        "43": 0.0,
        "44": 0.0,
        "51": 0.0,
        "52": 0.0
    },
    "44": {
        "9": 0.0,
        "24": 0.0
    },
    "45": {
        "19": 0.0,
        "44": 0.0
    },
    "46": {
        "0": 0.0
    },
    "47": {
        "6": 0.0
    },
    "48": {
        "22": 0.0,
        "40": 0.0
    },
    "49": {
        "0": 0.0,
        "1": 0.0,
        "3": 0.02346786028020663,
        "5": 0.0473374579074318,
        "16": 0.0,
        "18": 0.0,
        "20": 0.0,
        "29": 0.0,
        "46": 0.0,
        "48": 0.0,
        "49": 0.0
    },
    "50": {
        "7": 0.0,
        "49": 0.0
    },
    "51": {
        "4": 0.2660500493059153,
        "45": 0.0
    },
    "52": {
        "23": 0.0,
        "48": 0.0,
        "50": 0.060342509971094783
    },
    "53": {
        "32": 0.0,
        "43": 0.0
    },
    "54": {
        "32": 0.0,
        "35": 0.0,
        "50": 0.07924361077277797,
        "53": 0.0
    },
    "55": {
        "10": 0.07439619772314832
    },
    "56": {
        "9": 0.0,
        "12": 0.0,
        "39": 0.252436002099051
    },
    "57": {
        "4": 0.15884903474895382,
        "10": 0.0780338726947668,
        "11": 0.027609736537794794,
        "12": 0.0,
        "14": 0.07970951628068111,
        "15": 0.0,
        "22": 0.0,
        "35": 0.0,
        "41": 0.11786452718674148,
        "51": 0.0,
        "52": 0.0
    },
    "58": {
        "17": 0.0
    },
    "59": {
        "19": 0.0,
        "27": 0.0
    },
    "60": {
        "20": 0.0
    },
    "61": {
        "16": 0.0,
        "21": 0.0
    },
    "62": {
        "3": 0.020491329975687807
    },
    "63": {
        "22": 0.0,
        "25": 0.0
    },
    "64": {
        "1": 0.0,
        "2": 0.0,
        "3": 0.021804645577527246,
        "5": 0.02576775754782683,
        "6": 0.0,
        "16": 0.0,
        "18": 0.0,
        "19": 0.0,
        "20": 0.0,
        "23": 0.0,
        "24": 0.018488914667435966,
        "26": 0.0
    },
    "65": {
        "4": 0.1742926109315858
    },
    "66": {
        "8": 0.0712093200591378,
        "29": 0,
        "34": 0.0
    },
    "67": {
        "5": 0.018739537914428134,
        "33": 0.0
    },
    "68": {
        "35": 0.0
    },
    "69": {
        "18": 0.0,
        "30": 0.0,
        "31": 0.0,
        "32": 0.0,
        "33": 0.0,
        "34": 0.0,
        "36": 0.3290283087187552
    },
    "70": {
        "11": 0.01768577348094088,
        "30": 0.0
    },
    "71": {
        "13": 0.0,
        "17": 0.0,
        "26": 0.0,
        "36": 0.29540839743973213
    },
    "72": {
        "4": 0.23907038329601835,
        "7": 0.0,
        "11": 0.023967563244088056,
        "22": 0.0,
        "35": 0.0,
        "37": 0.0,
        "38": 0.0
    },
    "73": {
        "42": 0.19485572975145551
    },
    "74": {
        "20": 0.0,
        "41": 0.14150691578220154
    },
    "75": {
        "1": 0.0,
        "3": 0.025065081293613373,
        "25": 0.0
    },
    "76": {
        "2": 0.0,
        "9": 0.0,
        "13": 0.0,
        "19": 0.0,
        "23": 0.0,
        "24": 0.015002223253421411,
        "25": 0.0,
        "26": 0.0,
        "39": 0.28101393789117973,
        "40": 0.0,
        "44": 0.0
    },
    "77": {
        "46": 0.03742584767133839
    },
    "78": {
        "29": 0,
        "34": 0.0
    },
    "79": {
        "5": 0.01855321977284182,
        "6": 0.0,
        "33": 0.0
    },
    "80": {
        "40": 0.0
    },
    "81": {
        "18": 0.0,
        "30": 0.0,
        "33": 0.0,
        "34": 0.0,
        "45": 0.0,
        "47": 0.20353697231536977,
        "48": 0.0
    },
    "82": {
        "7": 0.0,
        "49": 0.0
    },
    "83": {
        "31": 0.0403422585676232
    },
    "84": {
        "23": 0.0,
        "48": 0.0
    },
    "85": {
        "30": 0.0,
        "32": 0.0,
        "43": 0.0
    },
    "86": {
        "26": 0.0,
        "37": 0.0,
        "38": 0.0,
        "42": 0.2884888664663239,
        "53": 0.0
    },
    "87": {
        "7": 0.0,
        "8": 0.06098168688746994,
        "21": 0.0,
        "38": 0.0,
        "50": 0.05736444806719601
    },
    "88": {
        "42": 0.1947199996656914
    },
    "89": {
        "14": 0.1537894665586147
    },
    "90": {
        "41": 0.07478377863991473
    },
    "91": {
        "52": 0.0
    },
    "92": {
        "1": 0.0,
        "2": 0.0,
        "39": 0.3317733900758241,
        "51": 0.0
    },
    "93": {
        "13": 0.0,
        "27": 0.0,
        "39": 0.36483756598932054,
        "41": 0.12325653958436361,