{
    "time_step_utility_dict": {
        "1": 0.0,
        "2": 0.0,
        "3": 0.0,
        "4": 0.0,
        "5": 0.0,
        "6": 8.33275558164252,
        "7": 0.0,
        "8": 0.0,
        "9": 0.0,
        "10": 0.0,
        "11": 0.0,
        "12": 0.0,
        "13": 0.0,
        "14": 0.0,
        "15": 1.9875662166182586,
        "16": 6.657429724687741,
        "17": 21.796932194585995,
        "18": 7.16177475763012,
        "19": 5.994369343055524,
        "20": 0.0,
        "21": 0.0,
        "22": 2.049749396338001,
        "23": 0.0,
        "24": 27.26116531202971,
        "25": 0.0,
        "26": 0.0,
        "27": 2.6868925155650345,
        "28": 0.0,
        "29": 0.0,
        "30": 0.0,
        "31": 2.157272045707799,
        "32": 0.0,
        "33": 0.0,
        "34": 0.0,
        "35": 0.0,
        "36": 0.0,
        "37": 0.0,
        "38": 41.57899981385356,
        "39": 33.423286393691,
        "40": 16.648855603385073,
        "41": 6.324068379988944,
        "42": 0.0,
        "43": 20.352696949655126,
        "44": 30.833532416795265,
        "45": 0.0,
        "46": 0.0,
        "47": 0.0,
        "48": 0.0,
        "49": 0.0,
        "50": 7.080531818763859,
        "51": 0.0,
        "52": 26.605004930591605,
        "53": 6.0342509971094955,
        "54": 0.0,
        "55": 7.924361077277808,
        "56": 7.439619772314927,
        "57": 25.243600209904855,
        "58": 46.206668744894046,
        "59": 0.0,
        "60": 0.0,
        "61": 0.0,
        "62": 0.0,
        "63": 2.0491329975687904,
        "64": 0.0,
        "65": 6.606131779278826,
        "66": 17.429261093158857,
        "67": 7.1209320059139145,
        "68": 1.8739537914428865,
        "69": 0.0,
        "70": 32.902830871875494,
        "71": 1.7685773480941407,
        "72": 29.540839743973265,
        "73": 26.303794654010744,
        "74": 19.485572975145487,
        "75": 14.150691578220176,
        "76": 2.5065081293613503,
        "77": 29.601616114460626,
        "78": 3.74258476713419,
        "79": 0.0,
        "80": 1.8553219772844614,
        "81": 0.0,
        "82": 20.353697231537467,
        "83": 0.0,
        "84": 4.034225856761964,
        "85": 0.0,
        "86": 0.0,
        "87": 28.848886646632423,
        "88": 11.834613495466442,
        "89": 19.471999966569115,
        "90": 15.378946655861228,
        "91": 7.4783778639917955,
        "92": 0.0,
        "93": 33.17733900758117,
        "94": 48.80941055736855,
        "95": 0.0,
        "96": 1.4642443350069243,
        "97": 0.0,
        "98": 4.479090824014065,
        "99": 0.0,
        "100": 0.0
    },
    "total_utility": 754.0499664638006
}