{
    "0": {
        "0": 0.0
    },
    "1": {
        "4": 0.0,
        "5": 0.0,
        "8": 0.0
    },
    "2": {
        "6": 0.0
    },
    "3": {
        "2": 0.0
    },
    "4": {
        "1": 0.0
    },
    "5": {
        "3": 0.0,
        "7": 0.0
    },
    "6": {
        "7": 0.0
    },
    "7": {},
    "8": {},
    "9": {
        "3": 0.05025066357679884
    },
    "10": {
        "1": 0.21391444827937992
    },
    "11": {},
    "12": {},
    "13": {
        "5": 0.12879167245954287
    },
    "14": {
        "0": 0.025288273946228533
    },
    "15": {
        "4": 0.31671322904776306
    },
    "16": {
        "2": 0.12366267333160805,
        "12": 0.0
    },
    "17": {
        "1": 0.3086950102918452
    },
    "18": {
        "3": 0.36845236017698496,
        "7": 0.1334913391055202,
        "11": 0.0,
        "18": 0.0
    },
    "19": {
        "14": 0.0
    },
    "20": {
        "7": 0.19500530026680848,
        "13": 0.0,
        "17": 0.0
    },
    "21": {
        "10": 0.0
    },
    "22": {
        "20": 0.0
    },
    "23": {
        "1": 0.34055144256422504,
        "16": 0.0
    },
    "24": {
        "9": 0.0,
        "19": 0.0,
        "21": 0.0
    },
    "25": {
        "5": 0.15767551559325305,
        "8": 0.07866462119597765,
        "15": 0.0
    },
    "26": {
        "0": 0.01788058328384597,
        "20": 0.07856613358783766
    },
    "27": {
        "4": 0.35597463654674655,
        "5": 0.14910048219395866
    },
    "28": {
        "2": 0.15512837838416854,
        "12": 0.21321472283802906
    },
    "29": {
        "1": 0.2866035492733634
    },
    "30": {
        "3": 0.4026795959903713,
        "7": 0.13459020438564018,
        "11": 0.052484774632538436,
        "19": 0.33181917163293334
    },
    "31": {
        "13": 0.0,
        "17": 0.04860021270066474
    },
    "32": {
        "23": 0.0
    },
    "33": {
        "1": 0.23995730275525853,
        "16": 0.23643727525991623
    },
    "34": {
        "9": 0.0,
        "21": 0.0
    },
    "35": {
        "5": 0.14406964206077744,
        "8": 0.11667410614891031,
        "15": 0.0,
        "22": 0.0
    },
    "36": {
        "20": 0.10057362440966669
    },
    "37": {
        "0": 0.03077755183634485
    },
    "38": {
        "5": 0.12320395156459421,
        "8": 0.10313335218349662
    },
    "39": {
        "2": 0.17902857219567944,
        "12": 0.35091557368983745,
        "17": 0.007013951908508568
    },
    "40": {
        "3": 0.3972876232012853,
        "7": 0.10732023317326332,
        "11": 0.2794054661567681,
        "19": 0.47953262185006623
    },
    "41": {
        "17": 0.014938211317483484
    },
    "42": {
        "23": 0.04624894733407212
    },
    "43": {
        "11": 0.3058936539249413
    },
    "44": {
        "1": 0.28200674722836094,
        "16": 0.3324456668267577,
        "24": 0.0
    },
    "45": {
        "25": 0.0
    },
    "46": {
        "9": 0.02124500560802918,
        "21": 0.23523448171699995
    },
    "47": {
        "5": 0.13386246292270146,
        "15": 0.06211058075169072,
        "22": 0.12321721445729461,
        "26": 0.0
    },
    "48": {
        "26": 0.0
    },
    "49": {
        "12": 0.2725594638783598,
        "17": 0.04694573278213909
    },
    "50": {
        "3": 0.3875418193010867,
        "7": 0.13594171286907003,
        "11": 0.2778177348125467,
        "19": 0.30878870594820074,
        "28": 0.0
    },
    "51": {
        "14": 0.04073193422725449
    },
    "52": {
        "7": 0.22434603072789916,
        "17": 0.02117361057037569
    },
    "53": {
        "30": 0.0
    },
    "54": {
        "11": 0.3143680179821258,
        "27": 0.0
    },
    "55": {
        "25": 0.039439478535641094
    },
    "56": {
        "5": 0.16317328331458117,
        "29": 0.0
    },
    "57": {
        "5": 0.1498890056874049,
        "8": 0.09693416625057924,
        "22": 0.17215873632323775
    },
    "58": {},
    "59": {
        "5": 0.15631665775243347,
        "26": 0.09944864307662936
    },
    "60": {
        "2": 0.16408024090649537,
        "12": 0.3423453618090459
    },
    "61": {
        "9": 0.010445715818214891,
        "11": 0.3269260726194818,
        "19": 0.38768989590083003,
        "28": 0.18621438693683634
    },
    "62": {
        "14": 0.05227445884457747
    },
    "63": {
        "17": 0.026879982762335705
    },
    "64": {
        "30": 0.17894451875977907
    },
    "65": {
        "11": 0.28909875377376804
    },
    "66": {
        "16": 0.30639030484369106
    },
    "67": {
        "29": 0.20508952527068025
    },
    "68": {
        "5": 0.1325950068595905,
        "8": 0.13219598777047759,
        "22": 0.1824443525733663
    },
    "69": {
        "32": 0.0
    },
    "70": {
        "31": 0.0
    },
    "71": {
        "5": 0.1834219737160201,
        "8": 0.1715296935133026
    },
    "72": {
        "12": 0.3344204005351032,
        "17": 0
    },
    "73": {
        "9": 0.010677794327431527,
        "19": 0.2435968471219089,
        "28": 0.3721326561696791
    },
    "74": {
        "14": 0.06167877279451577
    },
    "75": {
        "30": 0.4505790952740697
    },
    "76": {
        "11": 0.284879373942578,
        "27": 0.0
    },
    "77": {
        "1": 0.27067336591826313
    },
    "78": {
        "25": 0.0869585700159993
    },
    "79": {
        "5": 0.16156919140581558,
        "26": 0.09550791487842882,
        "29": 0.2688296186894614
    },
    "80": {
        "22": 0.16543365286873046,
        "26": 0.10499672889155696
    },
    "81": {
        "32": 0.2930202631147731,
        "33": 0.0
    },
    "82": {
        "26": 0.09472887295377401
    },
    "83": {
        "12": 0.3105820908844676,
        "17": 0
    },
    "84": {
        "7": 0.24587666335616615,
        "28": 0.35041591843923947
    },
    "85": {
        "0": 0,
        "14": 0.04915507606117989
    },
    "86": {
        "18": 0.4513837866061129
    },
    "87": {
        "15": 0.09931204231159668,
        "30": 0.3859525526235881
    },
    "88": {
        "33": 0.1715763604047497
    },
    "89": {
        "11": 0.2703859812998426,
        "27": 0.0
    },
    "90": {
        "25": 0.12343857925530152
    },
    "91": {
        "5": 0.1533421527824269,
        "26": 0.11813209472607518,
        "29": 0.30608039934034337
    },
    "92": {
        "5": 0.13217648897600945,
        "8": 0.1682084313213736,
        "22": 0.14726199066562537,
        "34": 0.0
    },
    "93": {
        "32": 0.431310896918928
    },
    "94": {
        "26": 0.11598016641445373
    },
    "95": {
        "12": 0.15451065994232438,
        "17": 0
    },
    "96": {
        "9": 0.007831366083629419,
        "13": 0.03828320219863707,
        "28": 0.33605607469666104
    },
    "97": {
        "0": 0,
        "14": 0.079453025028019
    },
    "98": {
        "18": 0.6077550430956028
    },
    "99": {
        "30": 0.46326951747491657
    }
}