{
    "1": 0.0,
    "2": 0.0,
    "3": 0.0,
    "4": 0.0,
    "5": 0.0,
    "6": 0.0,
    "7": 0.0,
    "8": 0.0,
    "9": 0.0,
    "10": 5.025066357679887,
    "11": 26.41651118561788,
    "12": 26.41651118561788,
    "13": 26.41651118561788,
    "14": 39.29567843157217,
    "15": 41.82450582619502,
    "16": 73.49582873097135,
    "17": 85.86209606413215,
    "18": 116.73159709331662,
    "19": 166.92596702156732,
    "20": 166.92596702156732,
    "21": 186.42649704824825,
    "22": 186.42649704824825,
    "23": 186.42649704824825,
    "24": 220.48164130467094,
    "25": 220.48164130467094,
    "26": 244.11565498359394,
    "27": 253.76032667076234,
    "28": 304.26783854483295,
    "29": 341.10214866705246,
    "30": 369.76250359438893,
    "31": 461.9198782585373,
    "32": 466.779899528604,
    "33": 466.779899528604,
    "34": 514.4193573301212,
    "35": 514.4193573301212,
    "36": 540.4937321510898,
    "37": 550.5510945920565,
    "38": 553.5057395683456,
    "39": 576.1394699431539,
    "40": 629.8352797225567,
    "41": 756.1898741606938,
    "42": 757.683695292442,
    "43": 762.3085900258493,
    "44": 792.8979554183434,
    "45": 854.343196823856,
    "46": 854.343196823856,
    "47": 879.9911455563589,
    "48": 911.9101713695273,
    "49": 911.9101713695273,
    "50": 943.8606910355776,
    "51": 1054.8696883286689,
    "52": 1058.9428817513945,
    "53": 1083.4948458812225,
    "54": 1083.4948458812225,
    "55": 1114.9316476794363,
    "56": 1118.875595533,
    "57": 1135.1929238644589,
    "58": 1177.0911146905805,
    "59": 1177.0911146905805,
    "60": 1202.6676447734862,
    "61": 1253.310205045039,
    "62": 1344.4378121725751,
    "63": 1349.6652580570333,
    "64": 1350.310377643329,
    "65": 1368.2048295193065,
    "66": 1397.1147048966807,
    "67": 1427.7537353810508,
    "68": 1448.262687908119,
    "69": 1492.9862226284615,
    "70": 1492.9862226284615,
    "71": 1492.9862226284615,
    "72": 1528.4813893513929,
    "73": 1561.9234294049033,
    "74": 1624.5641591668057,
    "75": 1630.7320364462573,
    "76": 1675.7899459736652,
    "77": 1704.2778833679224,
    "78": 1731.3452199597489,
    "79": 1740.0410769613486,
    "80": 1792.6317494587208,
    "81": 1819.67478763475,
    "82": 1848.976813946228,
    "83": 1858.4497012416052,
    "84": 1889.5079103300511,
    "85": 1949.1371685095917,
    "86": 1954.052676115709,
    "87": 1999.1910547763207,
    "88": 2047.7175142698386,
    "89": 2064.875150310314,
    "90": 2091.913748440296,
    "91": 2104.2576063658253,
    "92": 2162.013071050709,
    "93": 2206.777762147012,
    "94": 2249.9088518389053,
    "95": 2261.5068684803505,
    "96": 2276.9579344745853,
    "97": 2315.1749987724734,
    "98": 2323.120301275275,
    "99": 2383.8958055848384,
    "100": 2430.222757332329
}