{
    "time_step_utility_dict": {
        "1": 0.0,
        "2": 0.0,
        "3": 0.0,
        "4": 0.0,
        "5": 0.0,
        "6": 0.0,
        "7": 0.0,
        "8": 0.0,
        "9": 0.0,
        "10": 5.025066357679887,
        "11": 21.391444827937992,
        "12": 0.0,
        "13": 0.0,
        "14": 12.879167245954292,
        "15": 2.5288273946228514,
        "16": 31.671322904776332,
        "17": 12.366267333160792,
        "18": 30.869501029184477,
        "19": 50.194369928250694,
        "20": 0.0,
        "21": 19.500530026680934,
        "22": 0.0,
        "23": 0.0,
        "24": 34.05514425642269,
        "25": 0.0,
        "26": 23.634013678922997,
        "27": 9.644671687168398,
        "28": 50.507511874070616,
        "29": 36.834310122219506,
        "30": 28.66035492733647,
        "31": 92.15737466414839,
        "32": 4.860021270066682,
        "33": 0.0,
        "34": 47.63945780151721,
        "35": 0.0,
        "36": 26.074374820968615,
        "37": 10.057362440966699,
        "38": 2.954644976289046,
        "39": 22.63373037480835,
        "40": 53.69580977940279,
        "41": 126.35459443813704,
        "42": 1.493821131748291,
        "43": 4.624894733407245,
        "44": 30.589365392494074,
        "45": 61.44524140551266,
        "46": 0.0,
        "47": 25.64794873250287,
        "48": 31.919025813168446,
        "49": 0.0,
        "50": 31.95051966605024,
        "51": 111.00899729309128,
        "52": 4.073193422725581,
        "53": 24.551964129828093,
        "54": 0.0,
        "55": 31.436801798213764,
        "56": 3.9439478535637136,
        "57": 16.31732833145884,
        "58": 41.89819082612166,
        "59": 0.0,
        "60": 25.57653008290572,
        "61": 50.64256027155284,
        "62": 91.12760712753607,
        "63": 5.22744588445812,
        "64": 0.6451195862957775,
        "65": 17.89445187597744,
        "66": 28.909875377374192,
        "67": 30.639030484370096,
        "68": 20.50895252706823,
        "69": 44.72353472034251,
        "70": 0.0,
        "71": 0.0,
        "72": 35.495166722931344,
        "73": 33.44204005351048,
        "74": 62.64072976190232,
        "75": 6.167877279451659,
        "76": 45.0579095274079,
        "77": 28.487937394257187,
        "78": 27.06733659182646,
        "79": 8.695857001599734,
        "80": 52.590672497372225,
        "81": 27.043038176029086,
        "82": 29.30202631147813,
        "83": 9.472887295377177,
        "84": 31.058209088445892,
        "85": 59.62925817954056,
        "86": 4.915507606117217,
        "87": 45.13837866061181,
        "88": 48.526459493517905,
        "89": 17.15763604047538,
        "90": 27.038598129981892,
        "91": 12.343857925529392,
        "92": 57.75546468488392,
        "93": 44.76469109630261,
        "94": 43.13108969189352,
        "95": 11.598016641445156,
        "96": 15.451065994234796,
        "97": 38.2170642978881,
        "98": 7.945302502801496,
        "99": 60.77550430956353,
        "100": 46.32695174749051
    },
    "total_utility": 2430.222757332329
}