{
    "1": 0.0,
    "2": 0.0,
    "3": 0.0,
    "4": 0.0,
    "5": 0.0,
    "6": 4.806855999897074,
    "7": 4.806855999897074,
    "8": 4.806855999897074,
    "9": 4.806855999897074,
    "10": 29.527548606612264,
    "11": 29.527548606612264,
    "12": 29.527548606612264,
    "13": 29.527548606612264,
    "14": 29.527548606612264,
    "15": 32.268579681746886,
    "16": 34.464171976482774,
    "17": 55.248164651935056,
    "18": 56.43943761186856,
    "19": 56.43943761186856,
    "20": 56.43943761186856,
    "21": 56.43943761186856,
    "22": 56.43943761186856,
    "23": 57.097633185807226,
    "24": 77.72560346893898,
    "25": 77.72560346893898,
    "26": 77.72560346893898,
    "27": 81.95116927725647,
    "28": 81.95116927725647,
    "29": 81.95116927725647,
    "30": 87.98500219242128,
    "31": 87.98500219242128,
    "32": 87.98500219242128,
    "33": 103.53247308552879,
    "34": 114.28813569684765,
    "35": 114.28813569684765,
    "36": 114.28813569684765,
    "37": 141.49282873161485,
    "38": 192.88818988032662,
    "39": 227.24149265589026,
    "40": 227.24149265589026,
    "41": 227.24149265589026,
    "42": 227.24149265589026,
    "43": 227.24149265589026,
    "44": 242.26242267293105,
    "45": 242.26242267293105,
    "46": 242.26242267293105,
    "47": 242.26242267293105,
    "48": 242.26242267293105,
    "49": 242.26242267293105,
    "50": 247.76334853049292,
    "51": 259.15347597042023,
    "52": 283.86160964085894,
    "53": 283.86160964085894,
    "54": 299.58581079651134,
    "55": 304.03157026899197,
    "56": 304.03157026899197,
    "57": 304.03157026899197,
    "58": 324.896993897445,
    "59": 324.896993897445,
    "60": 335.3827227792575,
    "61": 344.1589708966025,
    "62": 354.0248601352694,
    "63": 356.47741128655986,
    "64": 356.47741128655986,
    "65": 428.50060691576897,
    "66": 443.13365290568873,
    "67": 452.7353785360743,
    "68": 452.7353785360743,
    "69": 462.23785518240726,
    "70": 527.2161390006086,
    "71": 546.1560083558969,
    "72": 609.2581378948228,
    "73": 645.0005611516182,
    "74": 672.2117233354724,
    "75": 683.9124964727303,
    "76": 686.221274838123,
    "77": 741.5958140198903,
    "78": 741.5958140198903,
    "79": 750.7255641955423,
    "80": 750.7255641955423,
    "81": 756.0500829166982,
    "82": 814.5216593735912,
    "83": 828.1954940958798,
    "84": 828.1954940958798,
    "85": 828.1954940958798,
    "86": 860.1647014911208,
    "87": 915.180352261116,
    "88": 940.8769366592303,
    "89": 970.7915597474582,
    "90": 970.7915597474582,
    "91": 970.7915597474582,
    "92": 970.7915597474582,
    "93": 970.7915597474582,
    "94": 991.7094423814858,
    "95": 997.4023132663572,
    "96": 997.4023132663572,
    "97": 1006.7721508909974,
    "98": 1006.7721508909974,
    "99": 1015.7598465314609,
    "100": 1015.7598465314609
}