{
    "0": {
        "1": 0.0,
        "4": 0.0,
        "6": 0.0,
        "7": 0.0,
        "8": 0.0,
        "9": 0.0
    },
    "1": {
        "0": 0.0
    },
    "2": {
        "2": 0.0
    },
    "3": {
        "3": 0.0,
        "5": 0.0
    },
    "4": {},
    "5": {
        "3": 0.04806855999897074,
        "5": 0.0
    },
    "6": {
        "16": 0.0
    },
    "7": {
        "13": 0.0
    },
    "8": {
        "12": 0.0,
        "15": 0.0,
        "20": 0.0
    },
    "9": {
        "2": 0.24720692606715186,
        "10": 0.0,
        "11": 0.0,
        "13": 0.0,
        "14": 0.0,
        "16": 0.0,
        "17": 0.0,
        "18": 0.0,
        "19": 0.0,
        "21": 0.0
    },
    "10": {
        "24": 0.0
    },
    "11": {
        "31": 0.0
    },
    "12": {
        "25": 0.0
    },
    "13": {
        "22": 0.0,
        "26": 0.0
    },
    "14": {
        "1": 0.02741031075134634,
        "18": 0.0,
        "27": 0.0
    },
    "15": {
        "1": 0.021955922947358753,
        "6": 0.0,
        "7": 0.0,
        "8": 0.0,
        "9": 0.0,
        "23": 0.0,
        "26": 0.0,
        "27": 0.0,
        "28": 0.0,
        "29": 0.0,
        "30": 0.0,
        "32": 0.0
    },
    "16": {
        "2": 0.20783992675452279
    },
    "17": {
        "3": 0.011912729599335098,
        "33": 0.0,
        "35": 0.0
    },
    "18": {
        "9": 0.0,
        "36": 0.0
    },
    "19": {
        "17": 0.0
    },
    "20": {
        "28": 0.0,
        "33": 0.0,
        "34": 0.0,
        "36": 0.0,
        "37": 0.0,
        "38": 0.0,
        "39": 0.0
    },
    "21": {
        "13": 0.0,
        "38": 0.0
    },
    "22": {
        "12": 0.0,
        "23": 0.006581955739386607,
        "24": 0.0,
        "40": 0.0
    },
    "23": {
        "0": 0.0,
        "2": 0.20627970283131777,
        "11": 0.0,
        "13": 0.0,
        "22": 0.0,
        "41": 0.0
    },
    "24": {
        "45": 0.0
    },
    "25": {
        "25": 0.0,
        "43": 0.0
    },
    "26": {
        "1": 0.032183648655170816,
        "7": 0.0,
        "12": 0.0,
        "20": 0.0,
        "23": 0.010072009428004125,
        "27": 0.0,
        "30": 0.0,
        "42": 0.0,
        "44": 0.0,
        "46": 0.0,
        "47": 0.0
    },
    "27": {
        "42": 0.0
    },
    "28": {
        "49": 0.0
    },
    "29": {
        "33": 0.0,
        "35": 0.06033832915164795,
        "48": 0.0
    },
    "30": {
        "8": 0.0,
        "9": 0.0
    },
    "31": {
        "44": 0.0
    },
    "32": {
        "35": 0.04353560807957365,
        "36": 0.0,
        "38": 0.11193910085150179,
        "48": 0.0,
        "49": 0.0,
        "50": 0.0,
        "51": 0.0
    },
    "33": {
        "0": 0.10755662611318777,
        "52": 0.0
    },
    "34": {
        "37": 0.0,
        "51": 0.0
    },
    "35": {
        "32": 0.0,
        "50": 0.0
    },
    "36": {
        "38": 0.1304258273139784,
        "39": 0.0,
        "47": 0.14162110303369407
    },
    "37": {
        "0": 0.10844199973119473,
        "3": 0.056748074907646544,
        "5": 0.0,
        "11": 0.0,
        "22": 0.0,
        "23": 0.012232801924678755,
        "24": 0.0,
        "41": 0.0,
        "45": 0.33653073492359836
    },
    "38": {
        "45": 0.34353302775563455
    },
    "39": {
        "10": 0.0
    },
    "40": {
        "43": 0.0
    },
    "41": {
        "19": 0.0
    },
    "42": {
        "6": 0.0,
        "7": 0.0,
        "21": 0.0,
        "46": 0.0
    },
    "43": {
        "19": 0.0,
        "21": 0.0,
        "31": 0.0,
        "42": 0.0,
        "43": 0.0,
        "46": 0.0,
        "47": 0.1502093001704064
    },
    "44": {
        "20": 0.0,
        "30": 0.0
    },
    "45": {
        "29": 0.0,
        "42": 0.0
    },
    "46": {
        "4": 0.0
    },
    "47": {
        "8": 0.0
    },
    "48": {
        "18": 0.0,
        "44": 0.0
    },
    "49": {
        "1": 0.015199105609080256,
        "4": 0.0,
        "7": 0.0,
        "9": 0.0,
        "25": 0.0,
        "26": 0.0,
        "28": 0.0,
        "35": 0.041468909340144265,
        "49": 0.0,
        "50": 0.0,
        "52": 0.0
    },
    "50": {
        "0": 0.1139012743992735,
        "52": 0.0
    },
    "51": {
        "2": 0.2470813367043867,
        "51": 0.0
    },
    "52": {
        "5": 0.0,
        "32": 0.0,
        "50": 0.0
    },
    "53": {
        "39": 0.009723441264273656,
        "47": 0.14751857029225168
    },
    "54": {
        "5": 0.0,
        "17": 0.041037420670512983,
        "39": 0.0034201740542942082,
        "53": 0.0
    },
    "55": {
        "16": 0.0
    },
    "56": {
        "15": 0.0,
        "20": 0.0,
        "46": 0.0
    },
    "57": {
        "2": 0.1573172387607003,
        "10": 0.0,
        "13": 0.0,
        "14": 0.0,
        "15": 0.0,
        "16": 0.0,
        "17": 0.051336997523831494,
        "18": 0.0,
        "19": 0.0,
        "21": 0.0,
        "43": 0.0
    },
    "58": {
        "24": 0.0
    },
    "59": {
        "29": 0.10485728881812442,
        "31": 0.0
    },
    "60": {
        "25": 0.08776248117345035
    },
    "61": {
        "22": 0.0,
        "26": 0.09865889238666828
    },
    "62": {
        "1": 0.02452551151290348
    },
    "63": {
        "18": 0.0,
        "27": 0.0
    },
    "64": {
        "1": 0.042384756088053,
        "6": 0.0,
        "7": 0.0,
        "8": 0.0,
        "9": 0.0,
        "23": 0.23037661203441184,
        "25": 0.1439943584009016,
        "26": 0.12269462097160741,
        "28": 0.0,
        "29": 0.18078160879711935,
        "30": 0.0,
        "32": 0.0
    },
    "65": {
        "2": 0.14633045989919977
    },
    "66": {
        "3": 0.028063266970450775,
        "33": 0.06795398933340248,
        "35": 0
    },
    "67": {
        "9": 0.0,
        "36": 0.0
    },
    "68": {
        "17": 0.09502476646333113
    },
    "69": {
        "28": 0.0,
        "33": 0.10444267345979225,
        "36": 0.0,
        "37": 0.0,
        "38": 0.2015223687328844,
        "39": 0.009969793655472145,
        "40": 0.3338480023338559
    },
    "70": {
        "13": 0.0,
        "38": 0.18939869355288372
    },
    "71": {
        "12": 0.06886603621219844,
        "23": 0.24275654019524504,
        "24": 0.0,
        "40": 0.31939871898180866
    },
    "72": {
        "0": 0.11022002395674148,
        "2": 0.179618316152111,
        "11": 0.0,
        "13": 0.0,
        "17": 0.06758589245910329,
        "18": 0.0,
        "41": 0.0
    },
    "73": {
        "45": 0.27211162183854065
    },
    "74": {
        "25": 0.1170077313725804,
        "43": 0.0
    },
    "75": {
        "1": 0.023087783653927812,
        "7": 0.0,
        "27": 0.0
    },
    "76": {
        "6": 0.0,
        "12": 0.09058101176871233,
        "20": 0.0,
        "23": 0.24261990853247387,
        "27": 0.0,
        "29": 0.1205494925119118,
        "30": 0.0,
        "32": 0.0,
        "42": 0.0,
        "44": 0.09999497900458489,
        "46": 0.0
    },
    "77": {
        "49": 0.0
    },
    "78": {
        "33": 0.09129750175651895,
        "35": 0
    },
    "79": {
        "8": 0.0,
        "9": 0.0,
        "36": 0.0
    },
    "80": {
        "44": 0.05324518721155875
    },
    "81": {
        "28": 0.0,
        "33": 0.1265951743701062,
        "36": 0.0,
        "38": 0.2388574634352057,
        "48": 0.21926312676361243,
        "50": 0.0,
        "51": 0.0
    },
    "82": {
        "0": 0.13673834722288428,
        "52": 0.0
    },
    "83": {
        "37": 0.0
    },
    "84": {
        "32": 0.0,
        "50": 0.0
    },
    "85": {
        "38": 0.20413353851251181,
        "39": 0.003886460226369357,
        "47": 0.1116720752135283
    },
    "86": {
        "11": 0.0,
        "23": 0.2251974583507726,
        "41": 0.0,
        "45": 0.3184083325683855,
        "53": 0.006550716780790856
    },
    "87": {
        "0": 0.07968617798586868,
        "3": 0.17727966599526945,
        "5": 0.0,