{
    "time_step_utility_dict": {
        "1": 0.0,
        "2": 0.0,
        "3": 0.0,
        "4": 0.0,
        "5": 0.0,
        "6": 4.806855999897074,
        "7": 0.0,
        "8": 0.0,
        "9": 0.0,
        "10": 24.72069260671519,
        "11": 0.0,
        "12": 0.0,
        "13": 0.0,
        "14": 0.0,
        "15": 2.7410310751346216,
        "16": 2.1955922947358886,
        "17": 20.783992675452282,
        "18": 1.1912729599335066,
        "19": 0.0,
        "20": 0.0,
        "21": 0.0,
        "22": 0.0,
        "23": 0.6581955739386629,
        "24": 20.62797028313176,
        "25": 0.0,
        "26": 0.0,
        "27": 4.225565808317484,
        "28": 0.0,
        "29": 0.0,
        "30": 6.033832915164808,
        "31": 0.0,
        "32": 0.0,
        "33": 15.547470893107516,
        "34": 10.755662611318854,
        "35": 0.0,
        "36": 0.0,
        "37": 27.204693034767203,
        "38": 51.39536114871177,
        "39": 34.353302775563634,
        "40": 0.0,
        "41": 0.0,
        "42": 0.0,
        "43": 0.0,
        "44": 15.020930017040797,
        "45": 0.0,
        "46": 0.0,
        "47": 0.0,
        "48": 0.0,
        "49": 0.0,
        "50": 5.500925857561867,
        "51": 11.390127439927312,
        "52": 24.708133670438713,
        "53": 0.0,
        "54": 15.724201155652395,
        "55": 4.445759472480631,
        "56": 0.0,
        "57": 0.0,
        "58": 20.865423628453016,
        "59": 0.0,
        "60": 10.48572888181252,
        "61": 8.776248117345006,
        "62": 9.86588923866691,
        "63": 2.452551151290436,
        "64": 0.0,
        "65": 72.02319562920911,
        "66": 14.633045989919765,
        "67": 9.601725630385545,
        "68": 0.0,
        "69": 9.50247664633298,
        "70": 64.9782838182013,
        "71": 18.93986935528835,
        "72": 63.10212953892585,
        "73": 35.742423256795405,
        "74": 27.211162183854185,
        "75": 11.700773137257897,
        "76": 2.3087783653927545,
        "77": 55.37453918176732,
        "78": 0.0,
        "79": 9.12975017565202,
        "80": 0.0,
        "81": 5.324518721155869,
        "82": 58.47157645689299,
        "83": 13.673834722288575,
        "84": 0.0,
        "85": 0.0,
        "86": 31.96920739524103,
        "87": 55.015650769995204,
        "88": 25.696584398114283,
        "89": 29.914623088227927,
        "90": 0.0,
        "91": 0.0,
        "92": 0.0,
        "93": 0.0,
        "94": 20.917882634027592,
        "95": 5.692870884871354,
        "96": 0.0,
        "97": 9.36983762464024,
        "98": 0.0,
        "99": 8.987695640463471,
        "100": 0.0
    },
    "total_utility": 1015.7598465314609
}