{
    "1": 0.0,
    "2": 0.0,
    "3": 0.0,
    "4": 0.0,
    "5": 0.0,
    "6": 0.0,
    "7": 0.0,
    "8": 0.0,
    "9": 0.0,
    "10": 3.4175495337427417,
    "11": 18.166345321868928,
    "12": 18.166345321868928,
    "13": 18.166345321868928,
    "14": 24.807871746656396,
    "15": 25.993440380403662,
    "16": 46.44065724694599,
    "17": 51.88401693630502,
    "18": 82.4193982602163,
    "19": 102.34874477328698,
    "20": 102.34874477328698,
    "21": 108.20725435712333,
    "22": 108.20725435712333,
    "23": 108.20725435712333,
    "24": 138.88949486821306,
    "25": 138.88949486821306,
    "26": 156.02258901592128,
    "27": 165.34108825341409,
    "28": 212.03412821316007,
    "29": 252.76608422093088,
    "30": 279.37516736995906,
    "31": 315.662883279737,
    "32": 319.78210648436027,
    "33": 319.78210648436027,
    "34": 366.56800160333364,
    "35": 396.5990391512446,
    "36": 426.43755250894617,
    "37": 437.09897051492544,
    "38": 439.1482913047,
    "39": 470.0344810973504,
    "40": 512.5285545636223,
    "41": 592.0690890541205,
    "42": 592.6257105886144,
    "43": 595.6358085849159,
    "44": 623.6365059152942,
    "45": 675.2182867111943,
    "46": 675.2182867111943,
    "47": 696.630457672496,
    "48": 732.4464304145977,
    "49": 732.4464304145977,
    "50": 760.1659950508428,
    "51": 863.6005410887328,
    "52": 869.5896543178516,
    "53": 886.5246072781569,
    "54": 886.5246072781569,
    "55": 916.3347666162601,
    "56": 920.3675857354174,
    "57": 926.7115759500093,
    "58": 970.1540296099442,
    "59": 970.1540296099442,
    "60": 995.1918831627119,
    "61": 1040.055875982195,
    "62": 1112.5079397611066,
    "63": 1122.3071359462779,
    "64": 1122.8765803907224,
    "65": 1139.9526139796412,
    "66": 1167.4026486372888,
    "67": 1189.833393459671,
    "68": 1198.3181149346772,
    "69": 1242.9382360449354,
    "70": 1242.9382360449354,
    "71": 1242.9382360449354,
    "72": 1267.906220118557,
    "73": 1297.3801153104898,
    "74": 1375.6189899414137,
    "75": 1388.9121702811963,
    "76": 1429.2045249571815,
    "77": 1453.7081353665533,
    "78": 1478.902194421389,
    "79": 1487.3845201223858,
    "80": 1526.1703087964395,
    "81": 1559.8321240253774,
    "82": 1644.951779571341,
    "83": 1656.6231381666971,
    "84": 1684.186233944489,
    "85": 1726.276346778814,
    "86": 1737.1792266546038,
    "87": 1785.1314939927659,
    "88": 1842.141850210312,
    "89": 1879.697591584661,
    "90": 1903.3998624168958,
    "91": 1913.1569452846352,
    "92": 1953.7742986730514,
    "93": 1995.097675443807,
    "94": 2049.6486457992364,
    "95": 2061.6827558894024,
    "96": 2081.819651381028,
    "97": 2120.7161839919827,
    "98": 2135.6967614943464,
    "99": 2196.001252225432,
    "100": 2238.9128796513533
}