{
    "0": {
        "0": 0.0
    },
    "1": {
        "4": 0.0,
        "5": 0.0,
        "8": 0.0
    },
    "2": {
        "6": 0.0
    },
    "3": {
        "2": 0.0
    },
    "4": {
        "1": 0.0
    },
    "5": {
        "3": 0.0,
        "7": 0.0
    },
    "6": {
        "7": 0.0
    },
    "7": {},
    "8": {},
    "9": {
        "3": 0.034175495337427426
    },
    "10": {
        "1": 0.14748795788126187
    },
    "11": {},
    "12": {},
    "13": {
        "5": 0.06641526424787463
    },
    "14": {
        "0": 0.011855686337472722
    },
    "15": {
        "4": 0.2044721686654232
    },
    "16": {
        "2": 0.05443359689359041,
        "11": 0.0
    },
    "17": {
        "1": 0.30535381323911254
    },
    "18": {
        "3": 0.14384279319698579,
        "7": 0.05545067193372094,
        "10": 0.0,
        "16": 0.0
    },
    "19": {
        "13": 0.0
    },
    "20": {
        "7": 0.05858509583836376,
        "12": 0.0,
        "15": 0.0
    },
    "21": {
        "9": 0.0
    },
    "22": {
        "17": 0.0
    },
    "23": {
        "1": 0.30682240511089587,
        "14": 0.0
    },
    "24": {
        "18": 0.0
    },
    "25": {
        "5": 0.11320564578657953,
        "8": 0.058125295690502
    },
    "26": {
        "0": 0.013100470672139312,
        "17": 0.08008452170278782
    },
    "27": {
        "4": 0.34315433133278794,
        "5": 0.12377606826467584
    },
    "28": {
        "2": 0.08300786989093209,
        "11": 0.3243116901867754
    },
    "29": {
        "1": 0.26609083149028173
    },
    "30": {
        "3": 0.24612552797907564,
        "7": 0.046590228927621095,
        "10": 0.07016140219108014,
        "23": 0.0
    },
    "31": {
        "12": 0.022707792988893347,
        "15": 0.018484439057339503
    },
    "32": {
        "21": 0.0
    },
    "33": {
        "1": 0.19275770741290846,
        "14": 0.2751012437768288
    },
    "34": {
        "18": 0.3003103754791099,
        "19": 0.0
    },
    "35": {
        "5": 0.11770239317861461,
        "8": 0.18068274039839857,
        "20": 0.0,
        "22": 0.0
    },
    "36": {
        "17": 0.10661418005979163
    },
    "37": {
        "0": 0.02134709156015213
    },
    "38": {
        "5": 0.09047182635809492,
        "8": 0.21839007156840526
    },
    "39": {
        "2": 0.14610780467697165,
        "11": 0.27709379955096497,
        "15": 0.0017391304347826085
    },
    "40": {
        "3": 0.22558582438110286,
        "7": 0.04213568171027446,
        "10": 0.20253158671615482,
        "23": 0.3251522520974456
    },
    "41": {
        "15": 0.005566215344938749
    },
    "42": {
        "21": 0.030100979963014578
    },
    "43": {
        "10": 0.2800069733037781
    },
    "44": {
        "1": 0.25025023878576874,
        "14": 0.2655675691732291,
        "24": 0.0
    },
    "45": {
        "25": 0.0
    },
    "46": {
        "18": 0.1804023493055017,
        "19": 0.03371936030751511
    },
    "47": {
        "5": 0.09373442543851022,
        "20": 0.02845671130824632,
        "22": 0.23596859067425416,
        "26": 0.0
    },
    "48": {
        "26": 0.0
    },
    "49": {
        "11": 0.24794776371665697,
        "15": 0.029247882645793383
    },
    "50": {
        "3": 0.2539195539970359,
        "7": 0.08819773331683653,
        "10": 0.26587318802843923,
        "23": 0.4263549850366016,
        "30": 0.0
    },
    "51": {
        "13": 0.059891132291188046
    },
    "52": {
        "7": 0.13758075562728853,
        "15": 0.031768773975756434
    },
    "53": {
        "31": 0.0
    },
    "54": {
        "10": 0.2981015933810374,
        "27": 0.0
    },
    "55": {
        "25": 0.04032819119157078
    },
    "56": {
        "5": 0.0634399021459179,
        "29": 0.0
    },
    "57": {
        "5": 0.11083498232067723,
        "8": 0.13759504639322442,
        "22": 0.18599450788545224
    },
    "58": {
        "28": 0.0
    },
    "59": {
        "5": 0.08584180380455791,
        "26": 0.16453673172312258
    },
    "60": {
        "2": 0.15002052835505406,
        "11": 0.29861939983979846
    },
    "61": {
        "10": 0.27690217380718535,
        "19": 0.06399559395769443,
        "23": 0.248803259635691,
        "30": 0.1348196103885369
    },
    "62": {
        "13": 0.09799196185171936
    },
    "63": {
        "15": 0.02372685185185185
    },
    "64": {
        "31": 0.17076033588918102
    },
    "65": {
        "10": 0.2745003465764646
    },
    "66": {
        "14": 0.22430744822382015
    },
    "67": {
        "29": 0.08484721475006453
    },
    "68": {
        "5": 0.07260716038230264,
        "8": 0.1806482860080245,
        "22": 0.19294576471226144
    },
    "69": {
        "33": 0.0
    },
    "70": {
        "32": 0.0
    },
    "71": {
        "5": 0.08806707486647099,
        "8": 0.16161276586976087
    },
    "72": {
        "11": 0.2947389519193325,
        "15": 0
    },
    "73": {
        "19": 0.04434002947621768,
        "23": 0.41766927236816953,
        "30": 0.3203794444648581
    },
    "74": {
        "13": 0.1329318033978302
    },
    "75": {
        "31": 0.40292354675986813
    },
    "76": {
        "10": 0.24503610409372825,
        "27": 0.0
    },
    "77": {
        "1": 0.25194059054836476
    },
    "78": {
        "25": 0.0848232570099743
    },
    "79": {
        "5": 0.07787931503922295,
        "26": 0.14024354832661176,
        "29": 0.16973502337471483
    },
    "80": {
        "22": 0.19901473328308175,
        "26": 0.13760341900629933
    },
    "81": {
        "28": 0.3537637535379975,
        "33": 0.49743280192162653
    },
    "82": {
        "26": 0.1167135859535624
    },
    "83": {
        "11": 0.27563095777790425,
        "15": 0
    },
    "84": {
        "7": 0.15147421048075232,
        "30": 0.2694269178625129
    },
    "85": {
        "0": 0,
        "13": 0.10902879875788907
    },
    "86": {
        "16": 0.4795226733816189
    },
    "87": {
        "20": 0.2242342254843037,
        "31": 0.34586933669115055
    },
    "88": {
        "28": 0.3755574137434824
    },
    "89": {
        "10": 0.2370227083223589,
        "27": 0.0
    },
    "90": {
        "25": 0.09757082867739765
    },
    "91": {
        "5": 0.06783587918354816,
        "26": 0.13465670128324114,
        "29": 0.20368095341734233
    },
    "92": {
        "5": 0.04900664260737473,
        "8": 0.16865352110314208,
        "22": 0.19557360399702617,
        "34": 0.0
    },
    "93": {
        "33": 0.5455097035543024
    },
    "94": {
        "26": 0.12034110090167481
    },
    "95": {
        "11": 0.20136895491622953,
        "15": 0
    },
    "96": {
        "12": 0.052182686204667705,
        "19": 0.026814683703075413,
        "30": 0.3099679562017798
    },
    "97": {
        "0": 0,
        "13": 0.14980577502364134
    },
    "98": {
        "16": 0.6030449073108766
    },
    "99": {
        "31": 0.42911627425921917
    }
}