{
    "time_step_utility_dict": {
        "1": 0.0,
        "2": 0.0,
        "3": 0.0,
        "4": 0.0,
        "5": 0.0,
        "6": 0.0,
        "7": 0.0,
        "8": 0.0,
        "9": 0.0,
        "10": 3.4175495337427417,
        "11": 14.748795788126186,
        "12": 0.0,
        "13": 0.0,
        "14": 6.641526424787468,
        "15": 1.1855686337472662,
        "16": 20.447216866542327,
        "17": 5.443359689359028,
        "18": 30.53538132391128,
        "19": 19.929346513070683,
        "20": 0.0,
        "21": 5.8585095838363515,
        "22": 0.0,
        "23": 0.0,
        "24": 30.68224051108973,
        "25": 0.0,
        "26": 17.13309414770822,
        "27": 9.318499237492802,
        "28": 46.69303995974599,
        "29": 40.731956007770805,
        "30": 26.60908314902818,
        "31": 36.287715909777944,
        "32": 4.1192232046232675,
        "33": 0.0,
        "34": 46.78589511897337,
        "35": 30.031037547910955,
        "36": 29.838513357701572,
        "37": 10.661418005979272,
        "38": 2.0493207897745833,
        "39": 30.886189792650384,
        "40": 42.49407346627186,
        "41": 79.5405344904982,
        "42": 0.5566215344939565,
        "43": 3.0100979963015106,
        "44": 28.000697330378216,
        "45": 51.58178079590016,
        "46": 0.0,
        "47": 21.41217096130174,
        "48": 35.81597274210162,
        "49": 0.0,
        "50": 27.71956463624508,
        "51": 103.43454603789007,
        "52": 5.989113229118743,
        "53": 16.93495296030528,
        "54": 0.0,
        "55": 29.81015933810329,
        "56": 4.032819119157239,
        "57": 6.3439902145919405,
        "58": 43.44245365993493,
        "59": 0.0,
        "60": 25.037853552767615,
        "61": 44.86399281948309,
        "62": 72.45206377891168,
        "63": 9.79919618517124,
        "64": 0.5694444444445708,
        "65": 17.07603358891879,
        "66": 27.45003465764762,
        "67": 22.430744822382167,
        "68": 8.484721475006154,
        "69": 44.6201211102582,
        "70": 0.0,
        "71": 0.0,
        "72": 24.967984073621665,
        "73": 29.473895191932797,
        "74": 78.23887463092387,
        "75": 13.293180339782566,
        "76": 40.29235467598528,
        "77": 24.50361040937173,
        "78": 25.194059054835634,
        "79": 8.482325700996853,
        "80": 38.78578867405372,
        "81": 33.66181522893794,
        "82": 85.1196555459635,
        "83": 11.671358595356196,
        "84": 27.563095777791887,
        "85": 42.090112834325055,
        "86": 10.902879875789722,
        "87": 47.95226733816207,
        "88": 57.01035621754613,
        "89": 37.555741374349054,
        "90": 23.702270832234717,
        "91": 9.757082867739427,
        "92": 40.61735338841618,
        "93": 41.32337677075566,
        "94": 54.5509703554294,
        "95": 12.034110090165996,
        "96": 20.136895491625637,
        "97": 38.89653261095464,
        "98": 14.980577502363758,
        "99": 60.30449073108548,
        "100": 42.911627425921324
    },
    "total_utility": 2238.9128796513533
}