{
    "0": {
        "0": 0.0,
        "1": 0.0,
        "2": 0.0,
        "3": 0.0,
        "5": 0.0,
        "6": 0.0
    },
    "1": {
        "7": 0.0
    },
    "2": {
        "4": 0.0
    },
    "3": {
        "8": 0.0
    },
    "4": {},
    "5": {
        "8": 0.0682668112531912
    },
    "6": {
        "10": 0.0
    },
    "7": {
        "11": 0.0
    },
    "8": {
        "9": 0.0,
        "12": 0.0,
        "13": 0.0
    },
    "9": {
        "4": 0.0,
        "10": 0.0,
        "11": 0.0,
        "14": 0.0,
        "15": 0.0,
        "16": 0.0
    },
    "10": {
        "18": 0.0
    },
    "11": {
        "23": 0.0
    },
    "12": {
        "19": 0.0
    },
    "13": {
        "17": 0.0,
        "20": 0.0
    },
    "14": {
        "3": 0.030076289069327307,
        "21": 0.0,
        "22": 0.0
    },
    "15": {
        "1": 0.0,
        "2": 0.0,
        "3": 0.039380889481724204,
        "5": 0.0,
        "6": 0.0,
        "17": 0.0,
        "22": 0.0
    },
    "16": {
        "4": 0.2404076271912446
    },
    "17": {
        "8": 0.04216819211062475,
        "24": 0.0,
        "29": 0.0
    },
    "18": {
        "5": 0.0,
        "28": 0.0
    },
    "19": {
        "30": 0.0
    },
    "20": {
        "25": 0.0,
        "26": 0.0,
        "27": 0.0,
        "28": 0.0,
        "29": 0.0
    },
    "21": {
        "11": 0.03423468755845492,
        "25": 0.0
    },
    "22": {
        "13": 0.0,
        "18": 0.0,
        "31": 0.0,
        "32": 0.0
    },
    "23": {
        "4": 0.27176833639554565,
        "7": 0.0,
        "11": 0.0532567507514644,
        "20": 0.0,
        "33": 0.0,
        "34": 0.0
    },
    "24": {
        "38": 0.0
    },
    "25": {
        "19": 0.0,
        "37": 0.0
    },
    "26": {
        "1": 0.0,
        "3": 0.03900284924517424,
        "9": 0.0,
        "13": 0.0,
        "22": 0.0,
        "31": 0.0,
        "35": 0.0,
        "36": 0.0,
        "39": 0.0,
        "40": 0.0,
        "41": 0.0
    },
    "27": {
        "41": 0.0
    },
    "28": {
        "43": 0.0
    },
    "29": {
        "24": 0.06862270975240492,
        "29": 0.0,
        "44": 0.0
    },
    "30": {
        "5": 0.0,
        "6": 0.0
    },
    "31": {
        "36": 0.0
    },
    "32": {
        "24": 0.06498870456519244,
        "25": 0.20957614369360444,
        "28": 0.0,
        "42": 0.0,
        "43": 0.0,
        "44": 0.0,
        "45": 0.0
    },
    "33": {
        "7": 0.13860283445460878,
        "47": 0.0
    },
    "34": {
        "26": 0.0,
        "42": 0.0
    },
    "35": {
        "45": 0.0,
        "46": 0.0
    },
    "36": {
        "25": 0.22077539856967857,
        "27": 0.0,
        "39": 0.0
    },
    "37": {
        "7": 0.1313490830861974,
        "8": 0.04805460033447504,
        "18": 0.0,
        "20": 0.0,
        "31": 0.0,
        "33": 0.0,
        "34": 0.0,
        "38": 0.2816286005327999,
        "48": 0.0
    },
    "38": {
        "38": 0.2638140916934299
    },
    "39": {
        "14": 0.0
    },
    "40": {
        "37": 0.0
    },
    "41": {
        "15": 0.0
    },
    "42": {
        "1": 0.0,
        "2": 0.0,
        "35": 0.0,
        "49": 0.0
    },
    "43": {
        "15": 0.0,
        "23": 0.0,
        "35": 0.0,
        "37": 0.0,
        "39": 0.0,
        "41": 0.0,
        "49": 0.0
    },
    "44": {
        "9": 0.0,
        "40": 0.0
    },
    "45": {
        "41": 0.0,
        "50": 0.0
    },
    "46": {
        "0": 0.25587479682871395
    },
    "47": {
        "6": 0.0
    },
    "48": {
        "21": 0.0,
        "36": 0.0
    },
    "49": {
        "0": 0.28379515034332814,
        "1": 0.0,
        "3": 0.02542804323649257,
        "5": 0.0,
        "17": 0.0,
        "19": 0.0,
        "24": 0.046967045939887375,
        "43": 0.0,
        "45": 0.0,
        "47": 0.0,
        "51": 0.0
    },
    "50": {
        "7": 0.14053186854981323,
        "47": 0.0
    },
    "51": {
        "4": 0.29834055206461757,
        "42": 0.0
    },
    "52": {
        "45": 0.0,
        "46": 0.0,
        "48": 0.0
    },
    "53": {
        "27": 0.0,
        "39": 0.0
    },
    "54": {
        "27": 0.0,
        "30": 0.16392527159673112,
        "48": 0.0,
        "52": 0.0
    },
    "55": {
        "10": 0.13884189971537728
    },
    "56": {
        "9": 0.0,
        "12": 0.0,
        "35": 0.0
    },
    "57": {
        "4": 0.19162421042748595,
        "10": 0.14382672687540973,
        "11": 0.0422926245715165,
        "12": 0.0,
        "14": 0.0,
        "15": 0.0,
        "16": 0.0,
        "21": 0.0,
        "30": 0.17967304412765173,
        "37": 0.0,
        "49": 0.0
    },
    "58": {
        "18": 0.0
    },
    "59": {
        "23": 0.0,
        "50": 0.0
    },
    "60": {
        "19": 0.0515329502329995
    },
    "61": {
        "17": 0.0,
        "20": 0.0
    },
    "62": {
        "3": 0.01960777864249711
    },
    "63": {
        "21": 0.0,
        "22": 0.0
    },
    "64": {
        "1": 0.0,
        "2": 0.0,
        "3": 0.014893083664358864,
        "5": 0.04226617378121838,
        "6": 0.0,
        "17": 0.0,
        "19": 0.04131083132772347,
        "31": 0.0,
        "40": 0.0,
        "46": 0.0,
        "50": 0.0,
        "51": 0.0
    },
    "65": {
        "4": 0.19868917651260215
    },
    "66": {
        "8": 0.026486375226171893,
        "24": 0,
        "29": 0.0
    },
    "67": {
        "5": 0.033655377774552415,
        "28": 0.0
    },
    "68": {
        "30": 0.16624715243392038
    },
    "69": {
        "25": 0.2978984347102944,
        "26": 0.0,
        "27": 0.0,
        "28": 0.0,
        "29": 0.0,
        "32": 0.35629531561975647,
        "51": 0.0
    },
    "70": {
        "11": 0.03744644662173521,
        "25": 0.2794824897014274
    },
    "71": {
        "13": 0.0,
        "18": 0.0,
        "31": 0.0,
        "32": 0.327343593980874
    },
    "72": {
        "4": 0.273277267391789,
        "7": 0.1441947151962957,
        "11": 0.04728002087667569,
        "21": 0.0,
        "30": 0.1957807417437664,
        "33": 0.0,
        "34": 0.0
    },
    "73": {
        "38": 0.1428479957338378
    },
    "74": {
        "19": 0.05176985975844925,
        "37": 0.0
    },
    "75": {
        "1": 0.0,
        "3": 0.02480390447834779,
        "22": 0.21240398699932583
    },
    "76": {
        "2": 0.0,
        "9": 0.0,
        "13": 0.0,
        "22": 0.13107567297671954,
        "31": 0.0,
        "35": 0.0,
        "36": 0.0,
        "40": 0.0,
        "41": 0.0,
        "46": 0.0,
        "50": 0.0
    },
    "77": {
        "43": 0.03822500594792202
    },
    "78": {
        "24": 0,
        "29": 0.0
    },
    "79": {
        "5": 0.026614232403384785,
        "6": 0.0,
        "28": 0.0
    },
    "80": {
        "36": 0.0
    },
    "81": {
        "25": 0.29821963247701455,
        "28": 0.0,
        "29": 0.0,
        "42": 0.0,
        "44": 0.2111219158913755,
        "45": 0.0,
        "51": 0.16901342651717813
    },
    "82": {
        "7": 0.10434740679139518,
        "47": 0.0
    },
    "83": {
        "26": 0.0
    },
    "84": {
        "45": 0.0,
        "46": 0.0
    },
    "85": {
        "25": 0.2803572103320867,
        "27": 0.004510249078666044,
        "39": 0.0
    },
    "86": {
        "31": 0.0,
        "33": 0.0,
        "34": 0.0,
        "38": 0.2625383770150042,
        "52": 0.005895100125910435
    },
    "87": {
        "7": 0.05681582687135533,
        "8": 0.036051718531177605,
        "20": 0.0,
        "34": 0.0,
        "48": 0.09118760440759394
    },
    "88": {
        "38": 0.178205476626333
    },
    "89": {
        "14": 0.0
    },
    "90": {
        "37": 0.09596513581865083
    },
    "91": {
        "15": 0.0564917160785164
    },
    "92": {
        "1": 0.0,
        "2": 0.0,
        "35": 0.0,
        "49": 0.027947729192134438
    },
    "93": {
        "13": 0.02994255666062754,
        "15": 0.0781057426017514,