{
    "1": 0.0,
    "2": 0.0,
    "3": 0.0,
    "4": 0.0,
    "5": 0.0,
    "6": 6.826681125319118,
    "7": 6.826681125319118,
    "8": 6.826681125319118,
    "9": 6.826681125319118,
    "10": 6.826681125319118,
    "11": 6.826681125319118,
    "12": 6.826681125319118,
    "13": 6.826681125319118,
    "14": 6.826681125319118,
    "15": 9.834310032251853,
    "16": 13.772398980424272,
    "17": 37.81316169954871,
    "18": 42.029980910611194,
    "19": 42.029980910611194,
    "20": 42.029980910611194,
    "21": 42.029980910611194,
    "22": 45.45344966645669,
    "23": 45.45344966645669,
    "24": 77.95595838115766,
    "25": 77.95595838115766,
    "26": 77.95595838115766,
    "27": 81.85624330567511,
    "28": 81.85624330567511,
    "29": 81.85624330567511,
    "30": 88.71851428091561,
    "31": 88.71851428091561,
    "32": 88.71851428091561,
    "33": 116.17499910679528,
    "34": 130.03528255225618,
    "35": 130.03528255225618,
    "36": 130.03528255225618,
    "37": 152.11282240922395,
    "38": 198.21605080457098,
    "39": 224.59745997391414,
    "40": 224.59745997391414,
    "41": 224.59745997391414,
    "42": 224.59745997391414,
    "43": 224.59745997391414,
    "44": 224.59745997391414,
    "45": 224.59745997391414,
    "46": 224.59745997391414,
    "47": 250.18493965678545,
    "48": 250.18493965678545,
    "49": 250.18493965678545,
    "50": 285.6160954249964,
    "51": 299.6692822799776,
    "52": 329.5033374864401,
    "53": 329.5033374864401,
    "54": 329.5033374864401,
    "55": 345.89586464611324,
    "56": 359.78005461765105,
    "57": 359.78005461765105,
    "58": 415.52171521785846,
    "59": 415.52171521785846,
    "60": 415.52171521785846,
    "61": 420.6750102411583,
    "62": 420.6750102411583,
    "63": 422.63578810540804,
    "64": 422.63578810540804,
    "65": 432.48279698273785,
    "66": 452.35171463399803,
    "67": 455.0003521566152,
    "68": 458.36588993407025,
    "69": 474.9906051774623,
    "70": 540.409980210468,
    "71": 572.1028738427839,
    "72": 604.8372332408709,
    "73": 670.890507761724,
    "74": 685.175307335108,
    "75": 690.3522933109526,
    "76": 714.0730824587193,
    "77": 727.1806497563911,
    "78": 731.0031503511833,
    "79": 731.0031503511833,
    "80": 733.6645735915218,
    "81": 733.6645735915218,
    "82": 801.5000710800787,
    "83": 811.9348117592181,
    "84": 811.9348117592181,
    "85": 811.9348117592181,
    "86": 840.4215577002935,
    "87": 867.2649054143845,
    "88": 885.6704203953974,
    "89": 903.4909680580306,
    "90": 903.4909680580306,
    "91": 913.0874816398957,
    "92": 918.7366532477472,
    "93": 921.5314261669607,
    "94": 948.9565560678727,
    "95": 948.9565560678727,
    "96": 948.9565560678727,
    "97": 948.9565560678727,
    "98": 951.7742488525719,
    "99": 975.3525705846403,
    "100": 975.3525705846403
}