{
    "time_step_utility_dict": {
        "1": 0.0,
        "2": 0.0,
        "3": 0.0,
        "4": 0.0,
        "5": 0.0,
        "6": 6.826681125319118,
        "7": 0.0,
        "8": 0.0,
        "9": 0.0,
        "10": 0.0,
        "11": 0.0,
        "12": 0.0,
        "13": 0.0,
        "14": 0.0,
        "15": 3.0076289069327347,
        "16": 3.9380889481724193,
        "17": 24.040762719124437,
        "18": 4.216819211062486,
        "19": 0.0,
        "20": 0.0,
        "21": 0.0,
        "22": 3.423468755845498,
        "23": 0.0,
        "24": 32.502508714700966,
        "25": 0.0,
        "26": 0.0,
        "27": 3.9002849245174502,
        "28": 0.0,
        "29": 0.0,
        "30": 6.862270975240506,
        "31": 0.0,
        "32": 0.0,
        "33": 27.45648482587967,
        "34": 13.860283445460894,
        "35": 0.0,
        "36": 0.0,
        "37": 22.077539856967775,
        "38": 46.10322839534703,
        "39": 26.381409169343158,
        "40": 0.0,
        "41": 0.0,
        "42": 0.0,
        "43": 0.0,
        "44": 0.0,
        "45": 0.0,
        "46": 0.0,
        "47": 25.587479682871304,
        "48": 0.0,
        "49": 0.0,
        "50": 35.43115576821094,
        "51": 14.05318685498122,
        "52": 29.834055206462494,
        "53": 0.0,
        "54": 0.0,
        "55": 16.392527159673136,
        "56": 13.884189971537808,
        "57": 0.0,
        "58": 55.74166060020741,
        "59": 0.0,
        "60": 0.0,
        "61": 5.153295023299847,
        "62": 0.0,
        "63": 1.960777864249735,
        "64": 0.0,
        "65": 9.847008877329813,
        "66": 19.868917651260176,
        "67": 2.6486375226171504,
        "68": 3.3655377774550743,
        "69": 16.624715243392075,
        "70": 65.41937503300568,
        "71": 31.692893632315872,
        "72": 32.73435939808701,
        "73": 66.05327452085317,
        "74": 14.284799573383907,
        "75": 5.176985975844673,
        "76": 23.72078914776671,
        "77": 13.107567297671721,
        "78": 3.8225005947922455,
        "79": 0.0,
        "80": 2.661423240338536,
        "81": 0.0,
        "82": 67.83549748855683,
        "83": 10.434740679139395,
        "84": 0.0,
        "85": 0.0,
        "86": 28.48674594107547,
        "87": 26.84334771409101,
        "88": 18.405514981012857,
        "89": 17.820547662633203,
        "90": 0.0,
        "91": 9.59651358186511,
        "92": 5.6491716078514855,
        "93": 2.7947729192135284,
        "94": 27.425129900911998,
        "95": 0.0,
        "96": 0.0,
        "97": 0.0,
        "98": 2.8176927846991475,
        "99": 23.57832173206839,
        "100": 0.0
    },
    "total_utility": 975.3525705846403
}