{
    "1": 0.0,
    "2": 0.0,
    "3": 0.0,
    "4": 0.0,
    "5": 0.0,
    "6": 0.0,
    "7": 0.0,
    "8": 0.0,
    "9": 0.0,
    "10": 3.8633456122083842,
    "11": 20.158566117252985,
    "12": 20.158566117252985,
    "13": 20.158566117252985,
    "14": 35.94749489632511,
    "15": 41.04414040668321,
    "16": 79.07282421168097,
    "17": 89.55280939305877,
    "18": 122.9340451809315,
    "19": 178.57853633604586,
    "20": 178.57853633604586,
    "21": 200.59150639356704,
    "22": 200.59150639356704,
    "23": 200.59150639356704,
    "24": 234.4677812771391,
    "25": 234.4677812771391,
    "26": 254.67501308238022,
    "27": 267.74620290963367,
    "28": 325.3288807654481,
    "29": 364.7995529029713,
    "30": 394.8723823490816,
    "31": 487.60740744187416,
    "32": 492.0913053123641,
    "33": 492.0913053123641,
    "34": 536.4386904963555,
    "35": 563.9448696480313,
    "36": 592.4425719295868,
    "37": 601.2815685520509,
    "38": 606.9868179989326,
    "39": 623.1042366330448,
    "40": 673.3492760194893,
    "41": 788.8341060421205,
    "42": 789.1251227459279,
    "43": 792.3054358352913,
    "44": 819.5998912851178,
    "45": 867.0331198359572,
    "46": 867.0331198359572,
    "47": 885.5133789669177,
    "48": 914.5272381066278,
    "49": 914.5272381066278,
    "50": 947.4001312884676,
    "51": 1051.0556343396734,
    "52": 1058.0644906066611,
    "53": 1086.2849139827727,
    "54": 1086.2849139827727,
    "55": 1116.1424523485534,
    "56": 1122.7651444804885,
    "57": 1133.9290695822383,
    "58": 1171.2853161289122,
    "59": 1171.2853161289122,
    "60": 1198.4941787210666,
    "61": 1250.2915875535161,
    "62": 1337.014707545894,
    "63": 1344.9313733145823,
    "64": 1344.9313733145823,
    "65": 1362.6658776636568,
    "66": 1391.6549474363699,
    "67": 1411.2319492224992,
    "68": 1427.9639599913814,
    "69": 1464.926630419396,
    "70": 1464.926630419396,
    "71": 1464.926630419396,
    "72": 1489.7670152763433,
    "73": 1527.9039001664898,
    "74": 1595.845004397946,
    "75": 1605.6868964666928,
    "76": 1642.948834444725,
    "77": 1666.2258803353584,
    "78": 1697.2330290455373,
    "79": 1715.2039727760296,
    "80": 1761.8016750908846,
    "81": 1788.7744804477366,
    "82": 1863.5909350561026,
    "83": 1879.3411148952416,
    "84": 1913.8393559643941,
    "85": 1980.3700759194421,
    "86": 1989.2186663531897,
    "87": 2045.3885877953712,
    "88": 2082.205640298187,
    "89": 2123.932999989249,
    "90": 2149.1682382469535,
    "91": 2166.738886205817,
    "92": 2225.0424374556346,
    "93": 2254.6663820756726,
    "94": 2297.7526088500117,
    "95": 2316.304457487133,
    "96": 2336.7766338069987,
    "97": 2373.918420954765,
    "98": 2386.8473097097103,
    "99": 2442.183655955487,
    "100": 2480.872347116278
}