{
    "0": {
        "0": 0.0
    },
    "1": {
        "4": 0.0,
        "5": 0.0,
        "8": 0.0
    },
    "2": {
        "6": 0.0
    },
    "3": {
        "2": 0.0
    },
    "4": {
        "1": 0.0
    },
    "5": {
        "3": 0.0,
        "7": 0.0
    },
    "6": {
        "7": 0.0
    },
    "7": {},
    "8": {},
    "9": {
        "3": 0.03863345612208384
    },
    "10": {
        "1": 0.16295220505044605
    },
    "11": {},
    "12": {},
    "13": {
        "5": 0.15788928779072128
    },
    "14": {
        "0": 0.05096645510358105
    },
    "15": {
        "4": 0.3802868380499769
    },
    "16": {
        "2": 0.10479985181377753,
        "12": 0.0
    },
    "17": {
        "1": 0.33381235787872876
    },
    "18": {
        "3": 0.32038256395169784,
        "7": 0.236062347599446,
        "11": 0.0,
        "18": 0.0
    },
    "19": {
        "14": 0.0
    },
    "20": {
        "7": 0.2201297005752122,
        "13": 0.0,
        "17": 0.0
    },
    "21": {
        "10": 0.0
    },
    "22": {
        "20": 0.0
    },
    "23": {
        "1": 0.33876274883571966,
        "16": 0.0
    },
    "24": {
        "9": 0.0,
        "19": 0.0,
        "21": 0.0
    },
    "25": {
        "5": 0.14587884899244266,
        "8": 0.056193469059969366,
        "15": 0.0
    },
    "26": {
        "0": 0.046693792318896366,
        "20": 0.08401810595363612
    },
    "27": {
        "4": 0.42562079202367653,
        "5": 0.15020598653446743
    },
    "28": {
        "2": 0.13859973910509713,
        "12": 0.2561069822701347
    },
    "29": {
        "1": 0.30072829446110094
    },
    "30": {
        "3": 0.33727053545061536,
        "7": 0.16535028475284577,
        "11": 0.07948213411576754,
        "19": 0.3452472966087003
    },
    "31": {
        "13": 0.0,
        "17": 0.04483897870489864
    },
    "32": {
        "23": 0.0
    },
    "33": {
        "1": 0.24285640981216755,
        "16": 0.2006174420277463
    },
    "34": {
        "9": 0.035555303357186596,
        "21": 0.239506488159571
    },
    "35": {
        "5": 0.15938019612871984,
        "8": 0.08989909129556167,
        "15": 0.03569773539127951,
        "22": 0.0
    },
    "36": {
        "20": 0.08838996622463843
    },
    "37": {
        "0": 0.05942968173834978
    },
    "38": {
        "5": 0.07864195712664226,
        "8": 0.08253222921447988
    },
    "39": {
        "2": 0.13104937038852502,
        "12": 0.3684497718290086,
        "17": 0.0029512516469038207
    },
    "40": {
        "3": 0.3019108062800005,
        "7": 0.11670283881348861,
        "11": 0.26334537580682815,
        "19": 0.47288927932599395
    },
    "41": {
        "17": 0.0029101670380740153
    },
    "42": {
        "23": 0.031803130893634575
    },
    "43": {
        "11": 0.27294455449826743
    },
    "44": {
        "1": 0.3036073189311325,
        "16": 0.17072496657725714,
        "24": 0.0
    },
    "45": {
        "25": 0.0
    },
    "46": {
        "9": 0.024007088448672515,
        "21": 0.1607955028609344
    },
    "47": {
        "5": 0.10327891030855986,
        "15": 0.02119796863247849,
        "22": 0.16566171245605874,
        "26": 0.0
    },
    "48": {
        "26": 0.0
    },
    "49": {
        "12": 0.3165950531201291,
        "17": 0.012133878698273958
    },
    "50": {
        "3": 0.31629465168733784,
        "7": 0.1646380070129198,
        "11": 0.27895903817346407,
        "19": 0.27666333363832807,
        "30": 0.0
    },
    "51": {
        "14": 0.0700885626698657
    },
    "52": {
        "7": 0.27959553810893756,
        "17": 0.0026086956521739137
    },
    "53": {
        "31": 0.0
    },
    "54": {
        "11": 0.2985753836578219,
        "27": 0.0
    },
    "55": {
        "25": 0.06622692131935363
    },
    "56": {
        "5": 0.11163925101749667,
        "29": 0.0
    },
    "57": {
        "5": 0.1192070534420526,
        "8": 0.09869778372185602,
        "22": 0.15565762830283233
    },
    "58": {
        "28": 0.0
    },
    "59": {
        "5": 0.12739606901792336,
        "26": 0.14469255690361776
    },
    "60": {
        "2": 0.13930212860343907,
        "12": 0.3786719597210573
    },
    "61": {
        "9": 0.024287645495272375,
        "11": 0.2899470902384537,
        "19": 0.3775183820787615,
        "30": 0.17547808211129262
    },
    "62": {
        "14": 0.07916665768688225
    },
    "63": {
        "17": 0.0
    },
    "64": {
        "31": 0.1773450434907461
    },
    "65": {
        "11": 0.28989069772714926
    },
    "66": {
        "16": 0.19577001786128945
    },
    "67": {
        "29": 0.16732010768882388
    },
    "68": {
        "5": 0.11393556057060521,
        "8": 0.10596839719495212,
        "22": 0.14972274651458417
    },
    "69": {
        "33": 0.0
    },
    "70": {
        "32": 0.0
    },
    "71": {
        "5": 0.13596803566891189,
        "8": 0.1124358129005545
    },
    "72": {
        "12": 0.38136884890147144,
        "17": 0
    },
    "73": {
        "9": 0.018885426184586072,
        "19": 0.26126106872207444,
        "30": 0.39926454740789025
    },
    "74": {
        "14": 0.09841892068746501
    },
    "75": {
        "31": 0.37261937978033083
    },
    "76": {
        "11": 0.232770458906332,
        "27": 0.0
    },
    "77": {
        "1": 0.3100714871017838
    },
    "78": {
        "25": 0.17970943730492364
    },
    "79": {
        "5": 0.1102767438418473,
        "26": 0.1510987338046829,
        "29": 0.2046015455020023
    },
    "80": {
        "22": 0.12365841095382538,
        "26": 0.1460696426146795
    },
    "81": {
        "28": 0.35109560185920313,
        "33": 0.39706894422446076
    },
    "82": {
        "26": 0.15750179839139722
    },
    "83": {
        "12": 0.3449824106915298,
        "17": 0
    },
    "84": {
        "7": 0.3395563863298802,
        "30": 0.3257508132206143
    },
    "85": {
        "0": 0,
        "14": 0.08848590433749118
    },
    "86": {
        "18": 0.5616992144218178
    },
    "87": {
        "15": 0.025306929771152856,
        "31": 0.3428635952569894
    },
    "88": {
        "28": 0.4172735969106207
    },
    "89": {
        "11": 0.2523523825770207,
        "27": 0.0
    },
    "90": {
        "25": 0.17570647958864843
    },
    "91": {
        "5": 0.10876233183975044,
        "26": 0.15925814250268747,
        "29": 0.31501503815575016
    },
    "92": {
        "5": 0.08866733979506217,
        "8": 0.09436521032450453,
        "22": 0.1132068960807915,
        "34": 0.0
    },
    "93": {
        "33": 0.4308622677433771
    },
    "94": {
        "26": 0.18551848637120633
    },
    "95": {
        "12": 0.2047217631986643,
        "17": 0
    },
    "96": {
        "9": 0.022566044508070104,
        "13": 0.030051246076330106,
        "30": 0.3188005808932621
    },
    "97": {
        "0": 0,
        "14": 0.12928888754945153
    },
    "98": {
        "18": 0.5533634624577758
    },
    "99": {
        "31": 0.38688691160792293
    }
}