{
    "time_step_utility_dict": {
        "1": 0.0,
        "2": 0.0,
        "3": 0.0,
        "4": 0.0,
        "5": 0.0,
        "6": 0.0,
        "7": 0.0,
        "8": 0.0,
        "9": 0.0,
        "10": 3.8633456122083842,
        "11": 16.2952205050446,
        "12": 0.0,
        "13": 0.0,
        "14": 15.788928779072126,
        "15": 5.096645510358101,
        "16": 38.028683804997755,
        "17": 10.479985181377799,
        "18": 33.38123578787274,
        "19": 55.64449115511435,
        "20": 0.0,
        "21": 22.012970057521187,
        "22": 0.0,
        "23": 0.0,
        "24": 33.87627488357205,
        "25": 0.0,
        "26": 20.207231805241122,
        "27": 13.071189827253448,
        "28": 57.58267785581444,
        "29": 39.470672137523195,
        "30": 30.07282944611029,
        "31": 92.73502509279257,
        "32": 4.483897870489955,
        "33": 0.0,
        "34": 44.347385183991435,
        "35": 27.506179151675724,
        "36": 28.497702281555576,
        "37": 8.838996622464038,
        "38": 5.70524944688168,
        "39": 16.117418634112255,
        "40": 50.24503938644443,
        "41": 115.48483002263129,
        "42": 0.2910167038073723,
        "43": 3.1803130893633806,
        "44": 27.2944554498265,
        "45": 47.43322855083943,
        "46": 0.0,
        "47": 18.480259130960462,
        "48": 29.01385913971012,
        "49": 0.0,
        "50": 32.8728931818398,
        "51": 103.65550305120576,
        "52": 7.008856266987777,
        "53": 28.220423376111512,
        "54": 0.0,
        "55": 29.857538365780783,
        "56": 6.622692131935082,
        "57": 11.163925101749783,
        "58": 37.3562465466739,
        "59": 0.0,
        "60": 27.208862592154446,
        "61": 51.79740883244949,
        "62": 86.72311999237786,
        "63": 7.91666576868829,
        "64": 0.0,
        "65": 17.73450434907454,
        "66": 28.989069772713037,
        "67": 19.577001786129358,
        "68": 16.73201076888222,
        "69": 36.96267042801446,
        "70": 0.0,
        "71": 0.0,
        "72": 24.840384856947367,
        "73": 38.136884890146575,
        "74": 67.94110423145617,
        "75": 9.841892068746802,
        "76": 37.261937978032165,
        "77": 23.277045890633417,
        "78": 31.007148710178853,
        "79": 17.97094373049231,
        "80": 46.59770231485504,
        "81": 26.97280535685195,
        "82": 74.81645460836603,
        "83": 15.750179839139037,
        "84": 34.49824106915253,
        "85": 66.53071995504797,
        "86": 8.848590433747631,
        "87": 56.169921442181476,
        "88": 36.81705250281584,
        "89": 41.72735969106179,
        "90": 25.235238257704623,
        "91": 17.570647958863447,
        "92": 58.3035512498177,
        "93": 29.623944620037946,
        "94": 43.08622677433914,
        "95": 18.55184863712111,
        "96": 20.472176319865866,
        "97": 37.141787147766536,
        "98": 12.928888754945092,
        "99": 55.336346245776895,
        "100": 38.68869116079077
    },
    "total_utility": 2480.872347116278
}