{
    "0": {
        "0": 0.0,
        "1": 0.0,
        "2": 0.0,
        "3": 0.0,
        "5": 0.0,
        "6": 0.0
    },
    "1": {
        "7": 0.0
    },
    "2": {
        "4": 0.0
    },
    "3": {
        "8": 0.0
    },
    "4": {},
    "5": {
        "8": 0.05958149099709503
    },
    "6": {
        "10": 0.0
    },
    "7": {
        "11": 0.0
    },
    "8": {
        "9": 0.0,
        "12": 0.0,
        "13": 0.0
    },
    "9": {
        "4": 0.0,
        "10": 0.0,
        "11": 0.0,
        "14": 0.0,
        "15": 0.0,
        "16": 0.0
    },
    "10": {
        "18": 0.0
    },
    "11": {
        "25": 0.0
    },
    "12": {
        "20": 0.0
    },
    "13": {
        "17": 0.0,
        "21": 0.0
    },
    "14": {
        "3": 0.017295141159021577,
        "22": 0.0,
        "24": 0.0
    },
    "15": {
        "1": 0.0,
        "2": 0.0,
        "3": 0.02137839278032623,
        "5": 0.0,
        "6": 0.0,
        "17": 0.0,
        "19": 0.0,
        "23": 0.0,
        "24": 0.0
    },
    "16": {
        "4": 0.029228928303302103
    },
    "17": {
        "8": 0.061517007183525575,
        "27": 0.0,
        "32": 0.0
    },
    "18": {
        "5": 0.05453237985278723,
        "31": 0.0
    },
    "19": {
        "33": 0.0
    },
    "20": {
        "19": 0.0,
        "26": 0.0,
        "28": 0.0,
        "29": 0.0,
        "30": 0.0,
        "31": 0.0,
        "32": 0.0
    },
    "21": {
        "11": 0.0,
        "28": 0.0
    },
    "22": {
        "13": 0.0,
        "18": 0.0,
        "34": 0.0,
        "35": 0.0
    },
    "23": {
        "4": 0.021826703233634493,
        "7": 0.0,
        "11": 0.0,
        "21": 0.0,
        "36": 0.0,
        "37": 0.0
    },
    "24": {
        "41": 0.0
    },
    "25": {
        "20": 0.08173729558882595,
        "40": 0.0
    },
    "26": {
        "1": 0.0,
        "3": 0.02472418621898342,
        "9": 0.0,
        "13": 0.0,
        "23": 0.0,
        "24": 0.0,
        "34": 0.0,
        "38": 0.0,
        "39": 0.0,
        "42": 0.0,
        "43": 0.0
    },
    "27": {
        "43": 0.0
    },
    "28": {
        "45": 0.0
    },
    "29": {
        "27": 0.08204301666263397,
        "32": 0.0,
        "46": 0.0
    },
    "30": {
        "5": 0.021400492315191873,
        "6": 0.10420944113478167
    },
    "31": {
        "39": 0.0
    },
    "32": {
        "27": 0.07380902501409033,
        "28": 0.0,
        "31": 0.0,
        "44": 0.0,
        "45": 0.0,
        "46": 0.0,
        "47": 0.0
    },
    "33": {
        "7": 0.0,
        "49": 0.0
    },
    "34": {
        "29": 0.0,
        "44": 0.0
    },
    "35": {
        "47": 0.0,
        "48": 0.0
    },
    "36": {
        "28": 0.0,
        "30": 0.0,
        "42": 0.0
    },
    "37": {
        "7": 0.0,
        "8": 0.06808161114038619,
        "18": 0.0,
        "21": 0.0,
        "34": 0.0,
        "36": 0.0,
        "37": 0.0,
        "41": 0.3003071048478375,
        "50": 0.0
    },
    "38": {
        "41": 0.3188929573794164
    },
    "39": {
        "14": 0.1795786590264666
    },
    "40": {
        "40": 0.0
    },
    "41": {
        "15": 0.0
    },
    "42": {
        "1": 0.0,
        "2": 0.0,
        "38": 0.0,
        "51": 0.0
    },
    "43": {
        "15": 0.0,
        "25": 0.0,
        "38": 0.0,
        "40": 0.0,
        "42": 0.0,
        "43": 0.0,
        "51": 0.0
    },
    "44": {
        "9": 0.0,
        "23": 0.0
    },
    "45": {
        "43": 0.0,
        "52": 0.0
    },
    "46": {
        "0": 0.0
    },
    "47": {
        "6": 0.13739815642991143
    },
    "48": {
        "22": 0.0,
        "39": 0.0
    },
    "49": {
        "0": 0.0,
        "1": 0.0,
        "3": 0.020923123081532578,
        "5": 0.043523821122359224,
        "17": 0.0,
        "19": 0.0,
        "20": 0.08170379389164266,
        "27": 0.05917532103397014,
        "45": 0.0,
        "47": 0.0,
        "49": 0.0
    },
    "50": {
        "7": 0.0,
        "49": 0.0
    },
    "51": {
        "4": 0.023288942879918065,
        "44": 0.0
    },
    "52": {
        "47": 0.0,
        "48": 0.0,
        "50": 0.0
    },
    "53": {
        "30": 0.0,
        "42": 0.0
    },
    "54": {
        "30": 0.0,
        "33": 0.12266769704796139,
        "50": 0.1480973370069494,
        "53": 0.0
    },
    "55": {
        "10": 0.0
    },
    "56": {
        "9": 0.0,
        "12": 0.0,
        "38": 0.0
    },
    "57": {
        "4": 0.025896456772541983,
        "10": 0.0,
        "11": 0.0,
        "12": 0.0,
        "14": 0.1325886298127019,
        "15": 0.0,
        "16": 0.0,
        "22": 0.0,
        "33": 0.1673490520227395,
        "40": 0.0,
        "51": 0.0
    },
    "58": {
        "18": 0.0
    },
    "59": {
        "25": 0.0,
        "52": 0.0
    },
    "60": {
        "20": 0.11722246938659739
    },
    "61": {
        "17": 0.0,
        "21": 0.053833615640830376
    },
    "62": {
        "3": 0.010705517483656304
    },
    "63": {
        "22": 0.0,
        "24": 0.0
    },
    "64": {
        "1": 0.0,
        "2": 0.0,
        "3": 0.015207662805733102,
        "5": 0.059755926152629486,
        "6": 0.10603544369904042,
        "17": 0.0,
        "19": 0.0,
        "20": 0.15398921344746427,
        "23": 0.0,
        "34": 0.0,
        "48": 0.007900171705942436,
        "52": 0.0
    },
    "65": {
        "4": 0.15199216527306778
    },
    "66": {
        "8": 0.07616539519479827,
        "27": 0,
        "32": 0.08041648770309451
    },
    "67": {
        "5": 0.025718660451911398,
        "31": 0.012772367725824449
    },
    "68": {
        "33": 0.14793571451795956
    },
    "69": {
        "19": 0.20772642493600288,
        "28": 0.0,
        "29": 0.2848635371921735,
        "30": 0.0,
        "31": 0.0165255011293146,
        "32": 0.08539464574871211,
        "35": 0.25062473815322706
    },
    "70": {
        "11": 0.0,
        "28": 0.0
    },
    "71": {
        "13": 0.0,
        "18": 0.0,
        "34": 0.0,
        "35": 0.2637306845528508
    },
    "72": {
        "4": 0.19463055090680867,
        "7": 0.0,
        "11": 0.0,
        "22": 0.0,
        "33": 0.17935578196665805,
        "36": 0.0,
        "37": 0.0
    },
    "73": {
        "41": 0.24016739724333147
    },
    "74": {
        "20": 0.14746556847069148,
        "40": 0.0828243208840474
    },
    "75": {
        "1": 0.0,
        "3": 0.01340509279526359,
        "24": 0.0
    },
    "76": {
        "2": 0.0,
        "9": 0.0,
        "13": 0.0,
        "23": 0.0,
        "24": 0.0,
        "34": 0.0,
        "38": 0.0,
        "39": 0.0,
        "43": 0.0,
        "48": 0.009955413643354595,
        "52": 0.0
    },
    "77": {
        "45": 0.0
    },
    "78": {
        "27": 0,
        "32": 0.08107351619243122
    },
    "79": {
        "5": 0.03952547069164102,
        "6": 0.11149142929400017,
        "31": 0.008012662812787168
    },
    "80": {
        "39": 0.10608908326112865
    },
    "81": {
        "19": 0.19271120222392846,
        "28": 0.0,
        "31": 0.03849866156963623,
        "32": 0.11595739935917099,
        "44": 0.0,
        "46": 0.18594095146327547,
        "47": 0.016307965469887675
    },
    "82": {
        "7": 0.0,
        "49": 0.0
    },
    "83": {
        "29": 0.055025962689432426
    },
    "84": {
        "47": 0.02823933936456327,
        "48": 0.31681039128738764
    },
    "85": {
        "28": 0.0,
        "30": 0.005489260702437992,
        "42": 0.03108219742831496
    },
    "86": {
        "34": 0.0,
        "36": 0.0,
        "37": 0.0,
        "41": 0.2895523527667847,
        "53": 0.005590778343923298
    },
    "87": {
        "7": 0.0,
        "8": 0.08471271182638629,
        "21": 0.040760577890986444,
        "37": 0.0,
        "50": 0.10797986645307261
    },
    "88": {
        "41": 0.2783167911492125
    },
    "89": {
        "14": 0.12898847411675685
    },