{
    "1": 0.0,
    "2": 0.0,
    "3": 0.0,
    "4": 0.0,
    "5": 0.0,
    "6": 5.9581490997095035,
    "7": 5.9581490997095035,
    "8": 5.9581490997095035,
    "9": 5.9581490997095035,
    "10": 5.9581490997095035,
    "11": 5.9581490997095035,
    "12": 5.9581490997095035,
    "13": 5.9581490997095035,
    "14": 5.9581490997095035,
    "15": 7.687663215611659,
    "16": 9.82550249364428,
    "17": 12.748395323974492,
    "18": 18.900096042327053,
    "19": 24.35333402760578,
    "20": 24.35333402760578,
    "21": 24.35333402760578,
    "22": 24.35333402760578,
    "23": 24.35333402760578,
    "24": 26.536004350969232,
    "25": 26.536004350969232,
    "26": 34.70973390985181,
    "27": 37.18215253175015,
    "28": 37.18215253175015,
    "29": 37.18215253175015,
    "30": 45.38645419801355,
    "31": 57.94744754301091,
    "32": 57.94744754301091,
    "33": 65.32835004441993,
    "34": 65.32835004441993,
    "35": 65.32835004441993,
    "36": 65.32835004441993,
    "37": 65.32835004441993,
    "38": 102.1672216432422,
    "39": 134.05651738118388,
    "40": 152.01438328383054,
    "41": 152.01438328383054,
    "42": 152.01438328383054,
    "43": 152.01438328383054,
    "44": 152.01438328383054,
    "45": 152.01438328383054,
    "46": 152.01438328383054,
    "47": 152.01438328383054,
    "48": 165.75419892682172,
    "49": 165.75419892682172,
    "50": 186.05010355563653,
    "51": 186.05010355563653,
    "52": 188.3789978436283,
    "53": 188.3789978436283,
    "54": 188.3789978436283,
    "55": 215.45550124911935,
    "56": 215.45550124911935,
    "57": 215.45550124911935,
    "58": 248.03891510991755,
    "59": 248.03891510991755,
    "60": 248.03891510991755,
    "61": 259.76116204857726,
    "62": 265.1445236126603,
    "63": 266.2150753610261,
    "64": 266.2150753610261,
    "65": 300.50391714210673,
    "66": 315.70313366941355,
    "67": 331.36132195920294,
    "68": 335.2104247769764,
    "69": 350.00399622877245,
    "70": 434.51748094471594,
    "71": 434.51748094471594,
    "72": 460.89054940000113,
    "73": 498.2891826873476,
    "74": 522.3059224116807,
    "75": 545.3349113471545,
    "76": 546.6754206266808,
    "77": 547.6709619910163,
    "78": 547.6709619910163,
    "79": 555.778313610259,
    "80": 571.681269890102,
    "81": 582.290178216215,
    "82": 634.3058979455126,
    "83": 634.3058979455126,
    "84": 639.8084942144557,
    "85": 674.3134672796511,
    "86": 677.9706130927265,
    "87": 707.484926203797,
    "88": 730.8302418208407,
    "89": 758.6619209357618,
    "90": 771.5607683474378,
    "91": 780.9865180169113,
    "92": 796.6754988996254,
    "93": 796.6754988996254,
    "94": 829.3123421875613,
    "95": 840.7403956733187,
    "96": 840.7403956733187,
    "97": 840.7403956733187,
    "98": 840.7403956733187,
    "99": 857.0887864890466,
    "100": 868.8633612750796
}