{
    "time_step_utility_dict": {
        "1": 0.0,
        "2": 0.0,
        "3": 0.0,
        "4": 0.0,
        "5": 0.0,
        "6": 5.9581490997095035,
        "7": 0.0,
        "8": 0.0,
        "9": 0.0,
        "10": 0.0,
        "11": 0.0,
        "12": 0.0,
        "13": 0.0,
        "14": 0.0,
        "15": 1.7295141159021554,
        "16": 2.1378392780326205,
        "17": 2.9228928303302126,
        "18": 6.151700718352561,
        "19": 5.453237985278726,
        "20": 0.0,
        "21": 0.0,
        "22": 0.0,
        "23": 0.0,
        "24": 2.1826703233634532,
        "25": 0.0,
        "26": 8.173729558882581,
        "27": 2.472418621898335,
        "28": 0.0,
        "29": 0.0,
        "30": 8.204301666263405,
        "31": 12.560993344997357,
        "32": 0.0,
        "33": 7.380902501409025,
        "34": 0.0,
        "35": 0.0,
        "36": 0.0,
        "37": 0.0,
        "38": 36.838871598822266,
        "39": 31.88929573794168,
        "40": 17.95786590264666,
        "41": 0.0,
        "42": 0.0,
        "43": 0.0,
        "44": 0.0,
        "45": 0.0,
        "46": 0.0,
        "47": 0.0,
        "48": 13.739815642991175,
        "49": 0.0,
        "50": 20.29590462881481,
        "51": 0.0,
        "52": 2.3288942879917727,
        "53": 0.0,
        "54": 0.0,
        "55": 27.076503405491053,
        "56": 0.0,
        "57": 0.0,
        "58": 32.5834138607982,
        "59": 0.0,
        "60": 0.0,
        "61": 11.722246938659708,
        "62": 5.383361564083032,
        "63": 1.0705517483658014,
        "64": 0.0,
        "65": 34.288841781080635,
        "66": 15.199216527306817,
        "67": 15.658188289789393,
        "68": 3.8491028177734847,
        "69": 14.793571451796026,
        "70": 84.51348471594349,
        "71": 0.0,
        "72": 26.373068455285193,
        "73": 37.398633287346456,
        "74": 24.01673972433315,
        "75": 23.028988935473762,
        "76": 1.340509279526259,
        "77": 0.9955413643355087,
        "78": 0.0,
        "79": 8.107351619242763,
        "80": 15.90295627984301,
        "81": 10.60890832611301,
        "82": 52.01571972929753,
        "83": 0.0,
        "84": 5.50259626894308,
        "85": 34.504973065195486,
        "86": 3.657145813075317,
        "87": 29.514313111070578,
        "88": 23.34531561704364,
        "89": 27.831679114921144,
        "90": 12.898847411676002,
        "91": 9.425749669473475,
        "92": 15.688980882714077,
        "93": 0.0,
        "94": 32.6368432879359,
        "95": 11.42805348575746,
        "96": 0.0,
        "97": 0.0,
        "98": 0.0,
        "99": 16.34839081572784,
        "100": 11.774574786032986
    },
    "total_utility": 868.8633612750796
}