{
    "0": {
        "0": 0.0
    },
    "1": {
        "4": 0.0,
        "5": 0.0,
        "8": 0.0
    },
    "2": {
        "6": 0.0
    },
    "3": {
        "2": 0.0
    },
    "4": {
        "1": 0.0
    },
    "5": {
        "3": 0.0,
        "7": 0.0
    },
    "6": {
        "7": 0.0
    },
    "7": {},
    "8": {},
    "9": {
        "3": 0.039137519763992976
    },
    "10": {
        "1": 0.16818648220320814
    },
    "11": {},
    "12": {},
    "13": {
        "5": 0.1177796865312686
    },
    "14": {
        "0": 0.03050746715638242
    },
    "15": {
        "4": 0.32046568981808454
    },
    "16": {
        "2": 0.19509855015035238,
        "10": 0.0
    },
    "17": {
        "1": 0.2991453606055129
    },
    "18": {
        "3": 0.27269617361858045,
        "7": 0.11974138477661046,
        "9": 0.0,
        "14": 0.0
    },
    "19": {
        "12": 0.0
    },
    "20": {
        "7": 0.1263862820254808,
        "11": 0.0,
        "13": 0.0
    },
    "21": {},
    "22": {},
    "23": {
        "1": 0.3101412225498637
    },
    "24": {},
    "25": {
        "5": 0.1676321389258351,
        "8": 0.08086054853546652
    },
    "26": {
        "0": 0.02671290971597516
    },
    "27": {
        "4": 0.358073300243437,
        "5": 0.15575707055080387
    },
    "28": {
        "2": 0.23530926218185794,
        "10": 0.48665485921504614
    },
    "29": {
        "1": 0.2630513512219256
    },
    "30": {
        "3": 0.38081037789134015,
        "7": 0.09603069093479709,
        "9": 0.0655193519641542,
        "20": 0.0
    },
    "31": {
        "11": 0.0,
        "13": 0.024122560065987463
    },
    "32": {
        "18": 0.0
    },
    "33": {
        "1": 0.21321731138695746,
        "17": 0.0
    },
    "34": {
        "15": 0.0,
        "22": 0.0
    },
    "35": {
        "5": 0.10174225053731138,
        "8": 0.1703534576294235,
        "16": 0.0,
        "19": 0.0
    },
    "36": {
        "21": 0.0
    },
    "37": {
        "0": 0.0351588215620891
    },
    "38": {
        "5": 0.06133848751025415,
        "8": 0.18520056976828436
    },
    "39": {
        "2": 0.22018415333225197,
        "10": 0.46622707419156906,
        "13": 0.02332288698157718
    },
    "40": {
        "3": 0.3420938500662977,
        "7": 0.06909377254199085,
        "9": 0.31875420306728053,
        "20": 0.3374125608592211
    },
    "41": {
        "13": 0.05262786513884134
    },
    "42": {
        "18": 0.08804329410726557
    },
    "43": {
        "9": 0.35791123405648406
    },
    "44": {
        "1": 0.3046294347764775,
        "17": 0.24309834076669815,
        "23": 0.0
    },
    "45": {
        "24": 0.0
    },
    "46": {
        "15": 0.05795893550688855,
        "22": 0.0
    },
    "47": {
        "5": 0.06068011854103129,
        "16": 0.0,
        "19": 0.16216516808011275,
        "25": 0.0
    },
    "48": {
        "25": 0.0
    },
    "49": {
        "10": 0.3526028124519955,
        "13": 0.06491700346412924
    },
    "50": {
        "3": 0.3558873441513834,
        "7": 0.13558240883831757,
        "9": 0.37554640794130395,
        "20": 0.33380557068848704,
        "29": 0.0
    },
    "51": {
        "12": 0.07345961746279428
    },
    "52": {
        "7": 0.17735930534891836,
        "13": 0.04612311439218031
    },
    "53": {
        "30": 0.0
    },
    "54": {
        "9": 0.4297088380679556,
        "26": 0.0
    },
    "55": {
        "24": 0.06895474231142074
    },
    "56": {
        "5": 0.06397251465408624,
        "28": 0.0
    },
    "57": {
        "5": 0.10605427335882928,
        "8": 0.145044112915519,
        "19": 0.20175067006005856
    },
    "58": {
        "27": 0.0
    },
    "59": {
        "5": 0.09019756991759886,
        "25": 0.11627964407727699
    },
    "60": {
        "2": 0.21542005711294618,
        "10": 0.42800432153922907
    },
    "61": {
        "9": 0.4027243649777166,
        "15": 0.06291692049055041,
        "20": 0.18586093461491449,
        "29": 0.18035379314961264
    },
    "62": {
        "12": 0.0758260478829373
    },
    "63": {
        "13": 0.06668996868463502
    },
    "64": {
        "30": 0.20952500535335428
    },
    "65": {
        "9": 0.3966144575560645
    },
    "66": {
        "17": 0.22824109017514663
    },
    "67": {
        "28": 0.20371273154655625
    },
    "68": {
        "5": 0.06201762570427755,
        "8": 0.1732556097391572,
        "19": 0.21109254307023742
    },
    "69": {
        "32": 0.0
    },
    "70": {
        "31": 0.0
    },
    "71": {
        "5": 0.07955676312728738,
        "8": 0.1743078305532019
    },
    "72": {
        "10": 0.4140945847750935,
        "13": 0
    },
    "73": {
        "15": 0.04297097730305084,
        "20": 0.252908886137256,
        "29": 0.362422206560861
    },
    "74": {
        "12": 0.08661853388034378
    },
    "75": {
        "30": 0.4605543670639406
    },
    "76": {
        "9": 0.3549541126480198,
        "26": 0.0
    },
    "77": {
        "1": 0.28877681564790714
    },
    "78": {
        "24": 0.14831788136975704
    },
    "79": {
        "5": 0.07376623938949681,
        "25": 0.1792103767270826,
        "28": 0.34811291803591726
    },
    "80": {
        "19": 0.1749954417471807,
        "25": 0.16696796065018588
    },
    "81": {
        "27": 0.398775231284747,
        "32": 0.4047792346338137
    },
    "82": {
        "25": 0.1394904587657426
    },
    "83": {
        "10": 0.3825862256234217,
        "13": 0
    },
    "84": {
        "7": 0.19345999017203275,
        "29": 0.30730435478896334
    },
    "85": {
        "0": 0,
        "12": 0.08503635723950877
    },
    "86": {
        "14": 0.6260643741421058
    },
    "87": {
        "16": 0.022750284538221126,
        "30": 0.3766208966635777
    },
    "88": {
        "27": 0.3688524462947903
    },
    "89": {
        "9": 0.34068380858658875,
        "26": 0.0
    },
    "90": {
        "24": 0.16903500877261968
    },
    "91": {
        "5": 0.07148122873219749,
        "25": 0.19316529925842243,
        "28": 0.29702718169012177
    },
    "92": {
        "5": 0.03991007700861265,
        "8": 0.17510714395005558,
        "19": 0.16078443404364148,
        "33": 0.0
    },
    "93": {
        "32": 0.47235137629873625
    },
    "94": {
        "25": 0.13729430286604122
    },
    "95": {
        "10": 0.2292791597474585,
        "13": 0
    },
    "96": {
        "11": 0.06002773009195476,
        "15": 0.0262874631915661,
        "29": 0.31628412537462824
    },
    "97": {
        "0": 0,
        "12": 0.1128306046848867
    },
    "98": {
        "14": 0.5994759009607397
    },
    "99": {
        "30": 0.4619726103283501
    }
}