{
    "1": 0.0,
    "2": 0.0,
    "3": 0.0,
    "4": 0.0,
    "5": 0.0,
    "6": 0.0,
    "7": 0.0,
    "8": 0.0,
    "9": 0.0,
    "10": 3.9137519763992974,
    "11": 20.732400196720103,
    "12": 20.732400196720103,
    "13": 20.732400196720103,
    "14": 32.51036884984696,
    "15": 35.561115565485196,
    "16": 67.60768454729372,
    "17": 87.11753956232896,
    "18": 117.03207562288019,
    "19": 156.27583146239945,
    "20": 156.27583146239945,
    "21": 168.91445966494751,
    "22": 168.91445966494751,
    "23": 168.91445966494751,
    "24": 199.9285819199339,
    "25": 199.9285819199339,
    "26": 224.77785066606407,
    "27": 227.44914163766163,
    "28": 278.8321787170857,
    "29": 351.0285908567758,
    "30": 377.3337259789681,
    "31": 431.5697680579975,
    "32": 433.98202406459626,
    "33": 433.98202406459626,
    "34": 455.30375520329216,
    "35": 455.30375520329216,
    "36": 482.5133260199656,
    "37": 482.5133260199656,
    "38": 485.8885728899262,
    "39": 510.5424786177798,
    "40": 581.51589006832,
    "41": 688.251328721799,
    "42": 693.5141152356832,
    "43": 702.31844464641,
    "44": 738.1095680520583,
    "45": 792.8823456063756,
    "46": 792.8823456063756,
    "47": 798.6782391570645,
    "48": 820.9627678191794,
    "49": 820.9627678191794,
    "50": 862.7147494107918,
    "51": 982.7969225727418,
    "52": 990.1428843190215,
    "53": 1012.4911262931311,
    "54": 1012.4911262931311,
    "55": 1055.4620100999257,
    "56": 1062.3574843310673,
    "57": 1068.7547357964759,
    "58": 1114.0396414299146,
    "59": 1114.0396414299146,
    "60": 1134.6873628294024,
    "61": 1199.029800694619,
    "62": 1282.2154020178962,
    "63": 1289.7980068061897,
    "64": 1291.3985660546214,
    "65": 1312.351066589956,
    "66": 1352.0125123455634,
    "67": 1374.8366213630795,
    "68": 1395.2078945177348,
    "69": 1439.844472369102,
    "70": 1439.844472369102,
    "71": 1439.844472369102,
    "72": 1465.2309317371512,
    "73": 1506.6403902146606,
    "74": 1572.4705972147772,
    "75": 1581.132450602811,
    "76": 1627.187887309204,
    "77": 1662.683298574006,
    "78": 1691.5609801387986,
    "79": 1706.3927682757749,
    "80": 1766.5017216910244,
    "81": 1800.6980619307624,
    "82": 1881.0535085226186,
    "83": 1895.0025543991924,
    "84": 1933.2611769615346,
    "85": 1983.3376114576336,
    "86": 1991.841247181584,
    "87": 2054.4476845957943,
    "88": 2094.3848027159725,
    "89": 2131.2700473454483,
    "90": 2165.3384282041097,
    "91": 2182.2419290813737,
    "92": 2238.4093000494504,
    "93": 2275.989465549681,
    "94": 2323.224603179555,
    "95": 2336.9540334661588,
    "96": 2359.8819494409045,
    "97": 2400.14188130672,
    "98": 2411.424941775208,
    "99": 2471.3725318712827,
    "100": 2517.569792904117
}