{
    "time_step_utility_dict": {
        "1": 0.0,
        "2": 0.0,
        "3": 0.0,
        "4": 0.0,
        "5": 0.0,
        "6": 0.0,
        "7": 0.0,
        "8": 0.0,
        "9": 0.0,
        "10": 3.9137519763992974,
        "11": 16.818648220320807,
        "12": 0.0,
        "13": 0.0,
        "14": 11.777968653126859,
        "15": 3.0507467156382333,
        "16": 32.04656898180852,
        "17": 19.509855015035242,
        "18": 29.914536060551228,
        "19": 39.24375583951927,
        "20": 0.0,
        "21": 12.638628202548063,
        "22": 0.0,
        "23": 0.0,
        "24": 31.014122254986376,
        "25": 0.0,
        "26": 24.84926874613018,
        "27": 2.671290971597557,
        "28": 51.38303707942407,
        "29": 72.1964121396901,
        "30": 26.305135122192326,
        "31": 54.2360420790294,
        "32": 2.4122560065987386,
        "33": 0.0,
        "34": 21.321731138695895,
        "35": 0.0,
        "36": 27.20957081667342,
        "37": 0.0,
        "38": 3.3752468699606197,
        "39": 24.653905727853612,
        "40": 70.9734114505402,
        "41": 106.73543865347904,
        "42": 5.26278651388418,
        "43": 8.804329410726723,
        "44": 35.791123405648364,
        "45": 54.77277755431726,
        "46": 0.0,
        "47": 5.795893550688902,
        "48": 22.284528662114894,
        "49": 0.0,
        "50": 41.751981591612434,
        "51": 120.08217316194998,
        "52": 7.345961746279727,
        "53": 22.348241974109555,
        "54": 0.0,
        "55": 42.97088380679463,
        "56": 6.895474231141634,
        "57": 6.397251465408544,
        "58": 45.28490563343871,
        "59": 0.0,
        "60": 20.647721399487864,
        "61": 64.34243786521665,
        "62": 83.18560132327707,
        "63": 7.582604788293565,
        "64": 1.6005592484316367,
        "65": 20.952500535334593,
        "66": 39.661445755607474,
        "67": 22.824109017516093,
        "68": 20.371273154655228,
        "69": 44.63657785136729,
        "70": 0.0,
        "71": 0.0,
        "72": 25.386459368049145,
        "73": 41.40945847750936,
        "74": 65.83020700011662,
        "75": 8.661853388033933,
        "76": 46.05543670639281,
        "77": 35.49541126480199,
        "78": 28.877681564792738,
        "79": 14.831788136976229,
        "80": 60.108953415249516,
        "81": 34.19634023973799,
        "82": 80.35544659185621,
        "83": 13.949045876573791,
        "84": 38.258622562342225,
        "85": 50.076434496098955,
        "86": 8.503635723950538,
        "87": 62.60643741421018,
        "88": 39.937118120178184,
        "89": 36.88524462947589,
        "90": 34.068380858661385,
        "91": 16.903500877263923,
        "92": 56.16737096807674,
        "93": 37.58016550023058,
        "94": 47.23513762987386,
        "95": 13.729430286603929,
        "96": 22.9279159747457,
        "97": 40.25993186581536,
        "98": 11.283060468488202,
        "99": 59.94759009607469,
        "100": 46.197261032834376
    },
    "total_utility": 2517.569792904117
}