{
    "0": {
        "1": 0.0,
        "4": 0.0,
        "5": 0.0,
        "6": 0.0,
        "7": 0.0,
        "8": 0.0
    },
    "1": {
        "0": 0.0
    },
    "2": {
        "2": 0.0
    },
    "3": {
        "3": 0.0
    },
    "4": {},
    "5": {
        "3": 0.082543986213938
    },
    "6": {
        "15": 0.0
    },
    "7": {
        "12": 0.0
    },
    "8": {
        "11": 0.0,
        "14": 0.0,
        "18": 0.0
    },
    "9": {
        "2": 0.1972694527119342,
        "9": 0.0,
        "10": 0.0,
        "12": 0.0,
        "13": 0.0,
        "15": 0.0,
        "16": 0.0,
        "17": 0.0,
        "19": 0.0
    },
    "10": {
        "21": 0.0
    },
    "11": {
        "25": 0.0
    },
    "12": {
        "22": 0.0
    },
    "13": {
        "20": 0.0,
        "23": 0.0
    },
    "14": {
        "1": 0.015339450203619884,
        "24": 0.0,
        "26": 0.0
    },
    "15": {
        "1": 0.02019243591437487,
        "5": 0.0,
        "6": 0.0,
        "7": 0.0,
        "8": 0.03959285444048447,
        "23": 0.0,
        "24": 0.0
    },
    "16": {
        "2": 0.1707637583903573
    },
    "17": {
        "3": 0.09871571742884962,
        "27": 0.0,
        "29": 0.0
    },
    "18": {
        "8": 0.053886402257507286,
        "30": 0.0
    },
    "19": {
        "16": 0.0
    },
    "20": {
        "27": 0.0998627672735469,
        "28": 0.0,
        "30": 0.0,
        "31": 0.0,
        "32": 0.0,
        "33": 0.0,
        "34": 0.0
    },
    "21": {
        "12": 0.03660620994549935,
        "33": 0.0
    },
    "22": {
        "11": 0.03360145363611682,
        "21": 0.0,
        "35": 0.0,
        "36": 0.0
    },
    "23": {
        "0": 0.0,
        "2": 0.19025913595923905,
        "10": 0.0,
        "12": 0.08006020302101627,
        "20": 0.0,
        "37": 0.0
    },
    "24": {
        "42": 0.0
    },
    "25": {
        "22": 0.0,
        "39": 0.0
    },
    "26": {
        "1": 0.02121911331444761,
        "6": 0.0,
        "11": 0.07915580313523692,
        "18": 0.0,
        "24": 0.0,
        "36": 0.0,
        "38": 0.0,
        "40": 0.0,
        "41": 0.0,
        "43": 0.0,
        "44": 0.0
    },
    "27": {
        "38": 0.0
    },
    "28": {
        "46": 0.0
    },
    "29": {
        "27": 0.14084728900460056,
        "29": 0.0720812183665042,
        "45": 0.0
    },
    "30": {
        "7": 0.0,
        "8": 0.018833468716544958
    },
    "31": {
        "40": 0.0
    },
    "32": {
        "29": 0.046815985805217605,
        "30": 0.0,
        "33": 0.2342735929285367,
        "45": 0.0,
        "46": 0.0,
        "47": 0.0,
        "48": 0.0
    },
    "33": {
        "0": 0.16916852661197898,
        "50": 0.0
    },
    "34": {
        "32": 0.0,
        "48": 0.0
    },
    "35": {
        "47": 0.0,
        "51": 0.0
    },
    "36": {
        "33": 0.25810794003096,
        "34": 0.0,
        "44": 0.15760533339274696
    },
    "37": {
        "0": 0.16635460343064207,
        "3": 0.10125614117482834,
        "10": 0.0,
        "20": 0.0,
        "21": 0.0,
        "36": 0.0,
        "37": 0.0,
        "42": 0.3169436929424441,
        "49": 0.0
    },
    "38": {
        "42": 0.3124519020526734
    },
    "39": {
        "9": 0.0
    },
    "40": {
        "39": 0.0
    },
    "41": {
        "17": 0.16227045833163856
    },
    "42": {
        "5": 0.0,
        "6": 0.0,
        "19": 0.0,
        "43": 0.0
    },
    "43": {
        "17": 0.20901747808262539,
        "19": 0.0,
        "25": 0.0,
        "38": 0.0,
        "39": 0.0,
        "43": 0.0,
        "44": 0.16758168026044004
    },
    "44": {
        "18": 0.0,
        "41": 0.0
    },
    "45": {
        "38": 0.0,
        "52": 0.0
    },
    "46": {
        "4": 0.0
    },
    "47": {
        "7": 0.0
    },
    "48": {
        "26": 0.0,
        "40": 0.0
    },
    "49": {
        "1": 0.010681435813243767,
        "4": 0.0,
        "6": 0.0,
        "8": 0.04475960272319023,
        "22": 0.0,
        "23": 0.0,
        "29": 0.06326238386969858,
        "31": 0.0,
        "46": 0.0,
        "47": 0.0,
        "50": 0.0
    },
    "50": {
        "0": 0.13906092402687625,
        "50": 0.0
    },
    "51": {
        "2": 0.19423424812200657,
        "48": 0.0
    },
    "52": {
        "47": 0.0,
        "49": 0.0,
        "51": 0.0
    },
    "53": {
        "34": 0.0,
        "44": 0.1652232233962592
    },
    "54": {
        "16": 0.0,
        "34": 0.0,
        "49": 0.0,
        "53": 0.0
    },
    "55": {
        "15": 0.0
    },
    "56": {
        "14": 0.0,
        "18": 0.0,
        "43": 0.0
    },
    "57": {
        "2": 0.17165389235471332,
        "9": 0.0,
        "12": 0.11102053017636025,
        "13": 0.0,
        "14": 0.0,
        "15": 0.0,
        "16": 0.0,
        "17": 0.18656148638991243,
        "19": 0.0,
        "26": 0.0,
        "39": 0.0
    },
    "58": {
        "21": 0.0
    },
    "59": {
        "25": 0.0,
        "52": 0.0
    },
    "60": {
        "22": 0.14387627247435264
    },
    "61": {
        "20": 0.0,
        "23": 0.07812360947320733
    },
    "62": {
        "1": 0.019858274764677546
    },
    "63": {
        "24": 0.0,
        "26": 0.1710248303143694
    },
    "64": {
        "1": 0.031415512887960496,
        "5": 0.0,
        "6": 0.0,
        "7": 0.0,
        "8": 0.05960963094767538,
        "22": 0.2279617810520241,
        "23": 0.09409453487197357,
        "31": 0.0,
        "36": 0.0,
        "41": 0.0,
        "51": 0.0,
        "52": 0.0
    },
    "65": {
        "2": 0.14633843053529128
    },
    "66": {
        "3": 0.08628464008577003,
        "27": 0.07597055890533659,
        "29": 0
    },
    "67": {
        "8": 0.033449129006215224,
        "30": 0.0
    },
    "68": {
        "16": 0.0
    },
    "69": {
        "27": 0.08389661795855748,
        "30": 0.0,
        "31": 0.0,
        "32": 0.0,
        "33": 0.3049705512806995,
        "34": 0.0,
        "35": 0.3223867474305178
    },
    "70": {
        "12": 0.06566071237974132,
        "33": 0.2854183534515323
    },
    "71": {
        "11": 0.056091271450637,
        "21": 0.0,
        "35": 0.2970491869386276,
        "36": 0.0
    },
    "72": {
        "0": 0.11716261499331516,
        "2": 0.14514433843330324,
        "10": 0.0,
        "12": 0.049142998176579286,
        "16": 0.0,
        "26": 0.26333722798364945,
        "37": 0.0
    },
    "73": {
        "42": 0.22404297509717852
    },
    "74": {
        "22": 0.160630878576863,
        "39": 0.0
    },
    "75": {
        "1": 0.022849950857836112,
        "6": 0.0,
        "24": 0.0
    },
    "76": {
        "5": 0.0,
        "11": 0.05994308637215392,
        "18": 0.0,
        "24": 0.0,
        "36": 0.0,
        "38": 0.0,
        "40": 0.14393633231184688,
        "41": 0.0,
        "43": 0.0,
        "51": 0.0,
        "52": 0.0
    },
    "77": {
        "46": 0.0
    },
    "78": {
        "27": 0.07006474095783478,
        "29": 0
    },
    "79": {
        "7": 0.0,
        "8": 0.047264176611819225,
        "30": 0.0
    },
    "80": {
        "40": 0.08606659627354168
    },
    "81": {
        "27": 0.09392306758500243,
        "30": 0.0,
        "31": 0.0,
        "33": 0.3255285101693761,
        "45": 0.21318523694584168,
        "47": 0.0,
        "48": 0.0
    },
    "82": {
        "0": 0.16281479779217667,
        "50": 0.0
    },
    "83": {
        "32": 0.0
    },
    "84": {
        "47": 0.0,
        "51": 0.0
    },
    "85": {
        "33": 0.3053462189462634,
        "34": 0.00827505221534599,
        "44": 0.14934751596515336
    },
    "86": {
        "10": 0.0,
        "36": 0.0,
        "37": 0.0,
        "42": 0.26983900964178675,
        "53": 8.429714356422257e-05
    },
    "87": {
        "0": 0.11849071968184882,
        "3": 0.12013414007303858,
        "20": 0.0,
        "37": 0.0,
        "49": 0.0
    },
    "88": {
        "42": 0.22188667988664448
    },