{
    "1": 0.0,
    "2": 0.0,
    "3": 0.0,
    "4": 0.0,
    "5": 0.0,
    "6": 8.254398621393797,
    "7": 8.254398621393797,
    "8": 8.254398621393797,
    "9": 8.254398621393797,
    "10": 27.98134389258721,
    "11": 27.98134389258721,
    "12": 27.98134389258721,
    "13": 27.98134389258721,
    "14": 27.98134389258721,
    "15": 29.5152889129492,
    "16": 35.49381794843514,
    "17": 52.57019378747088,
    "18": 62.44176553035585,
    "19": 67.83040575610661,
    "20": 67.83040575610661,
    "21": 77.81668248346124,
    "22": 81.47730347801112,
    "23": 84.83744884162282,
    "24": 111.86938273964829,
    "25": 111.86938273964829,
    "26": 111.86938273964829,
    "27": 121.90687438461677,
    "28": 121.90687438461677,
    "29": 121.90687438461677,
    "30": 143.1997251217272,
    "31": 145.0830719933817,
    "32": 145.0830719933817,
    "33": 173.1920298667571,
    "34": 190.10888252795513,
    "35": 190.10888252795513,
    "36": 190.10888252795513,
    "37": 231.68020987032574,
    "38": 290.13565362511713,
    "39": 321.3808438303845,
    "40": 321.3808438303845,
    "41": 321.3808438303845,
    "42": 337.60788966354795,
    "43": 337.60788966354795,
    "44": 375.2678054978552,
    "45": 375.2678054978552,
    "46": 375.2678054978552,
    "47": 375.2678054978552,
    "48": 375.2678054978552,
    "49": 375.2678054978552,
    "50": 386.88509820298975,
    "51": 400.7911906056772,
    "52": 420.21461541787767,
    "53": 420.21461541787767,
    "54": 436.7369377575038,
    "55": 436.7369377575038,
    "56": 436.7369377575038,
    "57": 436.7369377575038,
    "58": 483.6605286496023,
    "59": 483.6605286496023,
    "60": 483.6605286496023,
    "61": 498.0481558970375,
    "62": 505.8605168443581,
    "63": 507.84634432082595,
    "64": 524.948827352263,
    "65": 566.2569733282255,
    "66": 580.8908163817548,
    "67": 597.1163362808657,
    "68": 600.4612491814871,
    "69": 600.4612491814871,
    "70": 671.586640848465,
    "71": 706.6945474315919,
    "72": 742.0085932705181,
    "73": 799.4873112292023,
    "74": 821.8916087389206,
    "75": 837.9546965966068,
    "76": 840.2396916823906,
    "77": 860.6276335507897,
    "78": 860.6276335507897,
    "79": 867.6341076465736,
    "80": 872.3605253077557,
    "81": 880.9671849351097,
    "82": 944.2308664051315,
    "83": 960.5123461843492,
    "84": 960.5123461843492,
    "85": 960.5123461843492,
    "86": 1006.8092248970258,
    "87": 1033.8015555755603,
    "88": 1057.6640415510496,
    "89": 1079.8527095397121,
    "90": 1079.8527095397121,
    "91": 1079.8527095397121,
    "92": 1098.9470550232047,
    "93": 1128.0624745792963,
    "94": 1213.0653796210852,
    "95": 1222.4714377425648,
    "96": 1222.4714377425648,
    "97": 1226.2046194980032,
    "98": 1226.2046194980032,
    "99": 1232.3584447901967,
    "100": 1232.3584447901967
}