{
    "time_step_utility_dict": {
        "1": 0.0,
        "2": 0.0,
        "3": 0.0,
        "4": 0.0,
        "5": 0.0,
        "6": 8.254398621393797,
        "7": 0.0,
        "8": 0.0,
        "9": 0.0,
        "10": 19.72694527119341,
        "11": 0.0,
        "12": 0.0,
        "13": 0.0,
        "14": 0.0,
        "15": 1.5339450203619904,
        "16": 5.978529035485938,
        "17": 17.07637583903574,
        "18": 9.871571742884974,
        "19": 5.388640225750763,
        "20": 0.0,
        "21": 9.986276727354621,
        "22": 3.6606209945498875,
        "23": 3.360145363611693,
        "24": 27.03193389802547,
        "25": 0.0,
        "26": 0.0,
        "27": 10.037491644968483,
        "28": 0.0,
        "29": 0.0,
        "30": 21.292850737110427,
        "31": 1.8833468716545099,
        "32": 0.0,
        "33": 28.108957873375402,
        "34": 16.91685266119802,
        "35": 0.0,
        "36": 0.0,
        "37": 41.57132734237061,
        "38": 58.45544375479139,
        "39": 31.245190205267363,
        "40": 0.0,
        "41": 0.0,
        "42": 16.22704583316346,
        "43": 0.0,
        "44": 37.65991583430724,
        "45": 0.0,
        "46": 0.0,
        "47": 0.0,
        "48": 0.0,
        "49": 0.0,
        "50": 11.61729270513456,
        "51": 13.90609240268742,
        "52": 19.423424812200494,
        "53": 0.0,
        "54": 16.522322339626157,
        "55": 0.0,
        "56": 0.0,
        "57": 0.0,
        "58": 46.9235908920985,
        "59": 0.0,
        "60": 0.0,
        "61": 14.387627247435148,
        "62": 7.812360947320599,
        "63": 1.9858274764678754,
        "64": 17.10248303143709,
        "65": 41.308145975962475,
        "66": 14.63384305352929,
        "67": 16.22551989911085,
        "68": 3.344912900621466,
        "69": 0.0,
        "70": 71.12539166697786,
        "71": 35.10790658312692,
        "72": 35.31404583892618,
        "73": 57.47871795868423,
        "74": 22.404297509718276,
        "75": 16.06308785768624,
        "76": 2.2849950857837484,
        "77": 20.38794186839914,
        "78": 0.0,
        "79": 7.006474095783915,
        "80": 4.72641766118204,
        "81": 8.60665962735402,
        "82": 63.263681470021766,
        "83": 16.28147977921776,
        "84": 0.0,
        "85": 0.0,
        "86": 46.29687871267663,
        "87": 26.992330678534472,
        "88": 23.862485975489335,
        "89": 22.188667988662473,
        "90": 0.0,
        "91": 0.0,
        "92": 19.09434548349259,
        "93": 29.115419556091638,
        "94": 85.00290504178884,
        "95": 9.406058121479646,
        "96": 0.0,
        "97": 3.733181755438409,
        "98": 0.0,
        "99": 6.15382529219346,
        "100": 0.0
    },
    "total_utility": 1232.3584447901967
}