{
    "1": 0.0,
    "2": 0.0,
    "3": 0.0,
    "4": 0.0,
    "5": 0.0,
    "6": 0.0,
    "7": 0.0,
    "8": 0.0,
    "9": 0.0,
    "10": 2.7081896517825155,
    "11": 22.123105069413842,
    "12": 22.123105069413842,
    "13": 22.123105069413842,
    "14": 34.93378725651353,
    "15": 42.175602709511054,
    "16": 74.84194183223072,
    "17": 90.14164865167693,
    "18": 124.18311727008408,
    "19": 166.23989131194364,
    "20": 166.23989131194364,
    "21": 183.0408339517042,
    "22": 183.0408339517042,
    "23": 183.0408339517042,
    "24": 220.42533464407182,
    "25": 220.42533464407182,
    "26": 240.399008327372,
    "27": 246.47506770052294,
    "28": 299.6128635905133,
    "29": 364.09866772938784,
    "30": 395.87482241007376,
    "31": 447.6304305613547,
    "32": 449.03347430631123,
    "33": 449.03347430631123,
    "34": 475.5931060588257,
    "35": 475.5931060588257,
    "36": 501.889087848229,
    "37": 501.889087848229,
    "38": 509.010369103797,
    "39": 534.8542798746762,
    "40": 602.6421956769531,
    "41": 704.3157714289614,
    "42": 710.6437941390774,
    "43": 710.6437941390774,
    "44": 744.2743994187991,
    "45": 801.6338196967538,
    "46": 801.6338196967538,
    "47": 808.8512668700789,
    "48": 839.2365483986226,
    "49": 839.2365483986226,
    "50": 884.0824942579628,
    "51": 995.6425637194795,
    "52": 1003.2412571466766,
    "53": 1036.0056976596588,
    "54": 1036.0056976596588,
    "55": 1073.1104282775448,
    "56": 1078.9314641419742,
    "57": 1089.4517141198708,
    "58": 1133.4554449483196,
    "59": 1133.4554449483196,
    "60": 1161.8607110225278,
    "61": 1225.0035864327772,
    "62": 1302.6259289983223,
    "63": 1311.1484468006001,
    "64": 1312.7433279930433,
    "65": 1330.9880988096959,
    "66": 1364.0247967943578,
    "67": 1392.9908338898388,
    "68": 1405.810207721464,
    "69": 1450.9452050065956,
    "70": 1450.9452050065956,
    "71": 1450.9452050065956,
    "72": 1479.599307309675,
    "73": 1522.4774187773112,
    "74": 1592.943425177511,
    "75": 1603.4943801744478,
    "76": 1642.225398405271,
    "77": 1676.5214424741964,
    "78": 1705.2825985401198,
    "79": 1713.348830459599,
    "80": 1778.0032904478226,
    "81": 1812.5035441258074,
    "82": 1888.6102365509803,
    "83": 1902.5617902893898,
    "84": 1941.91681632774,
    "85": 1995.8743002818198,
    "86": 2005.154169938282,
    "87": 2055.045322616217,
    "88": 2092.7657915852774,
    "89": 2132.1346019865664,
    "90": 2173.9883601012016,
    "91": 2187.4155471570707,
    "92": 2250.9452103302146,
    "93": 2292.0180223042403,
    "94": 2343.324139730288,
    "95": 2358.1156598312664,
    "96": 2384.293567123467,
    "97": 2422.8140348885977,
    "98": 2436.7357315195286,
    "99": 2493.856343211005,
    "100": 2534.555184543452
}