{
    "0": {
        "0": 0.0
    },
    "1": {
        "4": 0.0,
        "5": 0.0,
        "8": 0.0
    },
    "2": {
        "6": 0.0
    },
    "3": {
        "2": 0.0
    },
    "4": {
        "1": 0.0
    },
    "5": {
        "3": 0.0,
        "7": 0.0
    },
    "6": {
        "7": 0.0
    },
    "7": {},
    "8": {},
    "9": {
        "3": 0.027081896517825155
    },
    "10": {
        "1": 0.19414915417631332
    },
    "11": {},
    "12": {},
    "13": {
        "5": 0.1281068218709969
    },
    "14": {
        "0": 0.07241815452997505
    },
    "15": {
        "4": 0.3266633912271971
    },
    "16": {
        "2": 0.15299706819446152,
        "10": 0.0
    },
    "17": {
        "1": 0.3404146861840711
    },
    "18": {
        "3": 0.22002504508366666,
        "7": 0.2005426953349305,
        "9": 0.0,
        "14": 0.0
    },
    "19": {
        "12": 0.0
    },
    "20": {
        "7": 0.16800942639760513,
        "11": 0.0,
        "13": 0.0
    },
    "21": {},
    "22": {},
    "23": {
        "1": 0.37384500692367617
    },
    "24": {},
    "25": {
        "5": 0.13362426154723783,
        "8": 0.06611247528576145
    },
    "26": {
        "0": 0.06076059373150957
    },
    "27": {
        "4": 0.3512160632112764,
        "5": 0.1801618956886294
    },
    "28": {
        "2": 0.19173494449169726,
        "10": 0.4531230968970468
    },
    "29": {
        "1": 0.3177615468068605
    },
    "30": {
        "3": 0.3053795685776258,
        "7": 0.14234166791751196,
        "9": 0.0698348450176737,
        "20": 0.0
    },
    "31": {
        "11": 0.0,
        "13": 0.01403043744956623
    },
    "32": {
        "18": 0.0
    },
    "33": {
        "1": 0.2655963175251448,
        "17": 0.0
    },
    "34": {
        "15": 0.0,
        "22": 0.0
    },
    "35": {
        "5": 0.13381377849006942,
        "8": 0.1291460394039601,
        "16": 0.0,
        "19": 0.0
    },
    "36": {
        "21": 0.0
    },
    "37": {
        "0": 0.0741800130788348
    },
    "38": {
        "5": 0.1081439769700425,
        "8": 0.15029513073874987
    },
    "39": {
        "2": 0.1945583736932368,
        "10": 0.435822179092773,
        "13": 0.04749860523676201
    },
    "40": {
        "3": 0.24155660586359842,
        "7": 0.1097374499297365,
        "9": 0.29759091719397296,
        "20": 0.3678507845327848
    },
    "41": {
        "13": 0.06328022710115874
    },
    "42": {
        "18": 0.0
    },
    "43": {
        "9": 0.3363060527972126
    },
    "44": {
        "1": 0.2967610889432024,
        "17": 0.2768331138363514,
        "23": 0.0
    },
    "45": {
        "24": 0.0
    },
    "46": {
        "15": 0.07217447173324829,
        "22": 0.0
    },
    "47": {
        "5": 0.1085680512727198,
        "16": 0.0,
        "19": 0.19528476401271758,
        "25": 0.0
    },
    "48": {
        "25": 0.0
    },
    "49": {
        "10": 0.35065386327842246,
        "13": 0.09780559531498229
    },
    "50": {
        "3": 0.2643953867664406,
        "7": 0.17395224182691416,
        "9": 0.31343451346521733,
        "20": 0.36381855255659296,
        "29": 0.0
    },
    "51": {
        "12": 0.07598693427197509
    },
    "52": {
        "7": 0.26150963953647016,
        "13": 0.06613476559334441
    },
    "53": {
        "30": 0.0
    },
    "54": {
        "9": 0.3710473061788633,
        "26": 0.0
    },
    "55": {
        "24": 0.058210358644291936
    },
    "56": {
        "5": 0.10520249977897159,
        "28": 0.0
    },
    "57": {
        "5": 0.12846687166780968,
        "8": 0.1197270317147429,
        "19": 0.19184340490192317
    },
    "58": {
        "27": 0.0
    },
    "59": {
        "5": 0.12784567474208308,
        "25": 0.1562069860000034
    },
    "60": {
        "2": 0.20116096522146795,
        "10": 0.430267788881044
    },
    "61": {
        "9": 0.34403738883158835,
        "15": 0.06806443959833654,
        "20": 0.21607882823216296,
        "29": 0.1480427689933693
    },
    "62": {
        "12": 0.08522517802278394
    },
    "63": {
        "13": 0.06645338301845721
    },
    "64": {
        "30": 0.18244770816653016
    },
    "65": {
        "9": 0.330366979846629
    },
    "66": {
        "17": 0.2896603709548062
    },
    "67": {
        "28": 0.12819373831625244
    },
    "68": {
        "5": 0.10796755062793657,
        "8": 0.15226319024865512,
        "19": 0.19111923197472602
    },
    "69": {
        "32": 0.0
    },
    "70": {
        "31": 0.0
    },
    "71": {
        "5": 0.12207085048143089,
        "8": 0.1644701725493556
    },
    "72": {
        "10": 0.4287811146763516,
        "13": 0
    },
    "73": {
        "15": 0.03844513519243951,
        "20": 0.29457213466250015,
        "29": 0.37164279414705115
    },
    "74": {
        "12": 0.1055095499693691
    },
    "75": {
        "30": 0.38731018230822994
    },
    "76": {
        "9": 0.3046425134847441,
        "26": 0.03831792720451465
    },
    "77": {
        "1": 0.28761156065923366
    },
    "78": {
        "24": 0.0806623191947947
    },
    "79": {
        "5": 0.1175281756122121,
        "25": 0.17985515006077488,
        "28": 0.34916127420926857
    },
    "80": {
        "19": 0.17259588357907163,
        "25": 0.17240665320078385
    },
    "81": {
        "27": 0.3994696069375366,
        "32": 0.36159731731419287
    },
    "82": {
        "25": 0.1395155373841023
    },
    "83": {
        "10": 0.3935502603834943,
        "13": 0
    },
    "84": {
        "7": 0.20839208121911526,
        "29": 0.33118275832169014
    },
    "85": {
        "0": 0,
        "12": 0.0927986965646129
    },
    "86": {
        "14": 0.4989115267793581
    },
    "87": {
        "16": 0.01834706216218976,
        "30": 0.3588576275283994
    },
    "88": {
        "27": 0.3936881040129039
    },
    "89": {
        "9": 0.29190706091615864,
        "26": 0.12663052023021842
    },
    "90": {
        "24": 0.13427187055869044
    },
    "91": {
        "5": 0.12220220142219305,
        "25": 0.16630596821621388,
        "28": 0.3467884620930277
    },
    "92": {
        "5": 0.09571734588101431,
        "8": 0.15503628278116513,
        "19": 0.15997449107806055,
        "33": 0.0
    },
    "93": {
        "32": 0.5130611742604847
    },
    "94": {
        "25": 0.1479152010097778
    },
    "95": {
        "10": 0.2617790729219823,
        "13": 0
    },
    "96": {
        "11": 0.03603886646229123,
        "15": 0.02584016713361149,
        "29": 0.3233256440554142
    },
    "97": {
        "0": 0,
        "12": 0.1392169663093205
    },
    "98": {
        "14": 0.5712061169147504
    },
    "99": {
        "30": 0.4069884133244853
    }
}