{
    "time_step_utility_dict": {
        "1": 0.0,
        "2": 0.0,
        "3": 0.0,
        "4": 0.0,
        "5": 0.0,
        "6": 0.0,
        "7": 0.0,
        "8": 0.0,
        "9": 0.0,
        "10": 2.7081896517825155,
        "11": 19.414915417631327,
        "12": 0.0,
        "13": 0.0,
        "14": 12.81068218709969,
        "15": 7.241815452997521,
        "16": 32.66633912271966,
        "17": 15.299706819446214,
        "18": 34.04146861840715,
        "19": 42.056774041859555,
        "20": 0.0,
        "21": 16.800942639760564,
        "22": 0.0,
        "23": 0.0,
        "24": 37.384500692367624,
        "25": 0.0,
        "26": 19.973673683300177,
        "27": 6.07605937315094,
        "28": 53.13779588999037,
        "29": 64.48580413887453,
        "30": 31.77615468068592,
        "31": 51.75560815128091,
        "32": 1.4030437449565625,
        "33": 0.0,
        "34": 26.559631752514463,
        "35": 0.0,
        "36": 26.2959817894033,
        "37": 0.0,
        "38": 7.121281255568022,
        "39": 25.843910770879177,
        "40": 67.78791580227687,
        "41": 101.67357575200833,
        "42": 6.328022710115988,
        "43": 0.0,
        "44": 33.63060527972175,
        "45": 57.359420277954655,
        "46": 0.0,
        "47": 7.217447173325127,
        "48": 30.385281528543715,
        "49": 0.0,
        "50": 44.84594585934019,
        "51": 111.56006946151672,
        "52": 7.598693427197077,
        "53": 32.76444051298222,
        "54": 0.0,
        "55": 37.104730617885934,
        "56": 5.821035864429405,
        "57": 10.520249977896583,
        "58": 44.00373082844885,
        "59": 0.0,
        "60": 28.405266074208157,
        "61": 63.14287541024942,
        "62": 77.62234256554507,
        "63": 8.52251780227789,
        "64": 1.5948811924431539,
        "65": 18.24477081665259,
        "66": 33.03669798466194,
        "67": 28.966037095480942,
        "68": 12.819373831625171,
        "69": 45.1349972851317,
        "70": 0.0,
        "71": 0.0,
        "72": 28.6541023030793,
        "73": 42.878111467636245,
        "74": 70.46600640019983,
        "75": 10.550954996936753,
        "76": 38.73101823082334,
        "77": 34.29604406892531,
        "78": 28.761156065923387,
        "79": 8.06623191947915,
        "80": 64.6544599882236,
        "81": 34.5002536779848,
        "82": 76.10669242517292,
        "83": 13.95155373840953,
        "84": 39.35502603835016,
        "85": 53.95748395407986,
        "86": 9.279869656462097,
        "87": 49.891152677935224,
        "88": 37.72046896906022,
        "89": 39.36881040128901,
        "90": 41.853758114635184,
        "91": 13.427187055869126,
        "92": 63.529663173143945,
        "93": 41.072811974025626,
        "94": 51.30611742604788,
        "95": 14.791520100978232,
        "96": 26.177907292200416,
        "97": 38.52046776513089,
        "98": 13.92169663093091,
        "99": 57.12061169147637,
        "100": 40.698841332447046
    },
    "total_utility": 2534.555184543452
}