{
    "1": 0.0,
    "2": 0.0,
    "3": 0.0,
    "4": 0.0,
    "5": 0.0,
    "6": 8.598233376580993,
    "7": 8.598233376580993,
    "8": 8.598233376580993,
    "9": 8.598233376580993,
    "10": 8.598233376580993,
    "11": 8.598233376580993,
    "12": 8.598233376580993,
    "13": 8.598233376580993,
    "14": 8.598233376580993,
    "15": 10.327070657926832,
    "16": 12.530278314441478,
    "17": 30.548864665450864,
    "18": 41.719129090281676,
    "19": 41.719129090281676,
    "20": 41.719129090281676,
    "21": 53.438885430602504,
    "22": 53.438885430602504,
    "23": 53.438885430602504,
    "24": 73.99841478216871,
    "25": 73.99841478216871,
    "26": 83.4676536354393,
    "27": 86.18132308717607,
    "28": 86.18132308717607,
    "29": 86.18132308717607,
    "30": 105.00833146173717,
    "31": 111.10209600285306,
    "32": 111.10209600285306,
    "33": 122.928804207055,
    "34": 122.928804207055,
    "35": 122.928804207055,
    "36": 122.928804207055,
    "37": 122.928804207055,
    "38": 166.4087843857247,
    "39": 196.64253374989397,
    "40": 219.22220302845977,
    "41": 219.22220302845977,
    "42": 219.22220302845977,
    "43": 219.22220302845977,
    "44": 219.22220302845977,
    "45": 219.22220302845977,
    "46": 219.22220302845977,
    "47": 219.22220302845977,
    "48": 229.9096308967553,
    "49": 229.9096308967553,
    "50": 246.203381852417,
    "51": 251.89625321720155,
    "52": 274.67768606301604,
    "53": 274.67768606301604,
    "54": 274.67768606301604,
    "55": 301.4551714119875,
    "56": 301.4551714119875,
    "57": 301.4551714119875,
    "58": 361.0103243405753,
    "59": 361.0103243405753,
    "60": 361.0103243405753,
    "61": 371.77948173167624,
    "62": 377.67690089678047,
    "63": 378.7529154237784,
    "64": 378.7529154237784,
    "65": 411.29251853928434,
    "66": 425.242624006966,
    "67": 442.27107423105866,
    "68": 446.38729381880313,
    "69": 462.05006084823924,
    "70": 526.7805405182402,
    "71": 526.7805405182402,
    "72": 551.5190943542599,
    "73": 588.8039791802721,
    "74": 608.3850545829396,
    "75": 631.3911576642713,
    "76": 633.3624838850494,
    "77": 635.9926835478132,
    "78": 635.9926835478132,
    "79": 641.4761379134874,
    "80": 652.1950936149343,
    "81": 663.1147534758918,
    "82": 711.1279297733782,
    "83": 719.6784052697549,
    "84": 724.9230462652416,
    "85": 727.5139878595979,
    "86": 730.7787744418803,
    "87": 756.4547421557139,
    "88": 781.5787350147837,
    "89": 799.2253422167297,
    "90": 818.7335912459799,
    "91": 827.976904424424,
    "92": 832.7707003732712,
    "93": 832.7707003732712,
    "94": 854.5473707529978,
    "95": 865.5396527883628,
    "96": 867.1294757826348,
    "97": 867.1294757826348,
    "98": 867.1294757826348,
    "99": 867.1294757826348,
    "100": 876.9770492609515
}