{
    "0": {
        "0": 0.0,
        "1": 0.0,
        "2": 0.0,
        "3": 0.0,
        "5": 0.0,
        "6": 0.0
    },
    "1": {
        "7": 0.0
    },
    "2": {
        "4": 0.0
    },
    "3": {
        "8": 0.0
    },
    "4": {},
    "5": {
        "8": 0.08598233376580994
    },
    "6": {
        "10": 0.0
    },
    "7": {
        "11": 0.0
    },
    "8": {
        "9": 0.0,
        "12": 0.0,
        "13": 0.0
    },
    "9": {
        "4": 0.0,
        "10": 0.0,
        "11": 0.0,
        "14": 0.0,
        "15": 0.0,
        "16": 0.0
    },
    "10": {
        "18": 0.0
    },
    "11": {
        "28": 0.0
    },
    "12": {
        "21": 0.0
    },
    "13": {
        "17": 0.0,
        "22": 0.0
    },
    "14": {
        "3": 0.017288372813458387,
        "23": 0.0,
        "26": 0.0
    },
    "15": {
        "1": 0.0,
        "2": 0.0,
        "3": 0.022032076565146486,
        "5": 0.0,
        "6": 0.0,
        "17": 0.0,
        "19": 0.0,
        "20": 0.0,
        "24": 0.0,
        "25": 0.0,
        "26": 0.0,
        "27": 0.0
    },
    "16": {
        "4": 0.18018586351009386
    },
    "17": {
        "8": 0.11170264424830806,
        "30": 0.0,
        "35": 0.0
    },
    "18": {
        "5": 0.0,
        "34": 0.0
    },
    "19": {
        "36": 0.0
    },
    "20": {
        "19": 0.0,
        "29": 0.0,
        "31": 0.0,
        "32": 0.0,
        "33": 0.0,
        "34": 0.04464542013844621,
        "35": 0.07255214326476195
    },
    "21": {
        "11": 0.0,
        "31": 0.0
    },
    "22": {
        "13": 0.0,
        "18": 0.0,
        "27": 0.0,
        "37": 0.0
    },
    "23": {
        "4": 0.20559529351566186,
        "7": 0.0,
        "11": 0.0,
        "22": 0.0,
        "38": 0.0,
        "39": 0.0
    },
    "24": {
        "43": 0.0
    },
    "25": {
        "21": 0.09469238853270559,
        "42": 0.0
    },
    "26": {
        "1": 0.0,
        "3": 0.027136694517367287,
        "9": 0.0,
        "13": 0.0,
        "25": 0.0,
        "26": 0.0,
        "27": 0.0,
        "40": 0.0,
        "41": 0.0,
        "44": 0.0,
        "45": 0.0
    },
    "27": {
        "45": 0.0
    },
    "28": {
        "47": 0.0
    },
    "29": {
        "30": 0.09216340202618856,
        "35": 0.09610668171942233,
        "48": 0.0
    },
    "30": {
        "5": 0.0,
        "6": 0.060937645411159334
    },
    "31": {
        "41": 0.0
    },
    "32": {
        "30": 0.07820440664488841,
        "31": 0.0,
        "34": 0.04006267539713091,
        "46": 0.0,
        "47": 0.0,
        "48": 0.0,
        "49": 0.0
    },
    "33": {
        "7": 0.0,
        "50": 0.0
    },
    "34": {
        "32": 0.0,
        "46": 0.0
    },
    "35": {
        "24": 0.0,
        "49": 0.0
    },
    "36": {
        "31": 0.0,
        "33": 0.0,
        "44": 0.0
    },
    "37": {
        "7": 0.0,
        "8": 0.1252154252007495,
        "18": 0.0,
        "22": 0.0,
        "27": 0.0,
        "38": 0.0,
        "39": 0.0,
        "43": 0.3095843765859457,
        "51": 0.0
    },
    "38": {
        "43": 0.30233749364169193
    },
    "39": {
        "14": 0.2257966927856572
    },
    "40": {
        "42": 0.0
    },
    "41": {
        "15": 0.0
    },
    "42": {
        "1": 0.0,
        "2": 0.0,
        "40": 0.0,
        "52": 0.0
    },
    "43": {
        "15": 0.0,
        "28": 0.0,
        "40": 0.0,
        "42": 0.0,
        "44": 0.0,
        "45": 0.0,
        "52": 0.0
    },
    "44": {
        "9": 0.0,
        "25": 0.0
    },
    "45": {
        "20": 0.0,
        "45": 0.0
    },
    "46": {
        "0": 0.0
    },
    "47": {
        "6": 0.10687427868295567
    },
    "48": {
        "23": 0.0,
        "41": 0.0
    },
    "49": {
        "0": 0.0,
        "1": 0.0,
        "3": 0.019682821008404974,
        "5": 0.0,
        "17": 0.0,
        "19": 0.0,
        "21": 0.08300707011117316,
        "30": 0.06275793587191539,
        "47": 0.0,
        "49": 0.0,
        "50": 0.0
    },
    "50": {
        "7": 0.0,
        "50": 0.05692871364784567
    },
    "51": {
        "4": 0.22781432845814498,
        "46": 0.0
    },
    "52": {
        "24": 0.0,
        "49": 0.0,
        "51": 0.0
    },
    "53": {
        "33": 0.0,
        "44": 0.0
    },
    "54": {
        "33": 0.0,
        "36": 0.1496763002832164,
        "51": 0.11809855320649772,
        "53": 0.0
    },
    "55": {
        "10": 0.0
    },
    "56": {
        "9": 0.0,
        "12": 0.0,
        "40": 0.0
    },
    "57": {
        "4": 0.14651483705213397,
        "10": 0.0,
        "11": 0.0,
        "12": 0.0,
        "14": 0.2540069750017182,
        "15": 0.0,
        "16": 0.0,
        "23": 0.0,
        "36": 0.19502971723203044,
        "42": 0.0,
        "52": 0.0
    },
    "58": {
        "18": 0.0
    },
    "59": {
        "20": 0.0,
        "28": 0.0
    },
    "60": {
        "21": 0.10769157391101145
    },
    "61": {
        "17": 0.0,
        "22": 0.058974191651044075
    },
    "62": {
        "3": 0.01076014526997887
    },
    "63": {
        "23": 0.0,
        "26": 0.0
    },
    "64": {
        "1": 0.0,
        "2": 0.0,
        "3": 0.016439353710553207,
        "5": 0.0,
        "6": 0.08636784032639104,
        "17": 0.0,
        "19": 0.03395333324315406,
        "20": 0.0,
        "21": 0.1453862842744431,
        "24": 0.03046897061291706,
        "25": 0.012780248987601711,
        "27": 0.0
    },
    "65": {
        "4": 0.13950105467681667
    },
    "66": {
        "8": 0.11615805296105883,
        "30": 0,
        "35": 0.05412644927986775
    },
    "67": {
        "5": 0.0,
        "34": 0.04116219587744359
    },
    "68": {
        "36": 0.15662767029436203
    },
    "69": {
        "19": 0.04218882060646679,
        "31": 0.0,
        "32": 0.23182073303380318,
        "33": 0.0,
        "34": 0.06612258521185989,
        "35": 0.05389821942434136,
        "37": 0.25327443842353875
    },
    "70": {
        "11": 0.0,
        "31": 0.0
    },
    "71": {
        "13": 0.0,
        "18": 0.0,
        "27": 0.0,
        "37": 0.24738553836019772
    },
    "72": {
        "4": 0.17859043709524167,
        "7": 0.0,
        "11": 0.0,
        "23": 0.0,
        "36": 0.194258411164889,
        "38": 0.0,
        "39": 0.0
    },
    "73": {
        "43": 0.19581075402667075
    },
    "74": {
        "21": 0.1347192260281405,
        "42": 0.09534180478518531
    },
    "75": {
        "1": 0.0,
        "3": 0.01971326220778201,
        "26": 0.0
    },
    "76": {
        "2": 0.0,
        "9": 0.0,
        "13": 0.0,
        "20": 0.0,
        "24": 0.01617600000628483,
        "25": 0.010125996621352025,
        "26": 0.0,
        "27": 0.0,
        "40": 0.0,
        "41": 0.0,
        "45": 0.0
    },
    "77": {
        "47": 0.0
    },
    "78": {
        "30": 0,
        "35": 0.05483454365674154
    },
    "79": {
        "5": 0.0,
        "6": 0.08060256007966765,
        "34": 0.02658699693480052
    },
    "80": {
        "41": 0.10919659860958068
    },
    "81": {
        "19": 0.042426245434239424,
        "31": 0.0,
        "34": 0.017897661293279927,
        "35": 0.07051105654374709,
        "46": 0.12413757706127317,
        "48": 0.23876144522521883,
        "49": 0.0
    },
    "82": {
        "7": 0.0,
        "50": 0.08550475496376615
    },
    "83": {
        "32": 0.05244640995486407
    },
    "84": {
        "24": 0.025909415943560825,
        "49": 0.0
    },
    "85": {
        "31": 0.0,
        "33": 0.0,
        "44": 0.03264786582282554
    },
    "86": {
        "27": 0.0,
        "38": 0.0,
        "39": 0.0,
        "43": 0.2539576373918869,
        "53": 0.002802039746453732
    },
    "87": {
        "7": 0.0,
        "8": 0.11774056180247873,
        "22": 0.02722629655224597,
        "39": 0.0,
        "51": 0.10627307023597643
    },
    "88": {
        "43": 0.17646607201946093
    },