{
    "time_step_utility_dict": {
        "1": 0.0,
        "2": 0.0,
        "3": 0.0,
        "4": 0.0,
        "5": 0.0,
        "6": 8.598233376580993,
        "7": 0.0,
        "8": 0.0,
        "9": 0.0,
        "10": 0.0,
        "11": 0.0,
        "12": 0.0,
        "13": 0.0,
        "14": 0.0,
        "15": 1.7288372813458395,
        "16": 2.203207656514646,
        "17": 18.018586351009386,
        "18": 11.170264424830812,
        "19": 0.0,
        "20": 0.0,
        "21": 11.719756340320828,
        "22": 0.0,
        "23": 0.0,
        "24": 20.559529351566205,
        "25": 0.0,
        "26": 9.469238853270596,
        "27": 2.713669451736763,
        "28": 0.0,
        "29": 0.0,
        "30": 18.827008374561103,
        "31": 6.093764541115888,
        "32": 0.0,
        "33": 11.826708204201935,
        "34": 0.0,
        "35": 0.0,
        "36": 0.0,
        "37": 0.0,
        "38": 43.47998017866969,
        "39": 30.233749364169284,
        "40": 22.579669278565802,
        "41": 0.0,
        "42": 0.0,
        "43": 0.0,
        "44": 0.0,
        "45": 0.0,
        "46": 0.0,
        "47": 0.0,
        "48": 10.687427868295515,
        "49": 0.0,
        "50": 16.29375095566172,
        "51": 5.692871364784537,
        "52": 22.781432845814493,
        "53": 0.0,
        "54": 0.0,
        "55": 26.77748534897148,
        "56": 0.0,
        "57": 0.0,
        "58": 59.5551529285878,
        "59": 0.0,
        "60": 0.0,
        "61": 10.769157391100919,
        "62": 5.897419165104225,
        "63": 1.0760145269979375,
        "64": 0.0,
        "65": 32.53960311550594,
        "66": 13.95010546768168,
        "67": 17.028450224092637,
        "68": 4.116219587744467,
        "69": 15.662767029436111,
        "70": 64.73047967000093,
        "71": 0.0,
        "72": 24.73855383601972,
        "73": 37.28488482601222,
        "74": 19.581075402667466,
        "75": 23.00610308133173,
        "76": 1.97132622077811,
        "77": 2.6301996627637436,
        "78": 0.0,
        "79": 5.48345436567422,
        "80": 10.71895570144693,
        "81": 10.919659860957495,
        "82": 48.01317629748644,
        "83": 8.550475496376635,
        "84": 5.244640995486748,
        "85": 2.590941594356309,
        "86": 3.2647865822823405,
        "87": 25.675967713833643,
        "88": 25.123992859069745,
        "89": 17.64660720194604,
        "90": 19.508249029250237,
        "91": 9.243313178444055,
        "92": 4.793795948847219,
        "93": 0.0,
        "94": 21.776670379726625,
        "95": 10.992282035364951,
        "96": 1.5898229942720263,
        "97": 0.0,
        "98": 0.0,
        "99": 0.0,
        "100": 9.84757347831669
    },
    "total_utility": 876.9770492609515
}