{"GPU": [12.266302414839931, 11.902347840202479, 11.893040617692352, 11.899567544997598, 11.821917349506073, 11.925699952027992, 11.921342177593226, 11.967050078765302, 11.944697164758887, 11.94790478401774, 11.948072313575661, 11.96936661523419, 11.966478738062769, 11.968548973002129, 11.953766951749135, 11.988560504564632, 11.961330043435492, 12.001848734934072, 12.018680084662952, 11.973896517372548, 11.943989622872584, 11.960190535104093, 12.065293036947219, 11.82629170832004, 11.810135991493267, 11.846804542428266, 11.826872685632994, 11.790996765580003, 11.827414692904172, 11.806106900353667, 11.811651375726198, 12.219455757859699, 11.825334786127543, 11.808015697475868, 11.828016321833715, 11.853138896671528, 11.847542077374367, 11.797249956689006, 11.896609687179994, 11.825631418879787, 11.832316390455448, 11.887124426120172, 11.839734236523144, 11.822583479536695, 11.864854516802588, 11.964245365275076, 12.004112294902178, 11.915690706106917, 11.876658064353725, 12.135473717604455, 11.832512174400918, 11.854482043103767, 11.850736590458515, 11.838392190362029], "CPU": [59.29384762227225, 53.19491309232595, 52.870100134319735, 52.53704774300926, 52.62642279059159, 52.318481258937204, 52.609369568205594, 52.768778045459605, 52.649408247015685, 52.9227917506738, 52.64271496704826, 51.15850904253293, 50.69685890800434, 50.325082584565926, 50.75705998870012, 50.75881038011715, 56.424286725411086, 51.674780473489356, 50.914956286797484, 50.80101720193946, 50.65338350825526, 50.52748980214002, 50.527637304962965, 54.73805473350909, 59.24005858306969, 60.36403464876988, 60.43908529220119, 59.434405814298806, 58.64458904140675, 58.52440911319896, 58.80551538604734, 60.415588022347706, 60.40220888428179, 59.70378953273589, 126.89994191346737, 57.63260884120822, 51.35005290660806, 53.10560291867787, 58.40763241780994, 59.34365760025087, 60.89780499220474, 59.93822234699576, 59.23015305422837, 60.61062281643092, 61.25518745031617, 60.791710592792164, 61.16010913113234, 60.75206199800367, 61.16991943137153, 60.87623689344938, 62.31490094214678, 61.51602045245932, 60.433489719161905, 60.323399871434326]}