{
    "0": {
        "dice_mean": 0.0,
        "dice_std": 0.0,
        "entropy_mean": 0.1535168523127604,
        "entropy_std": 3.824617529904578e-05
    },
    "1": {
        "dice_mean": 0.0,
        "dice_std": 0.0,
        "entropy_mean": 0.0077909170060257585,
        "entropy_std": 0.00021126705564946332
    },
    "2": {
        "dice_mean": 0.3616173907484537,
        "dice_std": 0.33931006272295233,
        "entropy_mean": 0.12993064599452694,
        "entropy_std": 0.07418102217895599
    },
    "3": {
        "dice_mean": 0.4704654017762209,
        "dice_std": 0.3395591054304014,
        "entropy_mean": 0.15989326093355244,
        "entropy_std": 0.06880148291027205
    },
    "4": {
        "dice_mean": 0.48877482123182825,
        "dice_std": 0.33538468708547414,
        "entropy_mean": 0.1699558675329778,
        "entropy_std": 0.06911055862556158
    },
    "5": {
        "dice_mean": 0.5110794391439651,
        "dice_std": 0.33529724673169153,
        "entropy_mean": 0.16919751055704405,
        "entropy_std": 0.07067631230744445
    },
    "6": {
        "dice_mean": 0.5448062449939708,
        "dice_std": 0.32496488488502145,
        "entropy_mean": 0.1925717834026249,
        "entropy_std": 0.06411090137708154
    },
    "7": {
        "dice_mean": 0.5359415919180893,
        "dice_std": 0.33066744902690937,
        "entropy_mean": 0.18210701232384136,
        "entropy_std": 0.06377575654485249
    },
    "8": {
        "dice_mean": 0.5198428660651475,
        "dice_std": 0.32985780228326517,
        "entropy_mean": 0.1709274066762179,
        "entropy_std": 0.06432589926827281
    },
    "9": {
        "dice_mean": 0.5332754960845812,
        "dice_std": 0.33109168174936626,
        "entropy_mean": 0.1616070249467613,
        "entropy_std": 0.0640302167227626
    },
    "10": {
        "dice_mean": 0.5597659016696979,
        "dice_std": 0.31829004809067757,
        "entropy_mean": 0.16199127704436034,
        "entropy_std": 0.060044022321411906
    },
    "11": {
        "dice_mean": 0.5640098678604075,
        "dice_std": 0.32506780225229037,
        "entropy_mean": 0.16101778148447624,
        "entropy_std": 0.054268606679705664
    },
    "12": {
        "dice_mean": 0.5852821488099657,
        "dice_std": 0.3155347063294213,
        "entropy_mean": 0.16239636622154563,
        "entropy_std": 0.05288122426805074
    },
    "13": {
        "dice_mean": 0.5829026119595426,
        "dice_std": 0.31156894342645236,
        "entropy_mean": 0.16047833121855165,
        "entropy_std": 0.04993120007264157
    },
    "14": {
        "dice_mean": 0.502733831180055,
        "dice_std": 0.33835947044871334,
        "entropy_mean": 0.15972807863694238,
        "entropy_std": 0.04908646852458965
    },
    "15": {
        "dice_mean": 0.5967391236783472,
        "dice_std": 0.3071489858744641,
        "entropy_mean": 0.1638340303804896,
        "entropy_std": 0.04579980009227813
    },
    "16": {
        "dice_mean": 0.5858122942757535,
        "dice_std": 0.31406286895414487,
        "entropy_mean": 0.14737509246788957,
        "entropy_std": 0.04454326397954976
    },
    "17": {
        "dice_mean": 0.5495506507992325,
        "dice_std": 0.3257708901514765,
        "entropy_mean": 0.14889312449583778,
        "entropy_std": 0.043368559422563756
    },
    "18": {
        "dice_mean": 0.5950219394746009,
        "dice_std": 0.30889539798438154,
        "entropy_mean": 0.12798969129216334,
        "entropy_std": 0.04153424765033134
    },
    "19": {
        "dice_mean": 0.5922662312221543,
        "dice_std": 0.3119532799130143,
        "entropy_mean": 0.13135283590908267,
        "entropy_std": 0.03954131718886041
    },
    "20": {
        "dice_mean": 0.6023029619867775,
        "dice_std": 0.3092307832051259,
        "entropy_mean": 0.11989710507187783,
        "entropy_std": 0.03911184485510313
    },
    "21": {
        "dice_mean": 0.5836768526667613,
        "dice_std": 0.31086176028321555,
        "entropy_mean": 0.12901546878369277,
        "entropy_std": 0.03921608941129425
    },
    "22": {
        "dice_mean": 0.5305945065542572,
        "dice_std": 0.3284073066589712,
        "entropy_mean": 0.1509527527776516,
        "entropy_std": 0.03722483798842289
    },
    "23": {
        "dice_mean": 0.5588550501958691,
        "dice_std": 0.3134559354201486,
        "entropy_mean": 0.14306913498214255,
        "entropy_std": 0.04272019032555019
    },
    "24": {
        "dice_mean": 0.6124247880455462,
        "dice_std": 0.2966767993701574,
        "entropy_mean": 0.12125923551991892,
        "entropy_std": 0.03773321234955652
    },
    "25": {
        "dice_mean": 0.5982831499550785,
        "dice_std": 0.3122569752151632,
        "entropy_mean": 0.13228368800918713,
        "entropy_std": 0.0377385604360693
    },
    "26": {
        "dice_mean": 0.6309053228351946,
        "dice_std": 0.2988962633140597,
        "entropy_mean": 0.13754931810867896,
        "entropy_std": 0.03885070885466429
    },
    "27": {
        "dice_mean": 0.6046933588008463,
        "dice_std": 0.31131085913919226,
        "entropy_mean": 0.11289720115310005,
        "entropy_std": 0.03452477126771251
    },
    "28": {
        "dice_mean": 0.5855374400125293,
        "dice_std": 0.3087670464436989,
        "entropy_mean": 0.10579858291609741,
        "entropy_std": 0.032877784136962705
    },
    "29": {
        "dice_mean": 0.5815230554868045,
        "dice_std": 0.3112811412978729,
        "entropy_mean": 0.1457638622754152,
        "entropy_std": 0.04208962813011594
    },
    "30": {
        "dice_mean": 0.608825651230724,
        "dice_std": 0.30395154459361773,
        "entropy_mean": 0.12299493684610296,
        "entropy_std": 0.036037516730280196
    },
    "31": {
        "dice_mean": 0.6109237038425934,
        "dice_std": 0.2987406029547953,
        "entropy_mean": 0.1348595732680137,
        "entropy_std": 0.03775301396823979
    },
    "32": {
        "dice_mean": 0.6094806795293206,
        "dice_std": 0.30061311935588314,
        "entropy_mean": 0.12815699861647184,
        "entropy_std": 0.04061358493419235
    },
    "33": {
        "dice_mean": 0.5972255800111469,
        "dice_std": 0.3022346401425971,
        "entropy_mean": 0.12265561329187037,
        "entropy_std": 0.039859467926341444
    },
    "34": {
        "dice_mean": 0.6361456357666252,
        "dice_std": 0.29299107271528985,
        "entropy_mean": 0.11878880846019327,
        "entropy_std": 0.04109807822675674
    },
    "35": {
        "dice_mean": 0.6189696389858161,
        "dice_std": 0.29217369285685385,
        "entropy_mean": 0.11492657468325013,
        "entropy_std": 0.036464741102821545
    },
    "36": {
        "dice_mean": 0.6175670119937396,
        "dice_std": 0.29303142622556255,
        "entropy_mean": 0.13894081285484147,
        "entropy_std": 0.04096875307890401
    },
    "37": {
        "dice_mean": 0.6212318394765852,
        "dice_std": 0.28878809535292993,
        "entropy_mean": 0.10615578821414756,
        "entropy_std": 0.03903472164787942
    },
    "38": {
        "dice_mean": 0.6353621478837131,
        "dice_std": 0.28422891069674533,
        "entropy_mean": 0.14049531686538405,
        "entropy_std": 0.04741908762039007
    },
    "39": {
        "dice_mean": 0.5928864468503392,
        "dice_std": 0.3037224726003547,
        "entropy_mean": 0.16700865882373123,
        "entropy_std": 0.04797372007752983
    },
    "40": {
        "dice_mean": 0.5950236560287305,
        "dice_std": 0.3066280222588999,
        "entropy_mean": 0.11156807907835962,
        "entropy_std": 0.03670787228537086
    },
    "41": {
        "dice_mean": 0.6063571840241774,
        "dice_std": 0.2951114959843713,
        "entropy_mean": 0.12790686648701444,
        "entropy_std": 0.04408063772986832
    },
    "42": {
        "dice_mean": 0.5967266719539662,
        "dice_std": 0.2997837883113965,
        "entropy_mean": 0.14817697592860282,