{
    "1": 0.0,
    "2": 0.0,
    "3": 0.0,
    "4": 0.0,
    "5": 0.0,
    "6": 0.0,
    "7": 0.0,
    "8": 0.0,
    "9": 0.0,
    "10": 4.784135913519937,
    "11": 19.883486131994466,
    "12": 19.883486131994466,
    "13": 19.883486131994466,
    "14": 28.859587925189814,
    "15": 32.19219538061574,
    "16": 70.71589835938046,
    "17": 90.74970246024989,
    "18": 123.3428731729686,
    "19": 177.1950681663309,
    "20": 177.1950681663309,
    "21": 196.60890913734403,
    "22": 196.60890913734403,
    "23": 196.60890913734403,
    "24": 230.88772759557986,
    "25": 230.88772759557986,
    "26": 250.34122193983848,
    "27": 253.23799681447036,
    "28": 311.42155328827505,
    "29": 373.538365031866,
    "30": 403.8563802022536,
    "31": 464.6255593156209,
    "32": 468.5622121826008,
    "33": 468.5622121826008,
    "34": 493.09754784849275,
    "35": 493.09754784849275,
    "36": 524.5107730532795,
    "37": 524.5107730532795,
    "38": 528.1535138497842,
    "39": 555.8355562770139,
    "40": 622.4332869984889,
    "41": 732.2382401934021,
    "42": 735.1638287508371,
    "43": 735.1638287508371,
    "44": 769.2274222661968,
    "45": 833.2027230271394,
    "46": 833.2027230271394,
    "47": 844.4387892917725,
    "48": 869.1641324336728,
    "49": 869.1641324336728,
    "50": 913.7772460703576,
    "51": 1033.3779104690018,
    "52": 1037.4728060022903,
    "53": 1068.6783614222752,
    "54": 1068.6783614222752,
    "55": 1106.2763382918556,
    "56": 1112.5279863646235,
    "57": 1119.824241921491,
    "58": 1172.999170692972,
    "59": 1172.999170692972,
    "60": 1195.1680769503553,
    "61": 1257.7652825197906,
    "62": 1338.3549163833136,
    "63": 1342.6486575132972,
    "64": 1345.6904225171259,
    "65": 1369.2630478900799,
    "66": 1403.3064710822232,
    "67": 1429.5583256584994,
    "68": 1444.3529279421082,
    "69": 1494.6864313355113,
    "70": 1494.6864313355113,
    "71": 1494.6864313355113,
    "72": 1525.642425552624,
    "73": 1568.4596896316987,
    "74": 1642.7060614270958,
    "75": 1651.8520855461356,
    "76": 1695.1809250472018,
    "77": 1726.7678439287965,
    "78": 1757.6303675062898,
    "79": 1773.9585668985173,
    "80": 1830.8655459989056,
    "81": 1867.1274717769973,
    "82": 1950.9276407354007,
    "83": 1965.8306191481934,
    "84": 2003.152818312473,
    "85": 2065.4074153965967,
    "86": 2072.6136613617764,
    "87": 2128.6060045822715,
    "88": 2167.8211170548257,
    "89": 2203.5013542295424,
    "90": 2233.8400782310655,
    "91": 2250.1024941679143,
    "92": 2309.2007894378994,
    "93": 2352.184572176896,
    "94": 2398.48919850226,
    "95": 2414.9969478220078,
    "96": 2440.5199980216985,
    "97": 2490.2541015200472,
    "98": 2500.757198774583,
    "99": 2560.429033962151,
    "100": 2603.3569371465424
}