{
    "0": {
        "0": 0.0
    },
    "1": {
        "4": 0.0,
        "5": 0.0,
        "8": 0.0
    },
    "2": {
        "6": 0.0
    },
    "3": {
        "2": 0.0
    },
    "4": {
        "1": 0.0
    },
    "5": {
        "3": 0.0,
        "7": 0.0
    },
    "6": {
        "7": 0.0
    },
    "7": {},
    "8": {},
    "9": {
        "3": 0.047841359135199386
    },
    "10": {
        "1": 0.15099350218474533
    },
    "11": {},
    "12": {},
    "13": {
        "5": 0.08976101793195347
    },
    "14": {
        "0": 0.033326074554259295
    },
    "15": {
        "4": 0.38523702978764685
    },
    "16": {
        "2": 0.2003380410086946,
        "10": 0.0
    },
    "17": {
        "1": 0.3259317071271864
    },
    "18": {
        "3": 0.31814682564171376,
        "7": 0.22037512429190925,
        "9": 0.0,
        "14": 0.0
    },
    "19": {
        "12": 0.0
    },
    "20": {
        "7": 0.19413840971013055,
        "11": 0.0,
        "13": 0.0
    },
    "21": {},
    "22": {},
    "23": {
        "1": 0.34278818458235955
    },
    "24": {},
    "25": {
        "5": 0.10362640242938755,
        "8": 0.09090854101319668
    },
    "26": {
        "0": 0.02896774874631813
    },
    "27": {
        "4": 0.4165421158828616,
        "5": 0.1652934488551912
    },
    "28": {
        "2": 0.22684863116589565,
        "10": 0.3943194862700139
    },
    "29": {
        "1": 0.3031801517038767
    },
    "30": {
        "3": 0.387850841345015,
        "7": 0.15762344533019002,
        "9": 0.06221750445846703,
        "20": 0.0
    },
    "31": {
        "11": 0.029455241158814607,
        "13": 0.009911287510985065
    },
    "32": {
        "18": 0.0
    },
    "33": {
        "1": 0.24535335665892216,
        "17": 0.0
    },
    "34": {
        "15": 0.0,
        "22": 0.0
    },
    "35": {
        "5": 0.12062417880701769,
        "8": 0.19350807324085328,
        "16": 0.0,
        "19": 0.0
    },
    "36": {
        "21": 0.0
    },
    "37": {
        "0": 0.037945216630253166
    },
    "38": {
        "5": 0.07948960658826451,
        "8": 0.19733081768403257
    },
    "39": {
        "2": 0.23215115453356813,
        "10": 0.39198254190172316,
        "13": 0.04184361077944719
    },
    "40": {
        "3": 0.3542143211957359,
        "7": 0.1298546238229655,
        "9": 0.26102859227522257,
        "20": 0.3529519946551951
    },
    "41": {
        "13": 0.02925588557434888
    },
    "42": {
        "18": 0.0
    },
    "43": {
        "9": 0.3406359351535958
    },
    "44": {
        "1": 0.37189665243209596,
        "17": 0.2678563551773266,
        "23": 0.0
    },
    "45": {
        "24": 0.0
    },
    "46": {
        "15": 0.11236066264633565,
        "22": 0.0
    },
    "47": {
        "5": 0.08777885523449248,
        "16": 0.0,
        "19": 0.15947457618450292,
        "25": 0.0
    },
    "48": {
        "25": 0.0
    },
    "49": {
        "10": 0.3758092919923962,
        "13": 0.07032184437445226
    },
    "50": {
        "3": 0.3597263563427695,
        "7": 0.18453330881518493,
        "9": 0.30507920607059935,
        "20": 0.3466677727578796,
        "29": 0.0
    },
    "51": {
        "12": 0.04094895533288654
    },
    "52": {
        "7": 0.277677276356752,
        "13": 0.03437827784311077
    },
    "53": {
        "30": 0.0
    },
    "54": {
        "9": 0.3759797686958059,
        "26": 0.0
    },
    "55": {
        "24": 0.06251648072768254
    },
    "56": {
        "5": 0.07296255556867927,
        "28": 0.0
    },
    "57": {
        "5": 0.10646585107612054,
        "8": 0.2132305064939174,
        "19": 0.2120529301447696
    },
    "58": {
        "27": 0.0
    },
    "59": {
        "5": 0.10445451113197617,
        "25": 0.11723455144185121
    },
    "60": {
        "2": 0.21363507085234112,
        "10": 0.4123369848420117
    },
    "61": {
        "9": 0.34215876768061226,
        "15": 0.10849771627290078,
        "20": 0.17345176768553244,
        "29": 0.181788086996184
    },
    "62": {
        "12": 0.04293741129984038
    },
    "63": {
        "13": 0.12674020849285858
    },
    "64": {
        "30": 0.23572625372953726
    },
    "65": {
        "9": 0.3404342319214267
    },
    "66": {
        "17": 0.26251854576276384
    },
    "67": {
        "28": 0.14794602283608513
    },
    "68": {
        "5": 0.07976857751012005,
        "8": 0.201451053875754,
        "19": 0.22211540254815332
    },
    "69": {
        "32": 0.0
    },
    "70": {
        "31": 0.0
    },
    "71": {
        "5": 0.09903670874777325,
        "8": 0.2105232334233521
    },
    "72": {
        "10": 0.428172640790749,
        "13": 0
    },
    "73": {
        "15": 0.1284890987937163,
        "20": 0.22316661001991633,
        "29": 0.39080800914035757
    },
    "74": {
        "12": 0.0914602411903938
    },
    "75": {
        "30": 0.43328839501066196
    },
    "76": {
        "9": 0.3158691888159303,
        "26": 0.0
    },
    "77": {
        "1": 0.3086252357749202
    },
    "78": {
        "24": 0.163281993922275
    },
    "79": {
        "5": 0.08221775395369907,
        "25": 0.16695607685294955,
        "28": 0.3198959601972337
    },
    "80": {
        "19": 0.19622117093480113,
        "25": 0.16639808684610496
    },
    "81": {
        "27": 0.3404144279435038,
        "32": 0.4975872616405224
    },
    "82": {
        "25": 0.1490297841279263
    },
    "83": {
        "10": 0.37322199164280023,
        "13": 0
    },
    "84": {
        "7": 0.2910569886994171,
        "29": 0.33148898214181594
    },
    "85": {
        "0": 0,
        "12": 0.07206245965180369
    },
    "86": {
        "14": 0.5599234322049553
    },
    "87": {
        "16": 0.02457272785807663,
        "30": 0.3675783968674476
    },
    "88": {
        "27": 0.3568023717471822
    },
    "89": {
        "9": 0.30338724001522654,
        "26": 0.0
    },
    "90": {
        "24": 0.16262415936848756
    },
    "91": {
        "5": 0.09475893225428755,
        "25": 0.17128343743365262,
        "28": 0.324940583011881
    },
    "92": {
        "5": 0.07894178747685893,
        "8": 0.16895123290574088,
        "19": 0.18194480700737573,
        "33": 0.0
    },
    "93": {
        "32": 0.46304626325363024
    },
    "94": {
        "25": 0.1650774931974991
    },
    "95": {
        "10": 0.25523050199690955,
        "13": 0
    },
    "96": {
        "11": 0.05534185938264107,
        "15": 0.11903919204796382,
        "29": 0.3229599835528763
    },
    "97": {
        "0": 0,
        "12": 0.10503097254536442
    },
    "98": {
        "14": 0.5967183518756841
    },
    "99": {
        "30": 0.42927903184390287
    }
}