{
    "time_step_utility_dict": {
        "1": 0.0,
        "2": 0.0,
        "3": 0.0,
        "4": 0.0,
        "5": 0.0,
        "6": 0.0,
        "7": 0.0,
        "8": 0.0,
        "9": 0.0,
        "10": 4.784135913519937,
        "11": 15.09935021847453,
        "12": 0.0,
        "13": 0.0,
        "14": 8.976101793195348,
        "15": 3.3326074554259293,
        "16": 38.52370297876472,
        "17": 20.033804100869432,
        "18": 32.5931707127187,
        "19": 53.85219499336232,
        "20": 0.0,
        "21": 19.413840971013116,
        "22": 0.0,
        "23": 0.0,
        "24": 34.27881845823583,
        "25": 0.0,
        "26": 19.453494344258615,
        "27": 2.8967748746318875,
        "28": 58.183556473804686,
        "29": 62.11681174359097,
        "30": 30.318015170387582,
        "31": 60.76917911336727,
        "32": 3.936652866979898,
        "33": 0.0,
        "34": 24.535335665891978,
        "35": 0.0,
        "36": 31.413225204786784,
        "37": 0.0,
        "38": 3.642740796504654,
        "39": 27.682042427229703,
        "40": 66.59773072147505,
        "41": 109.8049531949132,
        "42": 2.925588557434935,
        "43": 0.0,
        "44": 34.063593515359685,
        "45": 63.97530076094267,
        "46": 0.0,
        "47": 11.23606626463311,
        "48": 24.725343141900225,
        "49": 0.0,
        "50": 44.61311363668483,
        "51": 119.6006643986442,
        "52": 4.094895533288536,
        "53": 31.205555419984876,
        "54": 0.0,
        "55": 37.59797686958041,
        "56": 6.251648072767921,
        "57": 7.296255556867436,
        "58": 53.17492877148106,
        "59": 0.0,
        "60": 22.16890625738324,
        "61": 62.597205569435346,
        "62": 80.58963386352298,
        "63": 4.293741129983573,
        "64": 3.0417650038286865,
        "65": 23.572625372954008,
        "66": 34.04342319214334,
        "67": 26.251854576276173,
        "68": 14.79460228360881,
        "69": 50.333503393403134,
        "70": 0.0,
        "71": 0.0,
        "72": 30.955994217112675,
        "73": 42.817264079074675,
        "74": 74.24637179539718,
        "75": 9.146024119039794,
        "76": 43.32883950106611,
        "77": 31.586918881594784,
        "78": 30.86252357749322,
        "79": 16.32819939222759,
        "80": 56.9069791003883,
        "81": 36.26192577809161,
        "82": 83.80016895840345,
        "83": 14.902978412792663,
        "84": 37.32219916427971,
        "85": 62.25459708412359,
        "86": 7.206245965179733,
        "87": 55.99234322049506,
        "88": 39.21511247255421,
        "89": 35.680237174716694,
        "90": 30.338724001523133,
        "91": 16.26241593684881,
        "92": 59.0982952699851,
        "93": 42.983782738996524,
        "94": 46.3046263253641,
        "95": 16.507749319747745,
        "96": 25.523050199690715,
        "97": 49.73410349834876,
        "98": 10.503097254535533,
        "99": 59.67183518756838,
        "100": 42.9279031843912
    },
    "total_utility": 2603.3569371465424
}