{
    "1": 0.0,
    "2": 0.0,
    "3": 0.0,
    "4": 0.0,
    "5": 0.0,
    "6": 0.0,
    "7": 0.0,
    "8": 0.0,
    "9": 0.0,
    "10": 1.6264554604638999,
    "11": 21.12888365035738,
    "12": 21.12888365035738,
    "13": 21.12888365035738,
    "14": 34.091660626536154,
    "15": 39.66446582367667,
    "16": 72.3331539472318,
    "17": 79.5031941325676,
    "18": 109.60173145576924,
    "19": 141.99545049469663,
    "20": 141.99545049469663,
    "21": 155.42116087862235,
    "22": 155.42116087862235,
    "23": 155.42116087862235,
    "24": 182.9154279307784,
    "25": 182.9154279307784,
    "26": 196.01562048487003,
    "27": 206.04634372324116,
    "28": 254.42441007355163,
    "29": 278.71302088582286,
    "30": 304.26110051347246,
    "31": 377.7522309607491,
    "32": 389.42259885984333,
    "33": 389.42259885984333,
    "34": 437.57044956397704,
    "35": 470.3560385466762,
    "36": 487.04987442729447,
    "37": 494.8095089310257,
    "38": 500.228541651839,
    "39": 511.5485146235743,
    "40": 554.0126941446613,
    "41": 656.8632176490617,
    "42": 656.8632176490617,
    "43": 656.8632176490617,
    "44": 677.1509242100835,
    "45": 730.2646198130445,
    "46": 730.2646198130445,
    "47": 752.0926838157727,
    "48": 776.933965007099,
    "49": 776.933965007099,
    "50": 811.5544141429216,
    "51": 908.9687898825439,
    "52": 914.4037839036874,
    "53": 927.4424337764214,
    "54": 927.4424337764214,
    "55": 950.9922170577898,
    "56": 956.2040211418105,
    "57": 962.8818571818117,
    "58": 994.9037092477015,
    "59": 994.9037092477015,
    "60": 1018.7680788318565,
    "61": 1070.291931365287,
    "62": 1158.4356781205993,
    "63": 1163.4607866755691,
    "64": 1163.4607866755691,
    "65": 1188.922274422071,
    "66": 1207.5646978833352,
    "67": 1238.1169530116786,
    "68": 1254.8097244595865,
    "69": 1284.23836084245,
    "70": 1284.23836084245,
    "71": 1284.23836084245,
    "72": 1300.2075447495629,
    "73": 1340.4102763469275,
    "74": 1414.8718506216271,
    "75": 1425.756844673813,
    "76": 1464.9023212802783,
    "77": 1481.7157015055966,
    "78": 1507.5733279888325,
    "79": 1519.657816262651,
    "80": 1566.1665965692046,
    "81": 1595.875083243334,
    "82": 1673.2423627935545,
    "83": 1684.507202243723,
    "84": 1723.0589659936568,
    "85": 1769.4119507846915,
    "86": 1781.2776832080065,
    "87": 1833.3846858479058,
    "88": 1870.6505017876166,
    "89": 1903.5172148356505,
    "90": 1919.3639529984462,
    "91": 1934.1394465772325,
    "92": 1987.221664014761,
    "93": 2013.807577597681,
    "94": 2062.466908141312,
    "95": 2075.084052161215,
    "96": 2105.1888367007773,
    "97": 2147.915913672061,
    "98": 2161.2047578667243,
    "99": 2222.1398608793734,
    "100": 2265.6417751266795
}