{
    "0": {
        "0": 0.0
    },
    "1": {
        "5": 0.0,
        "6": 0.0,
        "9": 0.0
    },
    "2": {
        "7": 0.0
    },
    "3": {
        "2": 0.0
    },
    "4": {
        "1": 0.0
    },
    "5": {
        "4": 0.0,
        "8": 0.0
    },
    "6": {
        "3": 0.0,
        "8": 0.0
    },
    "7": {},
    "8": {},
    "9": {
        "4": 0.016264554604638996
    },
    "10": {
        "1": 0.19502428189893478
    },
    "11": {},
    "12": {},
    "13": {
        "6": 0.1296277697617877
    },
    "14": {
        "0": 0.05572805197140511
    },
    "15": {
        "5": 0.3266868812355515
    },
    "16": {
        "2": 0.07170040185335781,
        "13": 0.0
    },
    "17": {
        "1": 0.3009853732320169
    },
    "18": {
        "4": 0.21206273633973086,
        "8": 0.11187445404954376,
        "12": 0.0,
        "17": 0.0
    },
    "19": {
        "14": 0.0
    },
    "20": {
        "3": 0.03188961892157593,
        "8": 0.10236748491768216,
        "16": 0.0
    },
    "21": {
        "11": 0.0
    },
    "22": {
        "19": 0.0
    },
    "23": {
        "1": 0.2749426705215592,
        "15": 0.0
    },
    "24": {
        "10": 0.0,
        "18": 0.0,
        "20": 0.0
    },
    "25": {
        "6": 0.09870538044595172,
        "9": 0.03229654509496363
    },
    "26": {
        "0": 0.040436043898820266,
        "19": 0.059871188484891015
    },
    "27": {
        "5": 0.3746111432901737,
        "6": 0.10916952021293114
    },
    "28": {
        "2": 0.11419524671421076,
        "13": 0.1286908614085026
    },
    "29": {
        "1": 0.2554807962764919
    },
    "30": {
        "4": 0.2626447143845395,
        "8": 0.0768050316391084,
        "12": 0.08652559422308916,
        "18": 0.30893596422602665
    },
    "31": {
        "3": 0.0875030146246322,
        "16": 0.02920066436630889
    },
    "32": {
        "23": 0.0
    },
    "33": {
        "1": 0.18502650882466842,
        "15": 0.29645199821667645
    },
    "34": {
        "10": 0.023157842915048396,
        "20": 0.3046980469119459
    },
    "35": {
        "6": 0.10749856666010674,
        "9": 0.05943979214607542,
        "21": 0.0,
        "22": 0.0
    },
    "36": {
        "19": 0.07759634503731436
    },
    "37": {
        "0": 0.0564482575084728
    },
    "38": {
        "6": 0.06754794431667875,
        "9": 0.04565178540067524
    },
    "39": {
        "2": 0.10973483703258377,
        "13": 0.3149069581782825,
        "16": 0.0
    },
    "40": {
        "4": 0.28449652997803104,
        "8": 0.060041891677002024,
        "12": 0.17621571929033927,
        "18": 0.507751094098628
    },
    "41": {
        "16": 0.0
    },
    "42": {
        "23": 0.0
    },
    "43": {
        "12": 0.2028770656102121
    },
    "44": {
        "1": 0.2432331032323908,
        "15": 0.2879038527972106,
        "24": 0.0
    },
    "45": {
        "25": 0.0
    },
    "46": {
        "10": 0.02069258979138758,
        "20": 0.1975880502358943
    },
    "47": {
        "6": 0.06857719312001438,
        "21": 0.17983561879324597,
        "22": 0.0,
        "26": 0.0
    },
    "48": {
        "26": 0.0
    },
    "49": {
        "13": 0.34575673016419556,
        "16": 0.0004477611940298509
    },
    "50": {
        "4": 0.32257123963605316,
        "8": 0.07895659825847659,
        "12": 0.19642516488084424,
        "18": 0.3761907546208624,
        "30": 0.0
    },
    "51": {
        "14": 0.05434994021143394
    },
    "52": {
        "8": 0.13038649872734154,
        "16": 0.0
    },
    "53": {
        "31": 0.0
    },
    "54": {
        "12": 0.23549783281368153,
        "27": 0.0
    },
    "55": {
        "25": 0.05211804084020473
    },
    "56": {
        "6": 0.06677836040001751,
        "29": 0.0
    },
    "57": {
        "6": 0.09508508731963083,
        "9": 0.06842680165525794,
        "21": 0.1567066316840093
    },
    "58": {
        "28": 0.0
    },
    "59": {
        "6": 0.08400645579628073,
        "26": 0.15463724004527077
    },
    "60": {
        "2": 0.10055678902512767,
        "13": 0.41468173630918387
    },
    "61": {
        "10": 0.00805683130127602,
        "12": 0.21060647097775514,
        "18": 0.47173446319694107,
        "30": 0.19103970207715942
    },
    "62": {
        "14": 0.05025108554969988
    },
    "63": {
        "16": 0.0
    },
    "64": {
        "31": 0.2546148774650183
    },
    "65": {
        "12": 0.18642423461264068
    },
    "66": {
        "15": 0.30552255128343186
    },
    "67": {
        "29": 0.1669277144790773
    },
    "68": {
        "6": 0.06813458008890684,
        "9": 0.06421983429288348,
        "21": 0.16193194944684414
    },
    "69": {
        "33": 0.0
    },
    "70": {
        "32": 0.0
    },
    "71": {
        "6": 0.07315540268005666,
        "9": 0.08653643639106214
    },
    "72": {
        "13": 0.4020273159736608,
        "16": 0
    },
    "73": {
        "10": 0.004011158241502064,
        "18": 0.36470793329410234,
        "30": 0.37589665121137983
    },
    "74": {
        "14": 0.10884994052185934
    },
    "75": {
        "31": 0.39145476606465296
    },
    "76": {
        "12": 0.16813380225318436,
        "27": 0.0
    },
    "77": {
        "1": 0.2585762648323747
    },
    "78": {
        "25": 0.1208448827381882
    },
    "79": {
        "6": 0.06976445487938546,
        "26": 0.12750114555087935,
        "29": 0.2678222026352542
    },
    "80": {
        "21": 0.17034097273137136,
        "26": 0.12674389400993186
    },
    "81": {
        "28": 0.3512166781807622,
        "33": 0.4224561173214278
    },
    "82": {
        "26": 0.11264839450168695
    },
    "83": {
        "13": 0.3855176374993441,
        "16": 0
    },
    "84": {
        "8": 0.1263239596256438,
        "30": 0.33720588828470005
    },
    "85": {
        "0": 0,
        "14": 0.11865732423315506
    },
    "86": {
        "17": 0.5210700263989928
    },
    "87": {
        "22": 0.016041303701580766,
        "31": 0.35661685569552615
    },
    "88": {
        "28": 0.32866713048033547
    },
    "89": {
        "12": 0.1584673816279601,
        "27": 0.0
    },
    "90": {
        "25": 0.1477549357878603
    },
    "91": {
        "6": 0.06540600538979081,
        "26": 0.14737426150145103,
        "29": 0.3180419074840169
    },
    "92": {
        "6": 0.04911242477617508,
        "9": 0.058643447895100495,
        "21": 0.1581032631579005,
        "34": 0.0
    },
    "93": {
        "33": 0.4865933054363259
    },
    "94": {
        "26": 0.12617144019902873
    },
    "95": {
        "13": 0.3010478453956395,
        "16": 0
    },
    "96": {
        "3": 0.07313300310675379,
        "10": 0.005144919153622831,
        "30": 0.34899284745249537
    },
    "97": {
        "0": 0,
        "14": 0.13288844194662006
    },
    "98": {
        "17": 0.6093510301264865
    },
    "99": {
        "31": 0.4350191424730631
    }
}