{
    "time_step_utility_dict": {
        "1": 0.0,
        "2": 0.0,
        "3": 0.0,
        "4": 0.0,
        "5": 0.0,
        "6": 0.0,
        "7": 0.0,
        "8": 0.0,
        "9": 0.0,
        "10": 1.6264554604638999,
        "11": 19.50242818989348,
        "12": 0.0,
        "13": 0.0,
        "14": 12.96277697617877,
        "15": 5.572805197140518,
        "16": 32.66868812355513,
        "17": 7.170040185335793,
        "18": 30.09853732320164,
        "19": 32.39371903892737,
        "20": 0.0,
        "21": 13.425710383925718,
        "22": 0.0,
        "23": 0.0,
        "24": 27.49426705215606,
        "25": 0.0,
        "26": 13.10019255409162,
        "27": 10.030723238371138,
        "28": 48.37806635031046,
        "29": 24.2886108122712,
        "30": 25.5480796276496,
        "31": 73.49113044727665,
        "32": 11.67036789909423,
        "33": 0.0,
        "34": 48.1478507041337,
        "35": 32.78558898269915,
        "36": 16.69383588061828,
        "37": 7.759634503731206,
        "38": 5.419032720813334,
        "39": 11.319972971735297,
        "40": 42.46417952108692,
        "41": 102.85052350440037,
        "42": 0.0,
        "43": 0.0,
        "44": 20.287706561021878,
        "45": 53.113695602961,
        "46": 0.0,
        "47": 21.828064002728183,
        "48": 24.84128119132629,
        "49": 0.0,
        "50": 34.62044913582258,
        "51": 97.4143757396223,
        "52": 5.434994021143552,
        "53": 13.038649872733913,
        "54": 0.0,
        "55": 23.54978328136849,
        "56": 5.211804084020628,
        "57": 6.677836040001239,
        "58": 32.02185206588979,
        "59": 0.0,
        "60": 23.864369584155043,
        "61": 51.52385253343027,
        "62": 88.14374675531235,
        "63": 5.025108554969847,
        "64": 0.0,
        "65": 25.461487746501916,
        "66": 18.642423461264116,
        "67": 30.552255128343404,
        "68": 16.692771447907944,
        "69": 29.428636382863488,
        "70": 0.0,
        "71": 0.0,
        "72": 15.969183907112892,
        "73": 40.20273159736462,
        "74": 74.46157427469961,
        "75": 10.884994052185903,
        "76": 39.14547660646531,
        "77": 16.81338022531827,
        "78": 25.85762648323589,
        "79": 12.084488273818579,
        "80": 46.50878030655349,
        "81": 29.708486674129517,
        "82": 77.36727955022047,
        "83": 11.264839450168438,
        "84": 38.5517637499338,
        "85": 46.352984791034714,
        "86": 11.865732423314967,
        "87": 52.10700263989929,
        "88": 37.26581593971082,
        "89": 32.866713048033944,
        "90": 15.846738162795646,
        "91": 14.775493578786381,
        "92": 53.08221743752847,
        "93": 26.585913582920057,
        "94": 48.65933054363131,
        "95": 12.617144019902753,
        "96": 30.104784539562388,
        "97": 42.72707697128362,
        "98": 13.288844194663398,
        "99": 60.93510301264905,
        "100": 43.501914247306104
    },
    "total_utility": 2265.6417751266795
}