{
    "0": {
        "1": 0.0,
        "4": 0.0,
        "5": 0.0,
        "6": 0.0,
        "7": 0.0,
        "8": 0.0
    },
    "1": {
        "0": 0.0
    },
    "2": {
        "2": 0.0
    },
    "3": {
        "3": 0.0
    },
    "4": {},
    "5": {
        "3": 0.05269241466808507
    },
    "6": {
        "14": 0.0
    },
    "7": {
        "11": 0.0
    },
    "8": {
        "10": 0.0,
        "13": 0.0,
        "16": 0.0
    },
    "9": {
        "2": 0.0,
        "9": 0.0,
        "11": 0.0,
        "12": 0.0,
        "14": 0.0,
        "15": 0.0
    },
    "10": {
        "18": 0.0
    },
    "11": {
        "22": 0.0
    },
    "12": {
        "19": 0.0
    },
    "13": {
        "17": 0.0,
        "20": 0.0
    },
    "14": {
        "1": 0.026598467708193407,
        "21": 0.0,
        "23": 0.0
    },
    "15": {
        "1": 0.030042485521366093,
        "5": 0.0,
        "6": 0.0,
        "7": 0.0,
        "8": 0.0,
        "20": 0.0,
        "21": 0.0
    },
    "16": {
        "2": 0.20565856751047165
    },
    "17": {
        "3": 0.058717614481419364,
        "24": 0.0,
        "26": 0.0
    },
    "18": {
        "8": 0.0,
        "27": 0.0
    },
    "19": {
        "28": 0.0
    },
    "20": {
        "24": 0.08728446432134136,
        "25": 0.0,
        "27": 0.0,
        "29": 0.0,
        "30": 0.0,
        "31": 0.0,
        "32": 0.0
    },
    "21": {
        "11": 0.030364567845351857,
        "31": 0.0
    },
    "22": {
        "10": 0.014335823941598625,
        "18": 0.0,
        "33": 0.0,
        "34": 0.0
    },
    "23": {
        "0": 0.0,
        "2": 0.23953977894936146,
        "11": 0.04082690421422194,
        "17": 0.0,
        "35": 0.0,
        "36": 0.0
    },
    "24": {
        "41": 0.0
    },
    "25": {
        "19": 0.0,
        "38": 0.0
    },
    "26": {
        "1": 0.03701926872622907,
        "6": 0.0,
        "10": 0.0530756246841563,
        "16": 0.0,
        "21": 0.0,
        "34": 0.0,
        "37": 0.0,
        "39": 0.0,
        "40": 0.0,
        "42": 0.0,
        "43": 0.0
    },
    "27": {
        "37": 0.0
    },
    "28": {
        "45": 0.0
    },
    "29": {
        "24": 0.12155998764209089,
        "26": 0.04388859871458844,
        "44": 0.0
    },
    "30": {
        "7": 0.0,
        "8": 0.0
    },
    "31": {
        "39": 0.0
    },
    "32": {
        "26": 0.033596316311877115,
        "27": 0.0,
        "31": 0.1673209512192006,
        "44": 0.0,
        "45": 0.0,
        "46": 0.0,
        "47": 0.0
    },
    "33": {
        "0": 0.13458422313247312,
        "49": 0.0
    },
    "34": {
        "30": 0.0,
        "47": 0.0
    },
    "35": {
        "46": 0.0,
        "50": 0.0
    },
    "36": {
        "31": 0.18409348553213506,
        "32": 0.0,
        "43": 0.1646904843306383
    },
    "37": {
        "0": 0.12806168515554398,
        "3": 0.061385777618320495,
        "17": 0.0,
        "18": 0.0,
        "34": 0.0,
        "35": 0.0,
        "36": 0.0,
        "41": 0.27227179242478344,
        "48": 0.0
    },
    "38": {
        "41": 0.2721014595317871
    },
    "39": {
        "9": 0.0
    },
    "40": {
        "38": 0.0
    },
    "41": {
        "15": 0.015943602875143324
    },
    "42": {
        "5": 0.0,
        "6": 0.0,
        "42": 0.0,
        "51": 0.0
    },
    "43": {
        "15": 0.022314908764686323,
        "22": 0.0,
        "37": 0.13416866969065877,
        "38": 0.0,
        "42": 0.0,
        "43": 0.18071461588870086,
        "51": 0.0
    },
    "44": {
        "16": 0.0,
        "40": 0.0
    },
    "45": {
        "37": 0.12912303482391635,
        "52": 0.0
    },
    "46": {
        "4": 0.0
    },
    "47": {
        "7": 0.0
    },
    "48": {
        "23": 0.0,
        "39": 0.0
    },
    "49": {
        "1": 0.022002044788659744,
        "4": 0.0,
        "6": 0.0,
        "8": 0.0,
        "19": 0.0,
        "20": 0.0,
        "26": 0.03539232018248313,
        "29": 0.0,
        "45": 0.0,
        "46": 0.0,
        "49": 0.0
    },
    "50": {
        "0": 0.09655960855625206,
        "49": 0.0
    },
    "51": {
        "2": 0.2630646301464779,
        "47": 0.0
    },
    "52": {
        "46": 0.0,
        "48": 0.0,
        "50": 0.0
    },
    "53": {
        "32": 0.0,
        "43": 0.16712973004990175
    },
    "54": {
        "28": 0.0,
        "32": 0.0,
        "48": 0.0,
        "53": 0.0
    },
    "55": {
        "14": 0.0
    },
    "56": {
        "13": 0.0,
        "16": 0.0,
        "42": 0.0
    },
    "57": {
        "2": 0.16865000837886782,
        "9": 0.0,
        "11": 0.04411293210728344,
        "12": 0.0,
        "13": 0.0,
        "14": 0.0,
        "15": 0.03767139070016186,
        "23": 0.0,
        "28": 0.0,
        "38": 0.0,
        "51": 0.0
    },
    "58": {
        "18": 0.0
    },
    "59": {
        "22": 0.0,
        "52": 0.0
    },
    "60": {
        "19": 0.054400100690186186
    },
    "61": {
        "17": 0.0,
        "20": 0.20621092879786984
    },
    "62": {
        "1": 0.03837788055850773
    },
    "63": {
        "21": 0.0,
        "23": 0.058421050375522705
    },
    "64": {
        "1": 0.051580366762586,
        "5": 0.0,
        "6": 0.0,
        "7": 0.0,
        "8": 0.0,
        "19": 0.04987763740211451,
        "20": 0.22069298046836466,
        "29": 0.1850625021955308,
        "34": 0.0,
        "40": 0.0,
        "50": 0.0,
        "52": 0.0
    },
    "65": {
        "2": 0.17103170409330382
    },
    "66": {
        "3": 0.041181123254733026,
        "24": 0.0645891610294132,
        "26": 0
    },
    "67": {
        "8": 0.0,
        "27": 0.0
    },
    "68": {
        "28": 0.0
    },
    "69": {
        "24": 0.0752922069850453,
        "27": 0.0,
        "29": 0.1845668088180367,
        "30": 0.0,
        "31": 0.1985196843005903,
        "32": 0.0,
        "33": 0.4204736257079753
    },
    "70": {
        "11": 0.044769046625179866,
        "31": 0.19275220300341464
    },
    "71": {
        "10": 0.024696137109751524,
        "18": 0.0,
        "33": 0.36552415003577665,
        "34": 0.0
    },
    "72": {
        "0": 0.09270194327910421,
        "2": 0.2339567430454827,
        "11": 0.04165306586102089,
        "23": 0.04592702444998891,
        "28": 0.0,
        "35": 0.0,
        "36": 0.0
    },
    "73": {
        "41": 0.2064835644144752
    },
    "74": {
        "19": 0.055299229340216575,
        "38": 0.0
    },
    "75": {
        "1": 0.04474613551131542,
        "6": 0.0,
        "21": 0.0
    },
    "76": {
        "5": 0.0,
        "10": 0.04451320177837058,
        "16": 0.0,
        "21": 0.0,
        "34": 0.0,
        "37": 0.0601995731579588,
        "39": 0.15834026683901206,
        "40": 0.0,
        "42": 0.0,
        "50": 0.0,
        "52": 0.0
    },
    "77": {
        "45": 0.0
    },
    "78": {
        "24": 0.0665570603629356,
        "26": 0
    },
    "79": {
        "7": 0.0,
        "8": 0.0,
        "27": 0.0
    },
    "80": {
        "39": 0.10635262545564814
    },
    "81": {
        "24": 0.0881081759652404,
        "27": 0.0,
        "29": 0.19053415137305357,
        "31": 0.2446941146642272,
        "44": 0.18534373915131183,
        "46": 0.0,
        "47": 0.0
    },
    "82": {
        "0": 0.12668827153582887,
        "49": 0.0
    },
    "83": {
        "30": 0.0
    },
    "84": {
        "46": 0.0,
        "50": 0.0
    },
    "85": {
        "31": 0.19397296544528161,
        "32": 0.0,
        "43": 0.11885420845253401
    },
    "86": {
        "34": 0.0,
        "35": 0.0,
        "36": 0.0,
        "41": 0.28916389697539874,
        "53": 0.010691040210151477
    },
    "87": {
        "0": 0.06333268376936245,
        "3": 0.05079249759290685,
        "17": 0.0,
        "35": 0.0,
        "48": 0.0
    },
    "88": {
        "41": 0.25842631388938037
    },
    "89": {
        "9": 0.08127357393535889
    },
    "90": {
        "38": 0.0
    },