{
    "1": 0.0,
    "2": 0.0,
    "3": 0.0,
    "4": 0.0,
    "5": 0.0,
    "6": 5.269241466808509,
    "7": 5.269241466808509,
    "8": 5.269241466808509,
    "9": 5.269241466808509,
    "10": 5.269241466808509,
    "11": 5.269241466808509,
    "12": 5.269241466808509,
    "13": 5.269241466808509,
    "14": 5.269241466808509,
    "15": 7.929088237627848,
    "16": 10.933336789764455,
    "17": 31.499193540811603,
    "18": 37.37095498895353,
    "19": 37.37095498895353,
    "20": 37.37095498895353,
    "21": 46.0994014210877,
    "22": 49.13585820562287,
    "23": 50.56944059978274,
    "24": 78.606108916141,
    "25": 78.606108916141,
    "26": 78.606108916141,
    "27": 87.61559825717961,
    "28": 87.61559825717961,
    "29": 87.61559825717961,
    "30": 104.16045689284755,
    "31": 104.16045689284755,
    "32": 104.16045689284755,
    "33": 124.25218364595543,
    "34": 137.71060595920272,
    "35": 137.71060595920272,
    "36": 137.71060595920272,
    "37": 172.58900294548005,
    "38": 218.760928465345,
    "39": 245.97107441852373,
    "40": 245.97107441852373,
    "41": 245.97107441852373,
    "42": 247.56543470603796,
    "43": 247.56543470603796,
    "44": 281.2852541404423,
    "45": 281.2852541404423,
    "46": 294.19755762283404,
    "47": 294.19755762283404,
    "48": 294.19755762283404,
    "49": 294.19755762283404,
    "50": 299.7954248392184,
    "51": 309.45138569484385,
    "52": 335.75784870949167,
    "53": 335.75784870949167,
    "54": 352.470821714482,
    "55": 352.470821714482,
    "56": 352.470821714482,
    "57": 352.470821714482,
    "58": 377.51425483311306,
    "59": 377.51425483311306,
    "60": 377.51425483311306,
    "61": 382.95426490213157,
    "62": 403.5753577819184,
    "63": 407.41314583776943,
    "64": 413.2552508753218,
    "65": 463.97659955818165,
    "66": 481.079769967512,
    "67": 491.65679839592667,
    "68": 491.65679839592667,
    "69": 491.65679839592667,
    "70": 579.5420309770913,
    "71": 603.2941559399502,
    "72": 642.3161846545039,
    "73": 683.7400623180641,
    "74": 704.3884187595115,
    "75": 709.9183416935334,
    "76": 714.3929552446648,
    "77": 740.6982594221986,
    "78": 740.6982594221986,
    "79": 747.3539654584923,
    "80": 747.3539654584923,
    "81": 757.9892280040572,
    "82": 828.8572461194399,
    "83": 841.5260732730228,
    "84": 841.5260732730228,
    "85": 841.5260732730228,
    "86": 872.8087906628054,
    "87": 902.7942843813606,
    "88": 914.2068025175871,
    "89": 940.0494339065248,
    "90": 948.1767913000607,
    "91": 948.1767913000607,
    "92": 962.970858185245,
    "93": 962.970858185245,
    "94": 1018.0939766477749,
    "95": 1029.567875308983,
    "96": 1029.567875308983,
    "97": 1050.5137656343145,
    "98": 1050.5137656343145,
    "99": 1069.754525296922,
    "100": 1069.754525296922
}