{
    "time_step_utility_dict": {
        "1": 0.0,
        "2": 0.0,
        "3": 0.0,
        "4": 0.0,
        "5": 0.0,
        "6": 5.269241466808509,
        "7": 0.0,
        "8": 0.0,
        "9": 0.0,
        "10": 0.0,
        "11": 0.0,
        "12": 0.0,
        "13": 0.0,
        "14": 0.0,
        "15": 2.659846770819339,
        "16": 3.004248552136607,
        "17": 20.56585675104715,
        "18": 5.871761448141925,
        "19": 0.0,
        "20": 0.0,
        "21": 8.72844643213417,
        "22": 3.0364567845351687,
        "23": 1.4335823941598704,
        "24": 28.03666831635826,
        "25": 0.0,
        "26": 0.0,
        "27": 9.009489341038616,
        "28": 0.0,
        "29": 0.0,
        "30": 16.544858635667936,
        "31": 0.0,
        "32": 0.0,
        "33": 20.091726753107878,
        "34": 13.458422313247297,
        "35": 0.0,
        "36": 0.0,
        "37": 34.87839698627732,
        "38": 46.17192551986494,
        "39": 27.21014595317874,
        "40": 0.0,
        "41": 0.0,
        "42": 1.5943602875142346,
        "43": 0.0,
        "44": 33.71981943440434,
        "45": 0.0,
        "46": 12.912303482391735,
        "47": 0.0,
        "48": 0.0,
        "49": 0.0,
        "50": 5.597867216384373,
        "51": 9.655960855625437,
        "52": 26.306463014647818,
        "53": 0.0,
        "54": 16.712973004990317,
        "55": 0.0,
        "56": 0.0,
        "57": 0.0,
        "58": 25.04343311863107,
        "59": 0.0,
        "60": 0.0,
        "61": 5.440010069018513,
        "62": 20.62109287978683,
        "63": 3.8377880558510356,
        "64": 5.842105037552358,
        "65": 50.721348682859855,
        "66": 17.103170409330346,
        "67": 10.577028428414678,
        "68": 0.0,
        "69": 0.0,
        "70": 87.88523258116459,
        "71": 23.752124962858943,
        "72": 39.0220287145537,
        "73": 41.42387766356023,
        "74": 20.64835644144739,
        "75": 5.529922934021897,
        "76": 4.47461355113137,
        "77": 26.3053041775338,
        "78": 0.0,
        "79": 6.655706036293736,
        "80": 0.0,
        "81": 10.635262545564842,
        "82": 70.86801811538271,
        "83": 12.668827153582924,
        "84": 0.0,
        "85": 0.0,
        "86": 31.282717389782647,
        "87": 29.985493718555176,
        "88": 11.412518136226481,
        "89": 25.84263138893766,
        "90": 8.127357393535931,
        "91": 0.0,
        "92": 14.794066885184293,
        "93": 0.0,
        "94": 55.123118462529874,
        "95": 11.473898661208182,
        "96": 0.0,
        "97": 20.945890325331447,
        "98": 0.0,
        "99": 19.240759662607616,
        "100": 0.0
    },
    "total_utility": 1069.754525296922
}