{
    "1": 0.0,
    "2": 0.0,
    "3": 0.0,
    "4": 0.0,
    "5": 0.0,
    "6": 0.0,
    "7": 0.0,
    "8": 0.0,
    "9": 0.0,
    "10": 4.380840353154298,
    "11": 25.464860978086037,
    "12": 25.464860978086037,
    "13": 25.464860978086037,
    "14": 34.77378771174632,
    "15": 38.55766504991232,
    "16": 69.27642966622604,
    "17": 83.27220149827703,
    "18": 116.77841494921485,
    "19": 174.31696700287424,
    "20": 174.31696700287424,
    "21": 188.78084527547728,
    "22": 188.78084527547728,
    "23": 188.78084527547728,
    "24": 225.65509022668053,
    "25": 225.65509022668053,
    "26": 241.18112255669243,
    "27": 254.12288826731157,
    "28": 295.4311839203424,
    "29": 348.71148706270424,
    "30": 380.81400861271993,
    "31": 475.9823556467287,
    "32": 478.24723367130946,
    "33": 478.24723367130946,
    "34": 527.0268438616026,
    "35": 534.80514760536,
    "36": 573.5154324601699,
    "37": 583.1997788797886,
    "38": 587.2584626663765,
    "39": 603.2167212662168,
    "40": 660.522939871584,
    "41": 778.0593214372965,
    "42": 780.5657416774626,
    "43": 780.5657416774626,
    "44": 807.4720360110734,
    "45": 857.2112391883053,
    "46": 857.2112391883053,
    "47": 861.3436451505141,
    "48": 912.3692806841143,
    "49": 941.383234481513,
    "50": 964.7314593941597,
    "51": 1063.163827489326,
    "52": 1067.6014986511234,
    "53": 1083.299150682318,
    "54": 1083.299150682318,
    "55": 1111.3032602203862,
    "56": 1115.2272307795045,
    "57": 1119.4216737701213,
    "58": 1167.9276407737555,
    "59": 1167.9276407737555,
    "60": 1194.9133174717567,
    "61": 1242.0523050046459,
    "62": 1327.1080679706106,
    "63": 1332.4193049018995,
    "64": 1332.7586988412934,
    "65": 1361.9683240813326,
    "66": 1388.8302907039347,
    "67": 1407.647786079161,
    "68": 1429.37083796055,
    "69": 1469.5230741767746,
    "70": 1469.5230741767746,
    "71": 1469.5230741767746,
    "72": 1490.5919789729583,
    "73": 1530.3938389090604,
    "74": 1592.8369798091137,
    "75": 1599.9608022794243,
    "76": 1641.4649412604533,
    "77": 1670.3722329679647,
    "78": 1698.691435823682,
    "79": 1710.8179424610319,
    "80": 1774.7801229609063,
    "81": 1819.6409748471538,
    "82": 1907.6971008993337,
    "83": 1928.50221755153,
    "84": 1965.478635311405,
    "85": 2016.9593210025557,
    "86": 2023.0285538980254,
    "87": 2068.258941104335,
    "88": 2108.916350201987,
    "89": 2148.1356063273074,
    "90": 2189.6830025302756,
    "91": 2210.1750914865897,
    "92": 2266.791888134669,
    "93": 2303.7950739322873,
    "94": 2350.749553835089,
    "95": 2368.3731145307233,
    "96": 2393.4396902546778,
    "97": 2435.7771458770467,
    "98": 2445.597064836151,
    "99": 2494.431421878742,
    "100": 2540.397944437398
}