{
    "0": {
        "5": 0.0
    },
    "1": {
        "2": 0.0,
        "6": 0.0,
        "7": 0.0
    },
    "2": {
        "1": 0.0
    },
    "3": {
        "8": 0.0
    },
    "4": {
        "4": 0.0
    },
    "5": {
        "0": 0.0,
        "3": 0.0
    },
    "6": {
        "0": 0.0
    },
    "7": {},
    "8": {},
    "9": {
        "3": 0.04380840353154298
    },
    "10": {
        "4": 0.2108402062493174
    },
    "11": {},
    "12": {},
    "13": {
        "7": 0.09308926733660292
    },
    "14": {
        "5": 0.03783877338166009
    },
    "15": {
        "2": 0.3071876461631366
    },
    "16": {
        "8": 0.13995771832050985,
        "15": 0.0
    },
    "17": {
        "4": 0.3350621345093783
    },
    "18": {
        "0": 0.14218042801970396,
        "3": 0.433205092516887,
        "9": 0.0,
        "10": 0.0
    },
    "19": {
        "13": 0.0
    },
    "20": {
        "0": 0.14463878272603037,
        "20": 0.0,
        "22": 0.0
    },
    "21": {
        "23": 0.0
    },
    "22": {
        "14": 0.0
    },
    "23": {
        "4": 0.3687424495120321,
        "11": 0.0
    },
    "24": {
        "12": 0.0,
        "16": 0.0,
        "19": 0.0
    },
    "25": {
        "6": 0.06271882193515839,
        "7": 0.09254150136496186,
        "17": 0.0,
        "21": 0.0
    },
    "26": {
        "5": 0.032707102502707135,
        "14": 0.09671055460348482
    },
    "27": {
        "2": 0.3174597279653997,
        "7": 0.09562322856490706,
        "18": 0.0
    },
    "28": {
        "8": 0.183711490885016,
        "15": 0.34909154053860036
    },
    "29": {
        "4": 0.3210252155001539
    },
    "30": {
        "0": 0.11191409870986474,
        "3": 0.44719996661536726,
        "10": 0.0865257160952401,
        "16": 0.3060436889196227
    },
    "31": {
        "20": 0.022648780245806955,
        "22": 0.0
    },
    "32": {
        "24": 0.0
    },
    "33": {
        "4": 0.2598623493118608,
        "11": 0.2279337525910673
    },
    "34": {
        "12": 0.04000371948759282,
        "19": 0.03777931794998048
    },
    "35": {
        "6": 0.12221130246359602,
        "7": 0.07634333589165959,
        "17": 0.024238295174269613,
        "21": 0.1643099150185682
    },
    "36": {
        "14": 0.09684346419618606
    },
    "37": {
        "5": 0.04227795611029087
    },
    "38": {
        "6": 0.09413312911821586,
        "7": 0.06544945688018158
    },
    "39": {
        "8": 0.21147801767488655,
        "15": 0.3208715487647184,
        "20": 0.0407126196140617
    },
    "40": {
        "0": 0.0884514196120786,
        "3": 0.4099463157689447,
        "10": 0.24294372441492007,
        "16": 0.4340223558611788
    },
    "41": {
        "20": 0.025064202401661073
    },
    "42": {
        "24": 0.0
    },
    "43": {
        "10": 0.26906294333610625
    },
    "44": {
        "4": 0.31155023427896267,
        "11": 0.1858417974933609,
        "26": 0.0
    },
    "45": {
        "25": 0.0
    },
    "46": {
        "12": 0.024832335424387796,
        "19": 0.016491724197702676
    },
    "47": {
        "7": 0.03774747281028096,
        "17": 0.024725858753477787,
        "18": 0.23084459147700695,
        "21": 0.2169384322952378
    },
    "48": {
        "18": 0.29013953797398667
    },
    "49": {
        "15": 0.18654102592260446,
        "20": 0.04694122320386336
    },
    "50": {
        "0": 0.11079134478734719,
        "3": 0.3798368697675984,
        "10": 0.2516499531415062,
        "16": 0.24204551325521798,
        "30": 0.0
    },
    "51": {
        "13": 0.04437671161797138
    },
    "52": {
        "0": 0.13632078331313457,
        "20": 0.020655736998805425
    },
    "53": {
        "31": 0.0
    },
    "54": {
        "10": 0.2800410953806861,
        "27": 0.0
    },
    "55": {
        "25": 0.03923970559117827
    },
    "56": {
        "7": 0.04194442990616579,
        "29": 0.0
    },
    "57": {
        "6": 0.14750442531240665,
        "7": 0.0769346470882565,
        "21": 0.2606205976356744
    },
    "58": {
        "28": 0.0
    },
    "59": {
        "7": 0.04237006546060771,
        "18": 0.22748670151940606
    },
    "60": {
        "8": 0.20317561671401316,
        "15": 0.2682142586148604
    },
    "61": {
        "10": 0.25942890799708546,
        "16": 0.35344566944156725,
        "19": 0.01942994358096104,
        "30": 0.21825310864005293
    },
    "62": {
        "13": 0.05311236931289277
    },
    "63": {
        "20": 0.01414141414141414
    },
    "64": {
        "31": 0.2920962524003972
    },
    "65": {
        "10": 0.2686196662260206
    },
    "66": {
        "11": 0.18817495375227625
    },
    "67": {
        "29": 0.21723051881389485
    },
    "68": {
        "6": 0.13058787821918863,
        "7": 0.0552180790572707,
        "21": 0.21571640488578786
    },
    "69": {
        "32": 0.0
    },
    "70": {
        "33": 0.0
    },
    "71": {
        "6": 0.16540747464809527,
        "7": 0.045281573313744855
    },
    "72": {
        "15": 0.39801859936101563,
        "20": 0
    },
    "73": {
        "16": 0.23279172003384274,
        "19": 0.01553338417922684,
        "30": 0.3761063047874788
    },
    "74": {
        "13": 0.07123822470310374
    },
    "75": {
        "31": 0.41504138981029365
    },
    "76": {
        "10": 0.22155368122912897,
        "27": 0.06751923584598886
    },
    "77": {
        "4": 0.28319202855718756
    },
    "78": {
        "25": 0.1212650663734928
    },
    "79": {
        "7": 0.054786154726648766,
        "18": 0.2809989601285481,
        "29": 0.3038366901435505
    },
    "80": {
        "18": 0.23819468309717273,
        "21": 0.21041383576532385
    },
    "81": {
        "28": 0.4056020164487519,
        "32": 0.4749592440730423
    },
    "82": {
        "18": 0.20805116652196443
    },
    "83": {
        "15": 0.3697641775987486,
        "20": 0
    },
    "84": {
        "0": 0.16342287173787806,
        "30": 0.35138398517363145
    },
    "85": {
        "5": 0,
        "13": 0.0606923289546979
    },
    "86": {
        "9": 0.4523038720630813
    },
    "87": {
        "17": 0.029677509095705653,
        "31": 0.376896581880821
    },
    "88": {
        "28": 0.39219256125320084
    },
    "89": {
        "10": 0.2269609162627318,
        "27": 0.18851304576694855
    },
    "90": {
        "25": 0.20492088956312834
    },
    "91": {
        "7": 0.046373095113054756,
        "18": 0.22452430802372067,
        "29": 0.2952705633440257
    },
    "92": {
        "6": 0.1356411720770569,
        "7": 0.0447974351589083,
        "21": 0.1895932507401989,
        "34": 0.0
    },
    "93": {
        "32": 0.4695447990280387
    },
    "94": {
        "18": 0.176235606956351
    },
    "95": {
        "15": 0.25066575723955187,
        "20": 0
    },
    "96": {
        "19": 0.010515373375752583,
        "22": 0.07175864409717361,
        "30": 0.34110053875076035
    },
    "97": {
        "5": 0,
        "13": 0.09819918959103481
    },
    "98": {
        "9": 0.488343570425899
    },
    "99": {
        "31": 0.4596652255865657
    }
}