{
    "time_step_utility_dict": {
        "1": 0.0,
        "2": 0.0,
        "3": 0.0,
        "4": 0.0,
        "5": 0.0,
        "6": 0.0,
        "7": 0.0,
        "8": 0.0,
        "9": 0.0,
        "10": 4.380840353154298,
        "11": 21.08402062493174,
        "12": 0.0,
        "13": 0.0,
        "14": 9.308926733660286,
        "15": 3.7838773381660005,
        "16": 30.718764616313713,
        "17": 13.995771832050991,
        "18": 33.50621345093782,
        "19": 57.53855205365939,
        "20": 0.0,
        "21": 14.46387827260304,
        "22": 0.0,
        "23": 0.0,
        "24": 36.87424495120325,
        "25": 0.0,
        "26": 15.526032330011901,
        "27": 12.941765710619137,
        "28": 41.308295653030825,
        "29": 53.280303142361845,
        "30": 32.102521550015695,
        "31": 95.16834703400878,
        "32": 2.264878024580753,
        "33": 0.0,
        "34": 48.77961019029317,
        "35": 7.778303743757419,
        "36": 38.710284854809856,
        "37": 9.684346419618691,
        "38": 4.058683786587949,
        "39": 15.958258599840292,
        "40": 57.30621860536712,
        "41": 117.53638156571253,
        "42": 2.5064202401661078,
        "43": 0.0,
        "44": 26.906294333610845,
        "45": 49.73920317723184,
        "46": 0.0,
        "47": 4.13240596220885,
        "48": 51.025635533600166,
        "49": 29.0139537973987,
        "50": 23.348224912646742,
        "51": 98.43236809516623,
        "52": 4.437671161797425,
        "53": 15.697652031194593,
        "54": 0.0,
        "55": 28.004109538068178,
        "56": 3.9239705591182883,
        "57": 4.194442990616835,
        "58": 48.50596700363417,
        "59": 0.0,
        "60": 26.98567669800127,
        "61": 47.13898753288913,
        "62": 85.05576296596473,
        "63": 5.311236931288931,
        "64": 0.3393939393938581,
        "65": 29.20962524003926,
        "66": 26.86196662260204,
        "67": 18.817495375226372,
        "68": 21.723051881388983,
        "69": 40.15223621622454,
        "70": 0.0,
        "71": 0.0,
        "72": 21.068904796183688,
        "73": 39.80185993610212,
        "74": 62.44314090005332,
        "75": 7.1238224703106425,
        "76": 41.50413898102897,
        "77": 28.907291707511376,
        "78": 28.31920285571732,
        "79": 12.126506637349848,
        "80": 63.96218049987442,
        "81": 44.860851886247474,
        "82": 88.05612605217993,
        "83": 20.805116652196375,
        "84": 36.97641775987495,
        "85": 51.48068569115071,
        "86": 6.069232895469668,
        "87": 45.230387206309615,
        "88": 40.65740909765191,
        "89": 39.2192561253205,
        "90": 41.54739620296823,
        "91": 20.49208895631409,
        "92": 56.616796648079344,
        "93": 37.003185797618244,
        "94": 46.95447990280172,
        "95": 17.623560695634296,
        "96": 25.06657572395443,
        "97": 42.33745562236891,
        "98": 9.819918959104143,
        "99": 48.834357042591364,
        "100": 45.966522558655925
    },
    "total_utility": 2540.397944437398
}