{
    "0": {
        "5": 0.0
    },
    "1": {
        "0": 0.0,
        "3": 0.0,
        "8": 0.0
    },
    "2": {
        "1": 0.0
    },
    "3": {
        "6": 0.0
    },
    "4": {
        "7": 0.0
    },
    "5": {
        "2": 0.0,
        "4": 0.0
    },
    "6": {
        "4": 0.0,
        "9": 0.0
    },
    "7": {},
    "8": {},
    "9": {
        "2": 0.0
    },
    "10": {
        "7": 0.0
    },
    "11": {},
    "12": {},
    "13": {
        "3": 0.13067087102262392
    },
    "14": {
        "5": 0.05998491604713292
    },
    "15": {
        "8": 0.3221055599364611
    },
    "16": {
        "6": 0.07790243872712171,
        "14": 0.0
    },
    "17": {
        "7": 0.13527826140749344
    },
    "18": {
        "2": 0.06123452517772093,
        "4": 0.0,
        "10": 0.0,
        "15": 0.0
    },
    "19": {
        "12": 0.0
    },
    "20": {
        "4": 0.0,
        "9": 0.027622606988949108,
        "13": 0.0
    },
    "21": {
        "11": 0.0
    },
    "22": {
        "16": 0.0
    },
    "23": {
        "7": 0.15858529974525626
    },
    "24": {},
    "25": {
        "0": 0.2662754856194672,
        "3": 0.12053407997202367
    },
    "26": {
        "5": 0.1224540037750768,
        "16": 0.0
    },
    "27": {
        "3": 0.1473997348553234,
        "8": 0.367205374342859
    },
    "28": {
        "6": 0.18142881702477015,
        "14": 0.0
    },
    "29": {
        "7": 0.12051187269900784
    },
    "30": {
        "2": 0.06625827027963993,
        "4": 0.0,
        "10": 0.12830171627796896,
        "19": 0.0
    },
    "31": {
        "9": 0.13097729777703868,
        "13": 0.021720949156788915
    },
    "32": {
        "22": 0.0
    },
    "33": {
        "7": 0.1067077513293568,
        "17": 0.0
    },
    "34": {
        "18": 0.0,
        "21": 0.0
    },
    "35": {
        "0": 0.27823558810238347,
        "3": 0.15743106944805155,
        "20": 0.0,
        "23": 0.0
    },
    "36": {
        "16": 0.20512039604519192
    },
    "37": {
        "5": 0.1730472757289144
    },
    "38": {
        "0": 0.277110109411473,
        "3": 0.09929806829586718
    },
    "39": {
        "6": 0.15083846567722214,
        "13": 0.0,
        "14": 0.3317159898870596
    },
    "40": {
        "2": 0.05335015812473899,
        "4": 0.0,
        "10": 0.25090353258249176,
        "19": 0.252494624869721
    },
    "41": {
        "13": 0.011873351482153658
    },
    "42": {
        "22": 0.07366767456689423
    },
    "43": {
        "10": 0.25168115370865707
    },
    "44": {
        "7": 0.11764706449859495,
        "17": 0.2580534084588162,
        "24": 0.0
    },
    "45": {
        "25": 0.0
    },
    "46": {
        "18": 0.22780123192879437,
        "21": 0.024133310287637832
    },
    "47": {
        "3": 0.11534193936328846,
        "20": 0.05105051444595791,
        "23": 0.19896534882105196,
        "26": 0.0
    },
    "48": {
        "26": 0.0
    },
    "49": {
        "13": 0.02071955209185913,
        "14": 0.23090389205877887
    },
    "50": {
        "2": 0.07354854442352178,
        "4": 0.0,
        "10": 0.22382648957048246,
        "19": 0.316849095292511,
        "29": 0.0
    },
    "51": {
        "12": 0.22204189838231617
    },
    "52": {
        "4": 0.0,
        "13": 0.004648251278440069
    },
    "53": {
        "27": 0.0
    },
    "54": {
        "10": 0.25103832340420884,
        "30": 0.0
    },
    "55": {
        "25": 0.0
    },
    "56": {
        "3": 0.1439872924236732,
        "31": 0.0
    },
    "57": {
        "0": 0.22766879158152536,
        "3": 0.13887211274943603,
        "23": 0.20314756187056635
    },
    "58": {
        "28": 0.0
    },
    "59": {
        "3": 0.1492130594169085,
        "26": 0.0
    },
    "60": {
        "6": 0.14420655422792325,
        "14": 0.2935064672219778
    },
    "61": {
        "10": 0.25067884204550184,
        "19": 0.20733572884932022,
        "21": 0.07118459968935431,
        "29": 0.0
    },
    "62": {
        "12": 0.30150769434709085
    },
    "63": {
        "13": 0.020248917748917752
    },
    "64": {
        "27": 0.0
    },
    "65": {
        "10": 0.2673572587799721
    },
    "66": {
        "17": 0.3507951495383778
    },
    "67": {
        "31": 0.0
    },
    "68": {
        "0": 0.22083143133812075,
        "3": 0.09039242841171319,
        "23": 0.2145273335577455
    },
    "69": {
        "33": 0.0
    },
    "70": {
        "32": 0.0
    },
    "71": {
        "0": 0.23281075071582535,
        "3": 0.13938987883963697
    },
    "72": {
        "13": 0,
        "14": 0.29599742508144616
    },
    "73": {
        "19": 0.292766704331753,
        "21": 0.07171243285561807,
        "29": 0.28136945604257485
    },
    "74": {
        "12": 0.33049289056946823
    },
    "75": {
        "27": 0.2881245438304317
    },
    "76": {
        "10": 0.24995094310007,
        "30": 0.00047358452689551635
    },
    "77": {
        "7": 0.1903971545285172
    },
    "78": {
        "25": 0.13021277389462863
    },
    "79": {
        "3": 0.1246867605571815,
        "26": 0.0,
        "31": 0.19103984189578432
    },
    "80": {
        "23": 0.22631240551510876,
        "26": 0.0
    },
    "81": {
        "28": 0.3464964493446954,
        "33": 0.36807378656034956
    },
    "82": {
        "26": 0.0
    },
    "83": {
        "13": 0,
        "14": 0.2884469333498229
    },
    "84": {
        "4": 0.0,
        "29": 0.27848018444918615
    },
    "85": {
        "5": 0,
        "12": 0.2860593291190467
    },
    "86": {
        "15": 0.5146624109514929
    },
    "87": {
        "20": 0.3217220834208647,
        "27": 0.25346345224160627
    },
    "88": {
        "28": 0.3903481804236393
    },
    "89": {
        "10": 0.2594866953077563,
        "30": 0.16932631338464596
    },
    "90": {
        "25": 0.13488734294994906
    },
    "91": {
        "3": 0.08038205698427464,
        "26": 0.0,
        "31": 0.20824828866313475
    },
    "92": {
        "0": 0.19989976140463955,
        "3": 0.059904616422466556,
        "23": 0.22263100144749892,
        "34": 0.0
    },
    "93": {
        "33": 0.45136198146146983
    },
    "94": {
        "26": 0.0
    },
    "95": {
        "13": 0,
        "14": 0.14906963454516364
    },
    "96": {
        "9": 0.10405215513965739,
        "21": 0.03963699046215941,
        "29": 0.29930072449830325
    },
    "97": {
        "5": 0,
        "12": 0.36383990483086054
    },
    "98": {
        "15": 0.5628855020732003
    },
    "99": {
        "27": 0.33148351684500016
    }
}