{
    "1": 0.0,
    "2": 0.0,
    "3": 0.0,
    "4": 0.0,
    "5": 0.0,
    "6": 0.0,
    "7": 0.0,
    "8": 0.0,
    "9": 0.0,
    "10": 0.0,
    "11": 19.902631703357915,
    "12": 19.902631703357915,
    "13": 19.902631703357915,
    "14": 29.47359728527569,
    "15": 37.40035800250031,
    "16": 65.39357470952585,
    "17": 65.39357470952585,
    "18": 88.52386390394129,
    "19": 91.7085289931065,
    "20": 91.7085289931065,
    "21": 94.1429976912704,
    "22": 94.1429976912704,
    "23": 94.1429976912704,
    "24": 119.84322037629182,
    "25": 119.84322037629182,
    "26": 131.6723949640343,
    "27": 141.59391264386127,
    "28": 196.9072245110123,
    "29": 213.48906308947207,
    "30": 235.85538285854935,
    "31": 247.4205126688053,
    "32": 260.6135666364238,
    "33": 260.6135666364238,
    "34": 275.7901206037518,
    "35": 275.7901206037518,
    "36": 304.5256144186386,
    "37": 304.5256144186386,
    "38": 317.33919557558534,
    "39": 343.85567525364013,
    "40": 395.45254422170234,
    "41": 454.1535551511289,
    "42": 459.33889765398214,
    "43": 462.1405610213595,
    "44": 500.7992694754057,
    "45": 521.7098476549197,
    "46": 521.7098476549197,
    "47": 527.6108039547646,
    "48": 568.4209149896474,
    "49": 568.4209149896474,
    "50": 602.9152474566783,
    "51": 692.7776260338957,
    "52": 697.1578439135393,
    "53": 703.3689464909464,
    "54": 703.3689464909464,
    "55": 743.0986902520791,
    "56": 743.0986902520791,
    "57": 756.0695864281952,
    "58": 790.8454418879372,
    "59": 790.8454418879372,
    "60": 806.5761757995425,
    "61": 849.0169393856506,
    "62": 951.6632518455766,
    "63": 969.1596960465854,
    "64": 972.7068094637667,
    "65": 989.1616208553127,
    "66": 1028.933335319396,
    "67": 1061.0732130709819,
    "68": 1075.7697763758144,
    "69": 1112.8537196854004,
    "70": 1112.8537196854004,
    "71": 1112.8537196854004,
    "72": 1146.770024294274,
    "73": 1176.748104054496,
    "74": 1261.8776979598363,
    "75": 1287.6777988755116,
    "76": 1330.317525121693,
    "77": 1368.7627631092626,
    "78": 1391.6397113355056,
    "79": 1401.241495339826,
    "80": 1443.7421604541182,
    "81": 1463.474865928889,
    "82": 1525.036345884566,
    "83": 1525.036345884566,
    "84": 1552.2138985503295,
    "85": 1584.5594295329304,
    "86": 1603.6059922916688,
    "87": 1657.7228907417386,
    "88": 1723.296244463158,
    "89": 1765.106973839665,
    "90": 1820.1818023855783,
    "91": 1830.5898244622308,
    "92": 1866.2957257774908,
    "93": 1914.216032299102,
    "94": 1965.2387197705152,
    "95": 1965.2387197705152,
    "96": 1981.0123852204893,
    "97": 2027.647562672221,
    "98": 2053.4636894772257,
    "99": 2113.614409281247,
    "100": 2156.989523193376
}