{
    "0": {
        "1": 0.0
    },
    "1": {
        "5": 0.0,
        "6": 0.0,
        "9": 0.0
    },
    "2": {
        "4": 0.0
    },
    "3": {
        "8": 0.0
    },
    "4": {
        "7": 0.0
    },
    "5": {
        "2": 0.0,
        "3": 0.0
    },
    "6": {
        "0": 0.0,
        "3": 0.0
    },
    "7": {},
    "8": {},
    "9": {
        "2": 0.017823263329712544
    },
    "10": {
        "7": 0.19603426060173618
    },
    "11": {},
    "12": {},
    "13": {
        "5": 0.16400921591345566
    },
    "14": {
        "1": 0.05187347902653306
    },
    "15": {
        "9": 0.2910465155571799
    },
    "16": {
        "8": 0.07588690335588877,
        "23": 0.0
    },
    "17": {
        "7": 0.3025395342495667
    },
    "18": {
        "2": 0.226566214326146,
        "3": 0.20905019863372412,
        "10": 0.0,
        "13": 0.0
    },
    "19": {
        "11": 0.0
    },
    "20": {
        "0": 0.03898399783189012,
        "3": 0.18787462612928743,
        "22": 0.0
    },
    "21": {
        "20": 0.0
    },
    "22": {
        "12": 0.0
    },
    "23": {
        "7": 0.2807564260652916,
        "18": 0.0
    },
    "24": {
        "15": 0.0,
        "17": 0.0,
        "21": 0.0
    },
    "25": {
        "5": 0.22213826596844047,
        "6": 0.04256441000188268,
        "14": 0.0,
        "16": 0.0
    },
    "26": {
        "1": 0.033930000050729416,
        "12": 0.05006272938757877
    },
    "27": {
        "5": 0.2114205015935034,
        "9": 0.35848881685502243,
        "19": 0.0
    },
    "28": {
        "8": 0.10435714127209154,
        "23": 0.12497975762805578
    },
    "29": {
        "7": 0.26385972540263664
    },
    "30": {
        "2": 0.2677741771851979,
        "3": 0.14880963242733233,
        "10": 0.05969399956207794,
        "15": 0.28679823265078586
    },
    "31": {
        "0": 0.05133230479774083,
        "22": 0.023527298534264798
    },
    "32": {
        "24": 0.0
    },
    "33": {
        "7": 0.19687238387393224,
        "18": 0.2592707528497522
    },
    "34": {
        "17": 0.032082637828117835,
        "21": 0.2552819021550196
    },
    "35": {
        "5": 0.20425637908673341,
        "6": 0.06295171143042629,
        "14": 0.012922554522267128,
        "16": 0.19740877558021602
    },
    "36": {
        "12": 0.055574724273091285
    },
    "37": {
        "1": 0.050560185174071647
    },
    "38": {
        "5": 0.175561590515873,
        "6": 0.058642617984526184
    },
    "39": {
        "8": 0.11169564862861331,
        "22": 0.006610341433870847,
        "23": 0.3037908930354704
    },
    "40": {
        "2": 0.30132871144228873,
        "3": 0.11085526081733885,
        "10": 0.1541506520765936,
        "15": 0.47911816839418975
    },
    "41": {
        "22": 0.009389824699750283
    },
    "42": {
        "24": 0.0
    },
    "43": {
        "10": 0.16455661994068374
    },
    "44": {
        "7": 0.24693658560280848,
        "18": 0.22706559801449394,
        "25": 0.0
    },
    "45": {
        "26": 0.0
    },
    "46": {
        "17": 0.021692124887109348,
        "21": 0.17430232475935184
    },
    "47": {
        "5": 0.21003999681852611,
        "14": 0.0051568515927471826,
        "16": 0.1816618091461387,
        "19": 0.18055404944156522
    },
    "48": {
        "19": 0.23082830293871748
    },
    "49": {
        "22": 0.013975671833505635,
        "23": 0.2390638903396322
    },
    "50": {
        "2": 0.3123733765059473,
        "3": 0.15527111028082483,
        "10": 0.1825371392485609,
        "15": 0.39807363226890863,
        "30": 0.0
    },
    "51": {
        "11": 0.044915858862892864
    },
    "52": {
        "3": 0.23431068579901435,
        "22": 0.00923611111111111
    },
    "53": {
        "28": 0.0
    },
    "54": {
        "10": 0.23482692772854544,
        "29": 0.0
    },
    "55": {
        "26": 0.060785682050675034
    },
    "56": {
        "5": 0.18663451093961939,
        "27": 0.0
    },
    "57": {
        "5": 0.18636691214978873,
        "6": 0.055922943430288585,
        "16": 0.21166298810669498
    },
    "58": {
        "31": 0.0
    },
    "59": {
        "5": 0.1835363856596584,
        "19": 0.20887521943233234
    },
    "60": {
        "8": 0.11651547454324689,
        "23": 0.28249028621948513
    },
    "61": {
        "10": 0.22636898343478934,
        "15": 0.45181908758067135,
        "17": 0.015889139991753752,
        "30": 0.2478311201514362
    },
    "62": {
        "11": 0.1035728841190864
    },
    "63": {
        "22": 0.0
    },
    "64": {
        "28": 0.31570940548167825
    },
    "65": {
        "10": 0.21608814783709274
    },
    "66": {
        "18": 0.283717602121868
    },
    "67": {
        "27": 0.2217081071124616
    },
    "68": {
        "5": 0.1490605445833805,
        "6": 0.0709693688804063,
        "16": 0.19211548256029679
    },
    "69": {
        "33": 0.0
    },
    "70": {
        "32": 0.0
    },
    "71": {
        "5": 0.20229864744043558,
        "6": 0.08622488251446603
    },
    "72": {
        "22": 0,
        "23": 0.25108729751986225
    },
    "73": {
        "15": 0.3383270652250046,
        "17": 0.018745438162377726,
        "30": 0.3867578893721291
    },
    "74": {
        "11": 0.18855790229398967
    },
    "75": {
        "28": 0.459685371308008
    },
    "76": {
        "10": 0.2090985923891254,
        "29": 0.0
    },
    "77": {
        "7": 0.27200818689783296
    },
    "78": {
        "26": 0.1275134840583085
    },
    "79": {
        "5": 0.1793863451280983,
        "19": 0.24629780208783944,
        "27": 0.27942183718536656
    },
    "80": {
        "16": 0.1898610084442821,
        "19": 0.23138095321283855
    },
    "81": {
        "31": 0.322537219729104,
        "33": 0.4881065415242329
    },
    "82": {
        "19": 0.22748795092851137
    },
    "83": {
        "22": 0,
        "23": 0.25266570421519174
    },
    "84": {
        "3": 0.2647884721147447,
        "30": 0.3118470902015524
    },
    "85": {
        "1": 0,
        "11": 0.1369392307766358
    },
    "86": {
        "13": 0.5850027486045124
    },
    "87": {
        "14": 0.012779555454287444,
        "28": 0.40034897548839377
    },
    "88": {
        "31": 0.37760353817028625
    },
    "89": {
        "10": 0.1974655185445888,
        "29": 0.0
    },
    "90": {
        "26": 0.1444599863537466
    },
    "91": {
        "5": 0.1693683649734392,
        "19": 0.2774517082571406,
        "27": 0.2878243767762208
    },
    "92": {
        "5": 0.18214029248762656,
        "6": 0.07689562352144219,
        "16": 0.2173480397961796,
        "34": 0.0
    },
    "93": {
        "33": 0.4808864235498857
    },
    "94": {
        "19": 0.2193365024578247
    },
    "95": {
        "22": 0,
        "23": 0.12772754521265284
    },
    "96": {
        "0": 0.05413407550067254,
        "17": 0.01803036635300994,
        "30": 0.3042974918639074
    },
    "97": {
        "1": 0,
        "11": 0.1966706208430429
    },
    "98": {
        "13": 0.6190612596521756
    },
    "99": {
        "28": 0.48801347993038496
    }
}