{
    "1": 0.0,
    "2": 0.0,
    "3": 0.0,
    "4": 0.0,
    "5": 0.0,
    "6": 0.0,
    "7": 0.0,
    "8": 0.0,
    "9": 0.0,
    "10": 0.0,
    "11": 0.0,
    "12": 0.0,
    "13": 0.0,
    "14": 13.067087102262393,
    "15": 19.06557870697569,
    "16": 51.276134700621796,
    "17": 59.06637857333395,
    "18": 72.5942047140833,
    "19": 78.71765723185536,
    "20": 78.71765723185536,
    "21": 81.47991793075025,
    "22": 81.47991793075025,
    "23": 81.47991793075025,
    "24": 97.33844790527587,
    "25": 97.33844790527587,
    "26": 136.01940446442495,
    "27": 148.26480484193277,
    "28": 199.72531576175115,
    "29": 217.86819746422813,
    "30": 229.9193847341289,
    "31": 249.37538338988983,
    "32": 264.64520808327256,
    "33": 264.64520808327256,
    "34": 275.3159832162084,
    "35": 275.3159832162084,
    "36": 318.8826489712517,
    "37": 339.3946885757709,
    "38": 356.0072270457468,
    "39": 393.648044816481,
    "40": 441.90349037290895,
    "41": 497.5783219306044,
    "42": 498.7656570788197,
    "43": 506.1324245355092,
    "44": 531.3005399063745,
    "45": 568.8705872021154,
    "46": 568.8705872021154,
    "47": 594.0640414237582,
    "48": 630.5998216867882,
    "49": 630.5998216867882,
    "50": 655.7621661018517,
    "51": 717.1845790305035,
    "52": 739.3887688687352,
    "53": 739.8535939965791,
    "54": 739.8535939965791,
    "55": 764.9574263370002,
    "56": 764.9574263370002,
    "57": 779.3561555793672,
    "58": 836.3250021995186,
    "59": 836.3250021995186,
    "60": 851.2463081412094,
    "61": 895.0176102861992,
    "62": 947.937527344617,
    "63": 978.0882967793262,
    "64": 978.5742708053002,
    "65": 978.5742708053002,
    "66": 1005.3099966832976,
    "67": 1040.389511637136,
    "68": 1040.389511637136,
    "69": 1092.964630967894,
    "70": 1092.964630967894,
    "71": 1092.964630967894,
    "72": 1130.1846939234395,
    "73": 1159.7844364315833,
    "74": 1224.369295754577,
    "75": 1257.4185848115244,
    "76": 1286.2310391945668,
    "77": 1311.273491957264,
    "78": 1330.3132074101147,
    "79": 1343.3344847995772,
    "80": 1374.907145044875,
    "81": 1397.5383855963864,
    "82": 1468.9954091868908,
    "83": 1468.9954091868908,
    "84": 1497.8401025218723,
    "85": 1525.6881209667915,
    "86": 1554.2940538786959,
    "87": 1605.760294973845,
    "88": 1663.2788485400915,
    "89": 1702.313666582455,
    "90": 1745.1949674516936,
    "91": 1758.6837017466892,
    "92": 1787.5467363114299,
    "93": 1835.790274238892,
    "94": 1880.9264723850392,
    "95": 1880.9264723850392,
    "96": 1895.8334358395557,
    "97": 1940.1324228495678,
    "98": 1976.5164133326539,
    "99": 2032.8049635399727,
    "100": 2065.9533152244762
}