{
    "0": {
        "9": 0.0
    },
    "1": {
        "3": 0.0,
        "4": 0.0,
        "7": 0.0
    },
    "2": {
        "6": 0.0
    },
    "3": {
        "0": 0.0
    },
    "4": {
        "2": 0.0
    },
    "5": {
        "1": 0.0,
        "8": 0.0
    },
    "6": {
        "5": 0.0,
        "8": 0.0
    },
    "7": {},
    "8": {},
    "9": {
        "1": 0.0
    },
    "10": {
        "2": 0.19902631703357926
    },
    "11": {},
    "12": {},
    "13": {
        "3": 0.09570965581917769
    },
    "14": {
        "9": 0.07926760717224617
    },
    "15": {
        "7": 0.2799321670702554
    },
    "16": {
        "0": 0.0,
        "15": 0.0
    },
    "17": {
        "2": 0.23130289194415388
    },
    "18": {
        "1": 0.031846650891651944,
        "8": 0.0,
        "13": 0.0,
        "14": 0.0
    },
    "19": {
        "11": 0.0
    },
    "20": {
        "5": 0.024344686981638688,
        "8": 0.0,
        "12": 0.0
    },
    "21": {
        "10": 0.0
    },
    "22": {},
    "23": {
        "2": 0.2570022268502145
    },
    "24": {},
    "25": {
        "3": 0.11829174587742475,
        "4": 0.0
    },
    "26": {
        "9": 0.0992151767982693
    },
    "27": {
        "3": 0.16450608333433847,
        "7": 0.3886270353371715
    },
    "28": {
        "0": 0.056983051859290285,
        "15": 0.10883533392530736
    },
    "29": {
        "2": 0.22366319769077475
    },
    "30": {
        "1": 0.026533585526090184,
        "8": 0.0,
        "14": 0.08911771257646976,
        "23": 0.0
    },
    "31": {
        "5": 0.1169934847035385,
        "12": 0.014937054972648191
    },
    "32": {
        "19": 0.0
    },
    "33": {
        "2": 0.15176553967328105,
        "16": 0.0
    },
    "34": {
        "21": 0.0,
        "22": 0.0
    },
    "35": {
        "3": 0.15802473822811813,
        "4": 0.12933019992075312,
        "18": 0.0,
        "20": 0.0
    },
    "36": {
        "17": 0.0
    },
    "37": {
        "9": 0.13347480371819492
    },
    "38": {
        "3": 0.11864045251295785,
        "4": 0.14652434426758976
    },
    "39": {
        "0": 0.108232284133846,
        "12": 0.06940779063731478,
        "15": 0.3383286149094636
    },
    "40": {
        "1": 0.032142334656403856,
        "8": 0.0,
        "14": 0.3290790543631651,
        "23": 0.22578872027469934
    },
    "41": {
        "12": 0.05185342502853298
    },
    "42": {
        "19": 0.02801663367377362
    },
    "43": {
        "14": 0.38658708454045976
    },
    "44": {
        "2": 0.20910578179513759,
        "16": 0.0,
        "26": 0.0
    },
    "45": {
        "24": 0.0
    },
    "46": {
        "21": 0.0,
        "22": 0.05900956299844658
    },
    "47": {
        "3": 0.1488989566462591,
        "18": 0.052760956335903206,
        "20": 0.20644119736666283,
        "25": 0.0
    },
    "48": {
        "25": 0.0
    },
    "49": {
        "12": 0.09702071079973136,
        "15": 0.24792261387057618
    },
    "50": {
        "1": 0.044317345893598856,
        "8": 0.0,
        "14": 0.3798742617984223,
        "23": 0.47443217808014937,
        "30": 0.0
    },
    "51": {
        "11": 0.043802178796437746
    },
    "52": {
        "8": 0.0,
        "12": 0.06211102577407157
    },
    "53": {
        "31": 0.0
    },
    "54": {
        "14": 0.3972974376113278,
        "28": 0.0
    },
    "55": {
        "24": 0.0
    },
    "56": {
        "3": 0.12970896176116034,
        "27": 0.0
    },
    "57": {
        "3": 0.14078137923580133,
        "4": 0.11200594305385217,
        "20": 0.09497123230776593
    },
    "58": {
        "29": 0.0
    },
    "59": {
        "3": 0.15730733911605316,
        "25": 0.0
    },
    "60": {
        "0": 0.10946129910535107,
        "15": 0.3149463367557338
    },
    "61": {
        "14": 0.40464196192160373,
        "22": 0.13784965316055994,
        "23": 0.30886189964325744,
        "30": 0.17510960987383634
    },
    "62": {
        "11": 0.1749644420100862
    },
    "63": {
        "12": 0.14779639238254919
    },
    "64": {
        "31": 0.16454811391546187
    },
    "65": {
        "14": 0.39771714464083224
    },
    "66": {
        "16": 0.32139877751585755
    },
    "67": {
        "27": 0.14696563304832197
    },
    "68": {
        "3": 0.11003344832695859,
        "4": 0.1348680767417283,
        "20": 0.1259379080271776
    },
    "69": {
        "33": 0.0
    },
    "70": {
        "32": 0.0
    },
    "71": {
        "3": 0.15657879755312526,
        "4": 0.1825842485355951
    },
    "72": {
        "12": 0,
        "15": 0.2997807976022179
    },
    "73": {
        "22": 0.10759583937373086,
        "23": 0.3942209753215538,
        "30": 0.3494791243581264
    },
    "74": {
        "11": 0.2580010091567585
    },
    "75": {
        "31": 0.42639726246181453
    },
    "76": {
        "14": 0.37228668695188794,
        "28": 0.012165692923807451
    },
    "77": {
        "2": 0.22876948226241395
    },
    "78": {
        "24": 0.09601784004320045
    },
    "79": {
        "3": 0.14377905676700253,
        "25": 0.0,
        "27": 0.28122759437591394
    },
    "80": {
        "20": 0.19732705474769918,
        "25": 0.0
    },
    "81": {
        "29": 0.3519151381414391,
        "33": 0.26369966141531853
    },
    "82": {
        "25": 0.0
    },
    "83": {
        "12": 0,
        "15": 0.2717755266576305
    },
    "84": {
        "8": 0.0,
        "30": 0.3234553098260121
    },
    "85": {
        "9": 0,
        "11": 0.19046562758739335
    },
    "86": {
        "13": 0.5411689845007017
    },
    "87": {
        "18": 0.2799440859557167,
        "31": 0.37578945125848384
    },
    "88": {
        "29": 0.41810729376506317
    },
    "89": {
        "14": 0.3600756110086134,
        "28": 0.19067267445051464
    },
    "90": {
        "24": 0.10408022076652458
    },
    "91": {
        "3": 0.11567300260575307,
        "25": 0.0,
        "27": 0.24138601054684666
    },
    "92": {
        "3": 0.11353721508857778,
        "4": 0.16199730787275374,
        "20": 0.20366854225479497,
        "34": 0.0
    },
    "93": {
        "33": 0.5102268747141308
    },
    "94": {
        "25": 0.0
    },
    "95": {
        "12": 0,
        "15": 0.1577366544997384
    },
    "96": {
        "5": 0.06397324058591003,
        "22": 0.07953306058852914,
        "30": 0.3228454733428766
    },
    "97": {
        "9": 0,
        "11": 0.2581612680500481
    },
    "98": {
        "13": 0.6015071980402211
    },
    "99": {
        "31": 0.433751139121296
    }
}