{
    "1": 0.0,
    "2": 0.0,
    "3": 0.0,
    "4": 0.0,
    "5": 0.0,
    "6": 0.0,
    "7": 0.0,
    "8": 0.0,
    "9": 0.0,
    "10": 0.0,
    "11": 0.0,
    "12": 0.0,
    "13": 0.0,
    "14": 0.0,
    "15": 3.3719093798217017,
    "16": 31.056551726386747,
    "17": 33.96720352919998,
    "18": 48.99251218998871,
    "19": 57.53495918787797,
    "20": 57.53495918787797,
    "21": 69.39278555200622,
    "22": 69.39278555200622,
    "23": 69.39278555200622,
    "24": 94.85255087599118,
    "25": 94.85255087599118,
    "26": 107.13159843830987,
    "27": 112.3217337849439,
    "28": 147.49195221506474,
    "29": 154.77528852419582,
    "30": 172.5526283037358,
    "31": 190.73126968936944,
    "32": 193.88519852136065,
    "33": 193.88519852136065,
    "34": 229.74233605909845,
    "35": 229.74233605909845,
    "36": 252.31393564616909,
    "37": 264.4930955468719,
    "38": 271.8098063245172,
    "39": 297.8038852239474,
    "40": 353.4804116811506,
    "41": 413.6947595618083,
    "42": 413.6947595618083,
    "43": 419.5228741659244,
    "44": 443.29364486486935,
    "45": 490.98262244911433,
    "46": 490.98262244911433,
    "47": 514.7426278583262,
    "48": 532.9120671001629,
    "49": 532.9120671001629,
    "50": 558.2129383359384,
    "51": 616.7355889247817,
    "52": 630.6725556791324,
    "53": 639.708768333015,
    "54": 639.708768333015,
    "55": 666.9450111072302,
    "56": 666.9450111072302,
    "57": 666.9450111072302,
    "58": 704.7944409959721,
    "59": 704.7944409959721,
    "60": 704.7944409959721,
    "61": 752.7258414811934,
    "62": 838.2297451474097,
    "63": 858.9519923596372,
    "64": 858.9519923596372,
    "65": 858.9519923596372,
    "66": 886.5173183899979,
    "67": 911.9696253760947,
    "68": 911.9696253760947,
    "69": 950.697254586195,
    "70": 950.697254586195,
    "71": 950.697254586195,
    "72": 971.3390941058686,
    "73": 1004.1317389431027,
    "74": 1075.279711293183,
    "75": 1099.130420321035,
    "76": 1119.29491597257,
    "77": 1142.563109953212,
    "78": 1164.0914494296987,
    "79": 1172.1555619866328,
    "80": 1191.9800585272449,
    "81": 1209.1064516632978,
    "82": 1274.210376552551,
    "83": 1274.210376552551,
    "84": 1304.2478392321543,
    "85": 1340.7914800457975,
    "86": 1364.7390410223343,
    "87": 1421.8335404682955,
    "88": 1469.3288369160987,
    "89": 1493.3217999209278,
    "90": 1530.6508008969442,
    "91": 1542.5873410205563,
    "92": 1565.6667242439814,
    "93": 1599.3164151925976,
    "94": 1648.9738700433857,
    "95": 1648.9738700433857,
    "96": 1668.179621798656,
    "97": 1705.7634613286698,
    "98": 1734.1857312033187,
    "99": 1792.2234245940188,
    "100": 1813.9125012858851
}