{
    "1": 0.0,
    "2": 0.0,
    "3": 0.0,
    "4": 0.0,
    "5": 0.0,
    "6": 0.0,
    "7": 0.0,
    "8": 0.0,
    "9": 0.0,
    "10": 1.7823263329712544,
    "11": 21.38575239314486,
    "12": 21.38575239314486,
    "13": 21.38575239314486,
    "14": 37.78667398449043,
    "15": 42.974021887143735,
    "16": 72.07867344286174,
    "17": 79.6673637784506,
    "18": 109.92131720340728,
    "19": 153.4829584993943,
    "20": 153.4829584993943,
    "21": 176.1688208955121,
    "22": 176.1688208955121,
    "23": 176.1688208955121,
    "24": 204.2444635020412,
    "25": 204.2444635020412,
    "26": 230.71473109907365,
    "27": 239.11400404290447,
    "28": 296.1049358877568,
    "29": 319.0386257777715,
    "30": 345.4245983180352,
    "31": 421.73220250057426,
    "32": 429.2181628337749,
    "33": 429.2181628337749,
    "34": 474.83247650614334,
    "35": 503.56893050445706,
    "36": 551.3228725664209,
    "37": 556.8803449937299,
    "38": 561.7341227704406,
    "39": 585.1545436204798,
    "40": 627.364231930275,
    "41": 731.909511203317,
    "42": 732.848493673292,
    "43": 732.848493673292,
    "44": 749.3041556673603,
    "45": 796.7043740290907,
    "46": 796.7043740290907,
    "47": 816.3038189937371,
    "48": 874.0450896936355,
    "49": 897.1279199875077,
    "50": 922.4318762048213,
    "51": 1027.2574020352458,
    "52": 1031.7489879215352,
    "53": 1056.103667612546,
    "54": 1056.103667612546,
    "55": 1079.5863603854002,
    "56": 1085.6649285904673,
    "57": 1104.3283796844305,
    "58": 1149.723664053108,
    "59": 1149.723664053108,
    "60": 1188.964824562307,
    "61": 1228.86540063858,
    "62": 1323.0562337544443,
    "63": 1333.4135221663528,
    "64": 1333.4135221663528,
    "65": 1364.9844627145205,
    "66": 1386.593277498231,
    "67": 1414.9650377104176,
    "68": 1437.1358484216653,
    "69": 1478.3503880240726,
    "70": 1478.3503880240726,
    "71": 1478.3503880240726,
    "72": 1507.202741019561,
    "73": 1532.3114707715472,
    "74": 1606.6945100474989,
    "75": 1625.5503002768971,
    "76": 1671.5188374076974,
    "77": 1692.42869664661,
    "78": 1719.6295153363933,
    "79": 1732.3808637422246,
    "80": 1802.891462182355,
    "81": 1845.0156583480675,
    "82": 1926.080034473401,
    "83": 1948.8288295662526,
    "84": 1974.095399987772,
    "85": 2031.758956219403,
    "86": 2045.4528792970664,
    "87": 2103.953154157517,
    "88": 2145.2660072517892,
    "89": 2183.0263610688203,
    "90": 2202.7729129232785,
    "91": 2217.218911558654,
    "92": 2290.68335655933,
    "93": 2338.321752139858,
    "94": 2386.4103944948474,
    "95": 2408.34404474063,
    "96": 2421.1167992618944,
    "97": 2458.762992633657,
    "98": 2478.4300547179637,
    "99": 2540.336180683178,
    "100": 2589.137528676217
}