{
    "0": {
        "7": 0.0
    },
    "1": {
        "1": 0.0,
        "3": 0.0,
        "8": 0.0
    },
    "2": {
        "6": 0.0
    },
    "3": {
        "2": 0.0
    },
    "4": {
        "0": 0.0
    },
    "5": {
        "4": 0.0,
        "9": 0.0
    },
    "6": {
        "5": 0.0,
        "9": 0.0
    },
    "7": {},
    "8": {},
    "9": {
        "4": 0.0
    },
    "10": {
        "0": 0.0
    },
    "11": {},
    "12": {},
    "13": {
        "3": 0.0
    },
    "14": {
        "7": 0.03371909379821702
    },
    "15": {
        "1": 0.2768464234656504
    },
    "16": {
        "2": 0.029106518028132564,
        "17": 0.0
    },
    "17": {
        "0": 0.15025308660788736
    },
    "18": {
        "4": 0.0,
        "9": 0.08542446997889247,
        "16": 0.0,
        "18": 0.0
    },
    "19": {
        "19": 0.0
    },
    "20": {
        "5": 0.021951656290646035,
        "9": 0.09662660735063638,
        "15": 0.0
    },
    "21": {
        "11": 0.0
    },
    "22": {
        "13": 0.0
    },
    "23": {
        "0": 0.2545976532398496,
        "12": 0.0
    },
    "24": {
        "10": 0.0,
        "14": 0.0
    },
    "25": {
        "3": 0.0,
        "8": 0.12279047562318617
    },
    "26": {
        "7": 0.0519013534663405,
        "13": 0.0
    },
    "27": {
        "1": 0.3517021843012067,
        "3": 0.0
    },
    "28": {
        "2": 0.07283336309130942,
        "17": 0.0
    },
    "29": {
        "0": 0.17777339779539905
    },
    "30": {
        "4": 0.0,
        "9": 0.07080617503124238,
        "14": 0.0,
        "16": 0.11098023882509452
    },
    "31": {
        "5": 0.03153928831991178,
        "15": 0.0
    },
    "32": {
        "22": 0.0
    },
    "33": {
        "0": 0.17379094143038185,
        "12": 0.18478043394699561
    },
    "34": {
        "10": 0.0,
        "21": 0.0
    },
    "35": {
        "3": 0.0,
        "8": 0.22571599587070634,
        "20": 0.0,
        "23": 0.0
    },
    "36": {
        "13": 0.12179159900702669
    },
    "37": {
        "7": 0.07621573726713853
    },
    "38": {
        "3": 0.0,
        "8": 0.2599407889943058
    },
    "39": {
        "2": 0.1442462643841462,
        "15": 0.0,
        "17": 0.41251900018788945
    },
    "40": {
        "4": 0.0,
        "9": 0.05350591261694805,
        "14": 0.29705282068815014,
        "16": 0.25158474550147814
    },
    "41": {
        "15": 0.0
    },
    "42": {
        "22": 0.05828114604116188
    },
    "43": {
        "16": 0.23770770698945015
    },
    "44": {
        "0": 0.18048300368837514,
        "12": 0.2964067721540693,
        "25": 0.0
    },
    "45": {
        "26": 0.0
    },
    "46": {
        "10": 0.1829097250584667,
        "21": 0.05469032903365154
    },
    "47": {
        "3": 0.0,
        "20": 0.13621467075942237,
        "23": 0.04547972165894903,
        "24": 0.0
    },
    "48": {
        "24": 0.0
    },
    "49": {
        "15": 0.0,
        "17": 0.25300871235775324
    },
    "50": {
        "4": 0.0,
        "9": 0.06659216082196034,
        "14": 0.24151917590802097,
        "16": 0.2771151691584564,
        "31": 0.0
    },
    "51": {
        "19": 0.13936966754350924
    },
    "52": {
        "9": 0.09036212653882514,
        "15": 0.0
    },
    "53": {
        "29": 0.0
    },
    "54": {
        "16": 0.272362427742155,
        "27": 0.0
    },
    "55": {
        "26": 0.0
    },
    "56": {
        "3": 0.0,
        "28": 0.0
    },
    "57": {
        "3": 0.0,
        "8": 0.19000677798333843,
        "20": 0.18848752090407517
    },
    "58": {
        "30": 0.0
    },
    "59": {
        "3": 0.0,
        "24": 0.0
    },
    "60": {
        "2": 0.15290051492286102,
        "17": 0.3264134899293519
    },
    "61": {
        "14": 0.31050981920474785,
        "16": 0.26168995143849894,
        "21": 0.10647368053016011,
        "31": 0.17636558548875958
    },
    "62": {
        "19": 0.20722247212227285
    },
    "63": {
        "15": 0.0
    },
    "64": {
        "29": 0.0
    },
    "65": {
        "16": 0.27565326030360315
    },
    "66": {
        "12": 0.25452306986096757
    },
    "67": {
        "28": 0.0
    },
    "68": {
        "3": 0.0,
        "8": 0.19658609865168267,
        "20": 0.19069019344932198
    },
    "69": {
        "33": 0.0
    },
    "70": {
        "32": 0.0
    },
    "71": {
        "3": 0.0,
        "8": 0.20641839519673674
    },
    "72": {
        "15": 0,
        "17": 0.32792644837234314
    },
    "73": {
        "14": 0.2949486564846794,
        "21": 0.07804339588315035,
        "31": 0.33848767113297823
    },
    "74": {
        "19": 0.23850709027850775
    },
    "75": {
        "29": 0.20164495651535527
    },
    "76": {
        "16": 0.23261793980642814,
        "27": 6.399999999999962e-05
    },
    "77": {
        "0": 0.21528339476486452
    },
    "78": {
        "26": 0.08064112556933604
    },
    "79": {
        "3": 0.0,
        "24": 0.0,
        "28": 0.1982449654061265
    },
    "80": {
        "20": 0.17126393136052967,
        "24": 0.0
    },
    "81": {
        "30": 0.1976546291714711,
        "33": 0.45338461972105726
    },
    "82": {
        "24": 0.0
    },
    "83": {
        "15": 0,
        "17": 0.300374626796048
    },
    "84": {
        "9": 0.07454703753424745,
        "31": 0.2908893706021965
    },
    "85": {
        "7": 0,
        "19": 0.2394756097653799
    },
    "86": {
        "18": 0.5709449944596081
    },
    "87": {
        "23": 0.29487446002443746,
        "29": 0.1800785044535901
    },
    "88": {
        "30": 0.23992963004829893
    },
    "89": {
        "16": 0.23438072945157068,
        "27": 0.1389092803085967
    },
    "90": {
        "26": 0.11936540123612842
    },
    "91": {
        "3": 0.0,
        "24": 0.0,
        "28": 0.2307938322342485
    },
    "92": {
        "3": 0.0,
        "8": 0.18798150482334852,
        "20": 0.148515404662822,
        "34": 0.0
    },
    "93": {
        "33": 0.496574548507879
    },
    "94": {
        "24": 0.0
    },
    "95": {
        "15": 0,
        "17": 0.19205751755270498
    },
    "96": {
        "5": 0.017131688287034555,
        "21": 0.04735035016686371,
        "31": 0.3113563568462375
    },
    "97": {
        "7": 0,
        "19": 0.2842226987465035
    },
    "98": {
        "18": 0.5803769339069951
    },
    "99": {
        "29": 0.21689076691866482
    }
}