{
    "time_step_utility_dict": {
        "1": 0.0,
        "2": 0.0,
        "3": 0.0,
        "4": 0.0,
        "5": 0.0,
        "6": 0.0,
        "7": 0.0,
        "8": 0.0,
        "9": 0.0,
        "10": 1.7823263329712544,
        "11": 19.603426060173604,
        "12": 0.0,
        "13": 0.0,
        "14": 16.40092159134557,
        "15": 5.187347902653308,
        "16": 29.104651555718007,
        "17": 7.588690335588865,
        "18": 30.253953424956677,
        "19": 43.561641295987016,
        "20": 0.0,
        "21": 22.685862396117813,
        "22": 0.0,
        "23": 0.0,
        "24": 28.0756426065291,
        "25": 0.0,
        "26": 26.470267597032432,
        "27": 8.399272943830823,
        "28": 56.990931844852355,
        "29": 22.933689890014648,
        "30": 26.385972540263708,
        "31": 76.30760418253908,
        "32": 7.485960333200637,
        "33": 0.0,
        "34": 45.61431367236844,
        "35": 28.73645399831372,
        "36": 47.75394206196381,
        "37": 5.557472427308994,
        "38": 4.8537777767107855,
        "39": 23.420420850039136,
        "40": 42.20968830979518,
        "41": 104.54527927304207,
        "42": 0.938982469974917,
        "43": 0.0,
        "44": 16.45566199406835,
        "45": 47.40021836173037,
        "46": 0.0,
        "47": 19.59944496464641,
        "48": 57.74127069989845,
        "49": 23.08283029387212,
        "50": 25.303956217313612,
        "51": 104.82552583042457,
        "52": 4.491585886289386,
        "53": 24.354679691010688,
        "54": 0.0,
        "55": 23.482692772854307,
        "56": 6.078568205067086,
        "57": 18.663451093963204,
        "58": 45.395284368677494,
        "59": 0.0,
        "60": 39.24116050919906,
        "61": 39.900576076272955,
        "62": 94.19083311586428,
        "63": 10.357288411908485,
        "64": 0.0,
        "65": 31.570940548167755,
        "66": 21.608814783710386,
        "67": 28.3717602121867,
        "68": 22.170810711247668,
        "69": 41.214539602407285,
        "70": 0.0,
        "71": 0.0,
        "72": 28.852352995488445,
        "73": 25.108729751986175,
        "74": 74.38303927595166,
        "75": 18.85579022939828,
        "76": 45.968537130800314,
        "77": 20.90985923891253,
        "78": 27.20081868978332,
        "79": 12.751348405831322,
        "80": 70.51059844013048,
        "81": 42.12419616571242,
        "82": 81.06437612533341,
        "83": 22.74879509285165,
        "84": 25.26657042151942,
        "85": 57.66355623163099,
        "86": 13.693923077663385,
        "87": 58.500274860450645,
        "88": 41.312853094272214,
        "89": 37.760353817031046,
        "90": 19.746551854458176,
        "91": 14.445998635375418,
        "92": 73.46444500067628,
        "93": 47.638395580527686,
        "94": 48.08864235498959,
        "95": 21.9336502457827,
        "96": 12.772754521264233,
        "97": 37.64619337176282,
        "98": 19.667062084306508,
        "99": 61.906125965214414,
        "100": 48.80134799303869
    },
    "total_utility": 2589.137528676217
}