{
    "time_step_utility_dict": {
        "1": 0.0,
        "2": 0.0,
        "3": 0.0,
        "4": 0.0,
        "5": 0.0,
        "6": 0.0,
        "7": 0.0,
        "8": 0.0,
        "9": 0.0,
        "10": 0.0,
        "11": 19.902631703357915,
        "12": 0.0,
        "13": 0.0,
        "14": 9.570965581917775,
        "15": 7.926760717224621,
        "16": 27.99321670702554,
        "17": 0.0,
        "18": 23.13028919441544,
        "19": 3.1846650891652075,
        "20": 0.0,
        "21": 2.434468698163897,
        "22": 0.0,
        "23": 0.0,
        "24": 25.70022268502143,
        "25": 0.0,
        "26": 11.829174587742486,
        "27": 9.921517679826962,
        "28": 55.313311867151015,
        "29": 16.58183857845978,
        "30": 22.36631976907728,
        "31": 11.56512981025594,
        "32": 13.19305396761851,
        "33": 0.0,
        "34": 15.176553967328005,
        "35": 0.0,
        "36": 28.73549381488681,
        "37": 0.0,
        "38": 12.813581156946725,
        "39": 26.516479678054793,
        "40": 51.59686896806221,
        "41": 58.70101092942656,
        "42": 5.185342502853246,
        "43": 2.80166336737733,
        "44": 38.658708454046234,
        "45": 20.910578179514005,
        "46": 0.0,
        "47": 5.900956299844893,
        "48": 40.810111034882766,
        "49": 0.0,
        "50": 34.49433246703097,
        "51": 89.86237857721733,
        "52": 4.380217879643624,
        "53": 6.211102577407132,
        "54": 0.0,
        "55": 39.72974376113268,
        "56": 0.0,
        "57": 12.97089617611607,
        "58": 34.77585545974205,
        "59": 0.0,
        "60": 15.730733911605284,
        "61": 42.44076358610812,
        "62": 102.64631245992598,
        "63": 17.496444201008785,
        "64": 3.547113417181322,
        "65": 16.454811391545945,
        "66": 39.7717144640834,
        "67": 32.1398777515858,
        "68": 14.69656330483258,
        "69": 37.08394330958595,
        "70": 0.0,
        "71": 0.0,
        "72": 33.91630460887359,
        "73": 29.978079760222045,
        "74": 85.12959390534024,
        "75": 25.80010091567533,
        "76": 42.63972624618145,
        "77": 38.4452379875695,
        "78": 22.87694822624303,
        "79": 9.601784004320507,
        "80": 42.50066511429213,
        "81": 19.732705474770682,
        "82": 61.56147995567699,
        "83": 0.0,
        "84": 27.177552665763642,
        "85": 32.34553098260085,
        "86": 19.046562758738446,
        "87": 54.11689845006981,
        "88": 65.57335372141938,
        "89": 41.81072937650697,
        "90": 55.074828545913306,
        "91": 10.408022076652514,
        "92": 35.70590131526001,
        "93": 47.92030652161111,
        "94": 51.02268747141329,
        "95": 0.0,
        "96": 15.773665449974033,
        "97": 46.635177451731806,
        "98": 25.816126805004615,
        "99": 60.150719804021264,
        "100": 43.37511391212911
    },
    "total_utility": 2156.989523193376
}