{
    "time_step_utility_dict": {
        "1": 0.0,
        "2": 0.0,
        "3": 0.0,
        "4": 0.0,
        "5": 0.0,
        "6": 0.0,
        "7": 0.0,
        "8": 0.0,
        "9": 0.0,
        "10": 0.0,
        "11": 0.0,
        "12": 0.0,
        "13": 0.0,
        "14": 13.067087102262393,
        "15": 5.998491604713296,
        "16": 32.21055599364611,
        "17": 7.7902438727121535,
        "18": 13.527826140749362,
        "19": 6.123452517772051,
        "20": 0.0,
        "21": 2.7622606988948917,
        "22": 0.0,
        "23": 0.0,
        "24": 15.858529974525624,
        "25": 0.0,
        "26": 38.680956559149095,
        "27": 12.24540037750782,
        "28": 51.460510919818375,
        "29": 18.142881702476984,
        "30": 12.051187269900765,
        "31": 19.455998655760936,
        "32": 15.269824693382759,
        "33": 0.0,
        "34": 10.67077513293583,
        "35": 0.0,
        "36": 43.56666575504329,
        "37": 20.512039604519202,
        "38": 16.612538469975902,
        "39": 37.6408177707342,
        "40": 48.25544555642796,
        "41": 55.67483155769543,
        "42": 1.1873351482153112,
        "43": 7.366767456689502,
        "44": 25.168115370865394,
        "45": 37.57004729574089,
        "46": 0.0,
        "47": 25.19345422164281,
        "48": 36.535780263030006,
        "49": 0.0,
        "50": 25.162344415063444,
        "51": 61.42241292865185,
        "52": 22.204189838231628,
        "53": 0.4648251278439375,
        "54": 0.0,
        "55": 25.10383234042115,
        "56": 0.0,
        "57": 14.398729242366926,
        "58": 56.96884662015145,
        "59": 0.0,
        "60": 14.921305941690775,
        "61": 43.77130214498982,
        "62": 52.91991705841781,
        "63": 30.15076943470922,
        "64": 0.48597402597397377,
        "65": 0.0,
        "66": 26.735725877997425,
        "67": 35.07951495383816,
        "68": 0.0,
        "69": 52.57511933075807,
        "70": 0.0,
        "71": 0.0,
        "72": 37.22006295554547,
        "73": 29.59974250814389,
        "74": 64.58485932299368,
        "75": 33.04928905694737,
        "76": 28.81245438304245,
        "77": 25.042452762697167,
        "78": 19.039715452850714,
        "79": 13.021277389462512,
        "80": 31.57266024529781,
        "81": 22.631240551511382,
        "82": 71.45702359050438,
        "83": 0.0,
        "84": 28.844693334981457,
        "85": 27.848018444919262,
        "86": 28.605932911904347,
        "87": 51.466241095149144,
        "88": 57.51855356624651,
        "89": 39.03481804236344,
        "90": 42.88130086923866,
        "91": 13.488734294995538,
        "92": 28.8630345647407,
        "93": 48.24353792746206,
        "94": 45.13619814614731,
        "95": 0.0,
        "96": 14.906963454516472,
        "97": 44.29898701001207,
        "98": 36.38399048308611,
        "99": 56.28855020731885,
        "100": 33.148351684503496
    },
    "total_utility": 2065.9533152244762
}