{
    "time_step_utility_dict": {
        "1": 0.0,
        "2": 0.0,
        "3": 0.0,
        "4": 0.0,
        "5": 0.0,
        "6": 0.0,
        "7": 0.0,
        "8": 0.0,
        "9": 0.0,
        "10": 0.0,
        "11": 0.0,
        "12": 0.0,
        "13": 0.0,
        "14": 0.0,
        "15": 3.3719093798217017,
        "16": 27.684642346565045,
        "17": 2.9106518028132307,
        "18": 15.025308660788731,
        "19": 8.542446997889265,
        "20": 0.0,
        "21": 11.857826364128243,
        "22": 0.0,
        "23": 0.0,
        "24": 25.459765323984968,
        "25": 0.0,
        "26": 12.27904756231868,
        "27": 5.190135346634037,
        "28": 35.17021843012084,
        "29": 7.283336309131073,
        "30": 17.77733977953997,
        "31": 18.178641385633654,
        "32": 3.153928831991209,
        "33": 0.0,
        "34": 35.8571375377378,
        "35": 0.0,
        "36": 22.571599587070637,
        "37": 12.179159900702842,
        "38": 7.316710777645255,
        "39": 25.994078899430235,
        "40": 55.67652645720318,
        "41": 60.214347880657726,
        "42": 0.0,
        "43": 5.828114604116081,
        "44": 23.770770698944943,
        "45": 47.68897758424498,
        "46": 0.0,
        "47": 23.76000540921183,
        "48": 18.1694392418367,
        "49": 0.0,
        "50": 25.300871235775503,
        "51": 58.52265058884336,
        "52": 13.936966754350692,
        "53": 9.036212653882558,
        "54": 0.0,
        "55": 27.23624277421527,
        "56": 0.0,
        "57": 0.0,
        "58": 37.84942988874184,
        "59": 0.0,
        "60": 0.0,
        "61": 47.931400485221275,
        "62": 85.50390366621639,
        "63": 20.722247212227444,
        "64": 0.0,
        "65": 0.0,
        "66": 27.565326030360666,
        "67": 25.4523069860968,
        "68": 0.0,
        "69": 38.727629210100304,
        "70": 0.0,
        "71": 0.0,
        "72": 20.64183951967368,
        "73": 32.79264483723409,
        "74": 71.1479723500803,
        "75": 23.850709027851963,
        "76": 20.164495651534935,
        "77": 23.26819398064208,
        "78": 21.528339476486735,
        "79": 8.064112556934106,
        "80": 19.824496540612017,
        "81": 17.12639313605291,
        "82": 65.10392488925322,
        "83": 0.0,
        "84": 30.037462679603323,
        "85": 36.54364081364315,
        "86": 23.947560976536806,
        "87": 57.09449944596122,
        "88": 47.495296447803184,
        "89": 23.992963004829107,
        "90": 37.32900097601646,
        "91": 11.936540123612076,
        "92": 23.07938322342511,
        "93": 33.649690948616126,
        "94": 49.6574548507881,
        "95": 0.0,
        "96": 19.205751755270285,
        "97": 37.58383953001385,
        "98": 28.42226987464892,
        "99": 58.03769339070004,
        "100": 21.689076691866376
    },
    "total_utility": 1813.9125012858851
}