{
    "1": 0.0,
    "2": 0.0,
    "3": 0.0,
    "4": 0.0,
    "5": 0.0,
    "6": 0.0,
    "7": 0.0,
    "8": 0.0,
    "9": 0.0,
    "10": 3.9970900605754536,
    "11": 21.31060026967469,
    "12": 21.31060026967469,
    "13": 21.31060026967469,
    "14": 30.99491470669701,
    "15": 35.74148641773666,
    "16": 61.58373140965379,
    "17": 72.16967305794954,
    "18": 102.61377169926392,
    "19": 155.74804671546946,
    "20": 155.74804671546946,
    "21": 173.4431786246689,
    "22": 173.4431786246689,
    "23": 173.4431786246689,
    "24": 207.49994771444236,
    "25": 207.49994771444236,
    "26": 225.24668608362148,
    "27": 234.25670946629273,
    "28": 281.59068440459976,
    "29": 323.2628099023065,
    "30": 352.130655972939,
    "31": 445.22064711466055,
    "32": 451.5985841516129,
    "33": 451.5985841516129,
    "34": 501.3337474095437,
    "35": 531.137195716281,
    "36": 568.9371877306944,
    "37": 575.8465021853463,
    "38": 578.7572408278934,
    "39": 594.0939952222111,
    "40": 645.5414492855558,
    "41": 760.2084955876492,
    "42": 760.5164862700393,
    "43": 760.5164862700393,
    "44": 788.6903381619867,
    "45": 845.8798274177419,
    "46": 845.8798274177419,
    "47": 863.778066972565,
    "48": 913.8795839406077,
    "49": 942.9636920918757,
    "50": 966.3019689745089,
    "51": 1073.4372166347575,
    "52": 1077.7988440931601,
    "53": 1098.5415458586854,
    "54": 1098.5415458586854,
    "55": 1127.0170205367385,
    "56": 1132.491564452129,
    "57": 1143.9016622123977,
    "58": 1194.886349092576,
    "59": 1194.886349092576,
    "60": 1234.0358028773812,
    "61": 1282.0900452847675,
    "62": 1382.787193768265,
    "63": 1392.1710277336522,
    "64": 1392.1710277336522,
    "65": 1418.6301955927,
    "66": 1445.695156612445,
    "67": 1475.7621030007092,
    "68": 1495.227396108679,
    "69": 1539.9872886545786,
    "70": 1539.9872886545786,
    "71": 1539.9872886545786,
    "72": 1570.808365130163,
    "73": 1604.1893566952858,
    "74": 1672.0037555272972,
    "75": 1687.585747550096,
    "76": 1732.1666448051838,
    "77": 1756.4498008940536,
    "78": 1784.8931583577196,
    "79": 1794.7584727776289,
    "80": 1872.306309193243,
    "81": 1920.122544974662,
    "82": 2003.9546359722478,
    "83": 2030.3773331305117,
    "84": 2062.030483289472,
    "85": 2109.868910503067,
    "86": 2121.027060684146,
    "87": 2178.6006643987075,
    "88": 2218.0040575285184,
    "89": 2258.9732304165077,
    "90": 2282.3879682225006,
    "91": 2297.565408226822,
    "92": 2369.2279723690167,
    "93": 2411.722680281693,
    "94": 2457.631246091673,
    "95": 2479.3832809514442,
    "96": 2496.202369110887,
    "97": 2529.013832351496,
    "98": 2548.742434955282,
    "99": 2611.6311120140667,
    "100": 2658.821958575335
}