{
    "0": {
        "0": 0.0
    },
    "1": {
        "5": 0.0,
        "6": 0.0,
        "9": 0.0
    },
    "2": {
        "7": 0.0
    },
    "3": {
        "2": 0.0
    },
    "4": {
        "1": 0.0
    },
    "5": {
        "4": 0.0,
        "8": 0.0
    },
    "6": {
        "3": 0.0,
        "8": 0.0
    },
    "7": {},
    "8": {},
    "9": {
        "4": 0.039970900605754534
    },
    "10": {
        "1": 0.1731351020909924
    },
    "11": {},
    "12": {},
    "13": {
        "6": 0.09684314437022311
    },
    "14": {
        "0": 0.04746571711039636
    },
    "15": {
        "5": 0.2584224499191715
    },
    "16": {
        "2": 0.10585941648295792,
        "13": 0.0
    },
    "17": {
        "1": 0.3044409864131437
    },
    "18": {
        "4": 0.32615198666750367,
        "8": 0.20519076349455162,
        "12": 0.0,
        "19": 0.0
    },
    "19": {
        "14": 0.0
    },
    "20": {
        "3": 0.014181655484993571,
        "8": 0.1627696636070004,
        "17": 0.0
    },
    "21": {
        "11": 0.0
    },
    "22": {
        "22": 0.0
    },
    "23": {
        "1": 0.3405676908977347,
        "16": 0.0
    },
    "24": {
        "10": 0.0,
        "20": 0.0,
        "23": 0.0
    },
    "25": {
        "6": 0.12469136252360043,
        "9": 0.052776021168189684,
        "15": 0.0,
        "18": 0.0
    },
    "26": {
        "0": 0.0258514397157308,
        "22": 0.06424879411098085
    },
    "27": {
        "5": 0.3180737652909588,
        "6": 0.15526598409211073,
        "21": 0.0
    },
    "28": {
        "2": 0.1451269513502416,
        "13": 0.27159430362682924
    },
    "29": {
        "1": 0.28867846070632763
    },
    "30": {
        "4": 0.36317497234944346,
        "8": 0.13179371695652226,
        "12": 0.10008326342096804,
        "20": 0.3358479586902812
    },
    "31": {
        "3": 0.03723813357308401,
        "17": 0.026541236796438467
    },
    "32": {
        "24": 0.0
    },
    "33": {
        "1": 0.2367303303027536,
        "16": 0.2606213022765531
    },
    "34": {
        "10": 0.03068441144060082,
        "23": 0.26735007162677393
    },
    "35": {
        "6": 0.12959754151697309,
        "9": 0.10019003143953734,
        "15": 0.0,
        "18": 0.14821234718763113
    },
    "36": {
        "22": 0.06909314454651568
    },
    "37": {
        "0": 0.030320194193198816
    },
    "38": {
        "6": 0.0832679881858008,
        "9": 0.0700995557573725
    },
    "39": {
        "2": 0.1537269442962427,
        "13": 0.3595354751250915,
        "17": 0.001212121212121211
    },
    "40": {
        "4": 0.3220641877430315,
        "8": 0.0980188229684917,
        "12": 0.27227859599772036,
        "20": 0.45430885631167184
    },
    "41": {
        "17": 0.0030799068239013338
    },
    "42": {
        "24": 0.0
    },
    "43": {
        "12": 0.2817385189194766
    },
    "44": {
        "1": 0.2662433244321019,
        "16": 0.30565156812544403,
        "25": 0.0
    },
    "45": {
        "26": 0.0
    },
    "46": {
        "10": 0.010319041793976514,
        "23": 0.16866335375425495
    },
    "47": {
        "6": 0.09333081786217848,
        "15": 0.0,
        "18": 0.2081793064470389,
        "21": 0.1995050453712012
    },
    "48": {
        "21": 0.2908410815126798
    },
    "49": {
        "13": 0.22934572191801947,
        "17": 0.004037046908315565
    },
    "50": {
        "4": 0.3522427367399468,
        "8": 0.1234726916543055,
        "12": 0.25847760430071487,
        "20": 0.3371594439075233,
        "30": 0.0
    },
    "51": {
        "14": 0.04361627458402499
    },
    "52": {
        "8": 0.20242701765526136,
        "17": 0.005
    },
    "53": {
        "31": 0.0
    },
    "54": {
        "12": 0.2847547467805318,
        "27": 0.0
    },
    "55": {
        "26": 0.0547454391538996
    },
    "56": {
        "6": 0.11410097760268449,
        "29": 0.0
    },
    "57": {
        "6": 0.15291156959987542,
        "9": 0.123647923713646,
        "18": 0.23328737548826378
    },
    "58": {
        "28": 0.0
    },
    "59": {
        "6": 0.14187535620902839,
        "21": 0.249619181639027
    },
    "60": {
        "2": 0.17604377204797925,
        "13": 0.30449865202588533
    },
    "61": {
        "10": 0.010600041098022522,
        "12": 0.270991434506958,
        "20": 0.4012254085961329,
        "30": 0.3241546006338604
    },
    "62": {
        "14": 0.09383833965387776
    },
    "63": {
        "17": 0.0
    },
    "64": {
        "31": 0.2645916785904782
    },
    "65": {
        "12": 0.27064961019744505
    },
    "66": {
        "16": 0.3006694638826377
    },
    "67": {
        "29": 0.19465293107970655
    },
    "68": {
        "6": 0.1241894621133832,
        "9": 0.08883551629243903,
        "18": 0.2345739470531562
    },
    "69": {
        "33": 0.0
    },
    "70": {
        "32": 0.0
    },
    "71": {
        "6": 0.16989509918128434,
        "9": 0.1383156655745631
    },
    "72": {
        "13": 0.33380991565122614,
        "17": 0
    },
    "73": {
        "10": 0.0060812916820716535,
        "20": 0.28840054354697675,
        "30": 0.38366215309106216
    },
    "74": {
        "14": 0.15581992022797875
    },
    "75": {
        "31": 0.4458089725508751
    },
    "76": {
        "12": 0.2428315608886976,
        "27": 0.0
    },
    "77": {
        "1": 0.2844335746366692
    },
    "78": {
        "26": 0.09865314419909554
    },
    "79": {
        "6": 0.1338851281650933,
        "21": 0.3065070171036588,
        "29": 0.33508621888738743
    },
    "80": {
        "18": 0.2162447583064202,
        "21": 0.2619175995077705
    },
    "81": {
        "28": 0.38895118826145875,
        "33": 0.4493697217143907
    },
    "82": {
        "21": 0.2642269715826398
    },
    "83": {
        "13": 0.3165315015896002,
        "17": 0
    },
    "84": {
        "8": 0.17371967863322077,
        "30": 0.3046645935027284
    },
    "85": {
        "0": 0,
        "14": 0.11158150181077847
    },
    "86": {
        "19": 0.5757360371456497
    },
    "87": {
        "15": 0.0,
        "31": 0.39403393129814374
    },
    "88": {
        "28": 0.4096917288798941
    },
    "89": {
        "12": 0.23414737805991462,
        "27": 0.0
    },
    "90": {
        "26": 0.1517744000432293
    },
    "91": {
        "6": 0.14611562168473932,
        "21": 0.2501991878026368,
        "29": 0.3203108319345966
    },
    "92": {
        "6": 0.12010983456432982,
        "9": 0.09689231565029456,
        "18": 0.20794492891210403,
        "34": 0.0
    },
    "93": {
        "33": 0.459085658099775
    },
    "94": {
        "21": 0.21752034859773162
    },
    "95": {
        "13": 0.16819088159442636,
        "17": 0
    },
    "96": {
        "3": 0.03566134087084152,
        "10": 0.003859175763456326,
        "30": 0.28859411577179633
    },
    "97": {
        "0": 0,
        "14": 0.19728602603786058
    },
    "98": {
        "19": 0.6288867705878349
    },
    "99": {
        "31": 0.47190846561267463
    }
}