{
    "time_step_utility_dict": {
        "1": 0.0,
        "2": 0.0,
        "3": 0.0,
        "4": 0.0,
        "5": 0.0,
        "6": 0.0,
        "7": 0.0,
        "8": 0.0,
        "9": 0.0,
        "10": 3.9970900605754536,
        "11": 17.31351020909924,
        "12": 0.0,
        "13": 0.0,
        "14": 9.68431443702232,
        "15": 4.74657171103965,
        "16": 25.842244991917127,
        "17": 10.585941648295751,
        "18": 30.444098641314383,
        "19": 53.134275016205535,
        "20": 0.0,
        "21": 17.695131909199432,
        "22": 0.0,
        "23": 0.0,
        "24": 34.05676908977347,
        "25": 0.0,
        "26": 17.746738369179127,
        "27": 9.01002338267125,
        "28": 47.33397493830702,
        "29": 41.67212549770676,
        "30": 28.86784607063248,
        "31": 93.08999114172155,
        "32": 6.377937036952346,
        "33": 0.0,
        "34": 49.73516325793082,
        "35": 29.803448306737266,
        "36": 37.79999201441342,
        "37": 6.909314454651849,
        "38": 2.9107386425471304,
        "39": 15.336754394317722,
        "40": 51.44745406334471,
        "41": 114.66704630209335,
        "42": 0.30799068239014105,
        "43": 0.0,
        "44": 28.17385189194738,
        "45": 57.189489255755234,
        "46": 0.0,
        "47": 17.89823955482302,
        "48": 50.1015169680428,
        "49": 29.08410815126797,
        "50": 23.33827688263318,
        "51": 107.13524766024864,
        "52": 4.361627458402609,
        "53": 20.742701765525226,
        "54": 0.0,
        "55": 28.47547467805316,
        "56": 5.474543915390541,
        "57": 11.410097760268627,
        "58": 50.98468688017829,
        "59": 0.0,
        "60": 39.149453784805246,
        "61": 48.054242407386255,
        "62": 100.69714848349759,
        "63": 9.383833965387112,
        "64": 0.0,
        "65": 26.45916785904774,
        "66": 27.06496101974517,
        "67": 30.066946388264114,
        "68": 19.46529310796973,
        "69": 44.759892545899675,
        "70": 0.0,
        "71": 0.0,
        "72": 30.821076475584505,
        "73": 33.38099156512271,
        "74": 67.81439883201142,
        "75": 15.581992022798659,
        "76": 44.58089725508785,
        "77": 24.283156088869873,
        "78": 28.44335746366596,
        "79": 9.865314419909282,
        "80": 77.54783641561403,
        "81": 47.81623578141921,
        "82": 83.83209099758574,
        "83": 26.422697158263873,
        "84": 31.653150158960443,
        "85": 47.83842721359497,
        "86": 11.158150181078781,
        "87": 57.573603714561614,
        "88": 39.403393129810866,
        "89": 40.969172887989316,
        "90": 23.4147378059929,
        "91": 15.177440004321397,
        "92": 71.6625641421947,
        "93": 42.494707912676404,
        "94": 45.90856580997979,
        "95": 21.752034859771356,
        "96": 16.8190881594428,
        "97": 32.8114632406091,
        "98": 19.72860260378593,
        "99": 62.88867705878465,
        "100": 47.190846561268245
    },
    "total_utility": 2658.821958575335
}