{
    "0": {
        "0": 0.0
    },
    "1": {
        "4": 0.0,
        "5": 0.0,
        "8": 0.0
    },
    "2": {
        "6": 0.0
    },
    "3": {
        "2": 0.0
    },
    "4": {
        "1": 0.0
    },
    "5": {
        "3": 0.0,
        "7": 0.0
    },
    "6": {
        "7": 0.0
    },
    "7": {},
    "8": {},
    "9": {
        "3": 0.025315534774332776
    },
    "10": {
        "1": 0.15943481505149482
    },
    "11": {},
    "12": {},
    "13": {
        "5": 0.1310673932240725
    },
    "14": {
        "0": 0.031519092052364625
    },
    "15": {
        "4": 0.30190089929715497
    },
    "16": {
        "2": 0.12010318433901021,
        "12": 0.0
    },
    "17": {
        "1": 0.29632560130780045
    },
    "18": {
        "3": 0.3483362086970581,
        "7": 0.10432332515059371,
        "10": 0.0,
        "11": 0.0
    },
    "19": {
        "9": 0.0
    },
    "20": {
        "7": 0.17773866051755438
    },
    "21": {},
    "22": {},
    "23": {
        "1": 0.361816798510203
    },
    "24": {},
    "25": {
        "5": 0.1878907658273262,
        "8": 0.0610027036225199
    },
    "26": {
        "0": 0.03564351657993547
    },
    "27": {
        "4": 0.35749984578799215,
        "5": 0.19019752378086038
    },
    "28": {
        "2": 0.1645917883518616,
        "12": 0.42681531011294216
    },
    "29": {
        "1": 0.3005507859985548
    },
    "30": {
        "3": 0.3874988675099629,
        "7": 0.1445855335443923,
        "11": 0.05701442041879451,
        "20": 0.0
    },
    "31": {
        "14": 0.0,
        "18": 0.0
    },
    "32": {
        "17": 0.0
    },
    "33": {
        "1": 0.24543806145386174,
        "16": 0.0
    },
    "34": {
        "13": 0.0,
        "22": 0.0
    },
    "35": {
        "5": 0.1682980321892905,
        "8": 0.17717786424608487,
        "15": 0.0,
        "19": 0.0
    },
    "36": {
        "21": 0.0
    },
    "37": {
        "0": 0.03323930905314997
    },
    "38": {
        "5": 0.15506934121508195,
        "8": 0.1655451491772763
    },
    "39": {
        "2": 0.18942103226410392,
        "12": 0.3938572980051625,
        "18": 0.026929778927975382
    },
    "40": {
        "3": 0.32724727492965977,
        "7": 0.10724544683992927,
        "11": 0.25783002762848417,
        "20": 0.35801127342419453
    },
    "41": {
        "18": 0.0007279693486590044
    },
    "42": {
        "17": 0.02966379235006105
    },
    "43": {
        "11": 0.3451376871346752
    },
    "44": {
        "1": 0.2925309578260412,
        "16": 0.2683733590589213,
        "23": 0.0
    },
    "45": {
        "24": 0.0
    },
    "46": {
        "13": 0.03435865687848428,
        "22": 0.03170830683579617
    },
    "47": {
        "5": 0.18361365386302292,
        "15": 0.04816834122451723,
        "19": 0.21919189835505964,
        "25": 0.0
    },
    "48": {
        "25": 0.0
    },
    "49": {
        "12": 0.3666796796119206,
        "18": 0.005112093788564377
    },
    "50": {
        "3": 0.3805703398497361,
        "7": 0.15124812185252018,
        "11": 0.3117258358181616,
        "20": 0.42280964381802927,
        "29": 0.0
    },
    "51": {
        "9": 0.05811759612952241
    },
    "52": {
        "7": 0.21861677665933313,
        "18": 0.005193825422548827
    },
    "53": {
        "30": 0.0
    },
    "54": {
        "11": 0.382401016822713,
        "26": 0.0
    },
    "55": {
        "24": 0.045957282754199774
    },
    "56": {
        "5": 0.1778821736612928,
        "28": 0.0
    },
    "57": {
        "5": 0.15999110298272703,
        "8": 0.15478376104525027,
        "19": 0.1864838119735706
    },
    "58": {
        "27": 0.0
    },
    "59": {
        "5": 0.1754120455505987,
        "25": 0.06855755540039178
    },
    "60": {
        "2": 0.15590024123600257,
        "12": 0.4276713955952085
    },
    "61": {
        "11": 0.3708673716129672,
        "13": 0.013951040795405021,
        "20": 0.27232247410004684,
        "29": 0.19547524720189471
    },
    "62": {
        "9": 0.06341071247144185
    },
    "63": {
        "18": 0.003388888888888889
    },
    "64": {
        "30": 0.09158538665119925
    },
    "65": {
        "11": 0.3560099618703946
    },
    "66": {
        "16": 0.34852220769180176
    },
    "67": {
        "28": 0.1530149784969101
    },
    "68": {
        "5": 0.13935254390022225,
        "8": 0.1616995493349096,
        "19": 0.1968803982678984
    },
    "69": {
        "32": 0.0
    },
    "70": {
        "31": 0.0
    },
    "71": {
        "5": 0.17873847218541353,
        "8": 0.1903127418674644
    },
    "72": {
        "12": 0.42110421976836176,
        "18": 0.0
    },
    "73": {
        "13": 0.016024560287400718,
        "20": 0.41060768914664986,
        "29": 0.39229496757577864
    },
    "74": {
        "9": 0.07276834888018825
    },
    "75": {
        "30": 0.3984071549446395
    },
    "76": {
        "11": 0.3399486611212992,
        "26": 0.0
    },
    "77": {
        "1": 0.25598970771313995
    },
    "78": {
        "24": 0.08993160260936219
    },
    "79": {
        "5": 0.16905856239794598,
        "25": 0.12097022726849732,
        "28": 0.2528088929993794
    },
    "80": {
        "19": 0.1730794032364268,
        "25": 0.11399598311230033
    },
    "81": {
        "27": 0.29213857414232614,
        "32": 0.3373507471971518
    },
    "82": {
        "25": 0.09488219712033957
    },
    "83": {
        "12": 0.38074967015246164,
        "18": 0
    },
    "84": {
        "7": 0.1881045447142688,
        "29": 0.34375976736065056
    },
    "85": {
        "0": 0,
        "9": 0.07392146250605654
    },
    "86": {
        "10": 0.5022493178920886
    },
    "87": {
        "15": 0.03443626945312846,
        "30": 0.35599277236867344
    },
    "88": {
        "27": 0.34583403976746896
    },
    "89": {
        "11": 0.3206929589446695,
        "26": 0.0
    },
    "90": {
        "24": 0.08202230052295174
    },
    "91": {
        "5": 0.13329840163090978,
        "25": 0.14659382344742033,
        "28": 0.274118166634412
    },
    "92": {
        "5": 0.13644471336599115,
        "8": 0.15807845523050315,
        "19": 0.1618283797255799,
        "33": 0.0
    },
    "93": {
        "32": 0.36525278674499745
    },
    "94": {
        "25": 0.0971401368398174
    },
    "95": {
        "12": 0.236860435383804,
        "18": 0
    },
    "96": {
        "13": 0.006848026743602179,
        "14": 0.0162546397015967,
        "29": 0.3349102104421263
    },
    "97": {
        "0": 0,
        "9": 0.11135930175610483
    },
    "98": {
        "10": 0.5837750270685607
    },
    "99": {
        "30": 0.4039442975308529
    }
}