{
    "1": 0.0,
    "2": 0.0,
    "3": 0.0,
    "4": 0.0,
    "5": 0.0,
    "6": 0.0,
    "7": 0.0,
    "8": 0.0,
    "9": 0.0,
    "10": 2.5315534774332775,
    "11": 18.475034982582763,
    "12": 18.475034982582763,
    "13": 18.475034982582763,
    "14": 31.58177430499001,
    "15": 34.733683510226456,
    "16": 64.92377343994193,
    "17": 76.93409187384296,
    "18": 106.56665200462295,
    "19": 151.83260538938828,
    "20": 151.83260538938828,
    "21": 169.60647144114378,
    "22": 169.60647144114378,
    "23": 169.60647144114378,
    "24": 205.78815129216397,
    "25": 205.78815129216397,
    "26": 230.67749823714865,
    "27": 234.24184989514225,
    "28": 289.01158685202734,
    "29": 348.15229669850777,
    "30": 378.2073752983633,
    "31": 437.11725744567815,
    "32": 437.11725744567815,
    "33": 437.11725744567815,
    "34": 461.66106359106476,
    "35": 461.66106359106476,
    "36": 496.2086532346021,
    "37": 496.2086532346021,
    "38": 499.39962690370436,
    "39": 531.4610759429402,
    "40": 592.481886862665,
    "41": 697.5152891448927,
    "42": 697.5880860797586,
    "43": 700.5544653147646,
    "44": 735.0682340282327,
    "45": 791.1586657167283,
    "46": 791.1586657167283,
    "47": 797.7653620881563,
    "48": 842.8627514324169,
    "49": 842.8627514324169,
    "50": 880.0419287724656,
    "51": 1006.6773229063103,
    "52": 1012.4890825192626,
    "53": 1034.870142727452,
    "54": 1034.870142727452,
    "55": 1073.1102444097226,
    "56": 1077.7059726851426,
    "57": 1095.4941900512715,
    "58": 1145.6200576514268,
    "59": 1145.6200576514268,
    "60": 1170.0170177465245,
    "61": 1228.374181429645,
    "62": 1313.6357948006778,
    "63": 1319.9768660478214,
    "64": 1320.3157549367104,
    "65": 1329.4742936018301,
    "66": 1365.075289788869,
    "67": 1399.9275105580489,
    "68": 1415.2290084077408,
    "69": 1465.0222575580435,
    "70": 1465.0222575580435,
    "71": 1465.0222575580435,
    "72": 1501.9273789633307,
    "73": 1544.0378009401677,
    "74": 1625.9305226411516,
    "75": 1633.2073575291704,
    "76": 1673.0480730236332,
    "77": 1707.042939135763,
    "78": 1732.641909907077,
    "79": 1741.6350701680137,
    "80": 1795.918838434595,
    "81": 1824.6263770694673,
    "82": 1887.5753092034147,
    "83": 1897.0635289154488,
    "84": 1935.1384959306943,
    "85": 1988.3249271381874,
    "86": 1995.717073388793,
    "87": 2045.9420051780016,
    "88": 2084.9849093601824,
    "89": 2119.5683133369266,
    "90": 2151.6376092313953,
    "91": 2159.8398392836903,
    "92": 2215.2408784549634,
    "93": 2260.8760332871693,
    "94": 2297.4013119616684,
    "95": 2307.11532564565,
    "96": 2330.801369184028,
    "97": 2366.602656872762,
    "98": 2377.7385870483727,
    "99": 2436.116089755228,
    "100": 2476.5105195083142
}