{
    "time_step_utility_dict": {
        "1": 0.0,
        "2": 0.0,
        "3": 0.0,
        "4": 0.0,
        "5": 0.0,
        "6": 0.0,
        "7": 0.0,
        "8": 0.0,
        "9": 0.0,
        "10": 2.5315534774332775,
        "11": 15.943481505149485,
        "12": 0.0,
        "13": 0.0,
        "14": 13.106739322407247,
        "15": 3.1519092052364464,
        "16": 30.19008992971547,
        "17": 12.010318433901034,
        "18": 29.632560130779993,
        "19": 45.265953384765325,
        "20": 0.0,
        "21": 17.773866051755505,
        "22": 0.0,
        "23": 0.0,
        "24": 36.18167985102019,
        "25": 0.0,
        "26": 24.88934694498468,
        "27": 3.5643516579935977,
        "28": 54.76973695688508,
        "29": 59.14070984648043,
        "30": 30.055078599855506,
        "31": 58.909882147314875,
        "32": 0.0,
        "33": 0.0,
        "34": 24.54380614538661,
        "35": 0.0,
        "36": 34.54758964353732,
        "37": 0.0,
        "38": 3.190973669102277,
        "39": 32.06144903923581,
        "40": 61.020810919724795,
        "41": 105.03340228222771,
        "42": 0.07279693486589167,
        "43": 2.966379235006002,
        "44": 34.51376871346815,
        "45": 56.09043168849553,
        "46": 0.0,
        "47": 6.606696371428029,
        "48": 45.09738934426059,
        "49": 0.0,
        "50": 37.17917734004868,
        "51": 126.63539413384478,
        "52": 5.811759612952301,
        "53": 22.38106020818941,
        "54": 0.0,
        "55": 38.240101682270506,
        "56": 4.595728275420015,
        "57": 17.788217366128947,
        "58": 50.12586760015529,
        "59": 0.0,
        "60": 24.39696009509771,
        "61": 58.35716368312046,
        "62": 85.26161337103281,
        "63": 6.3410712471436455,
        "64": 0.3388888888889596,
        "65": 9.15853866511975,
        "66": 35.600996187038845,
        "67": 34.852220769179894,
        "68": 15.301497849691941,
        "69": 49.7932491503027,
        "70": 0.0,
        "71": 0.0,
        "72": 36.90512140528722,
        "73": 42.11042197683696,
        "74": 81.89272170098388,
        "75": 7.276834888018811,
        "76": 39.840715494462756,
        "77": 33.994866112129785,
        "78": 25.598970771314043,
        "79": 8.993160260936747,
        "80": 54.28376826658132,
        "81": 28.707538634872208,
        "82": 62.94893213394744,
        "83": 9.488219712034152,
        "84": 38.07496701524542,
        "85": 53.186431207493115,
        "86": 7.39214625060572,
        "87": 50.22493178920854,
        "88": 39.04290418218079,
        "89": 34.583403976744194,
        "90": 32.06929589446872,
        "91": 8.202230052294908,
        "92": 55.40103917127317,
        "93": 45.6351548322059,
        "94": 36.52527867449908,
        "95": 9.714013683981648,
        "96": 23.686043538377817,
        "97": 35.80128768873419,
        "98": 11.13593017561061,
        "99": 58.377502706855466,
        "100": 40.394429753086115
    },
    "total_utility": 2476.5105195083142
}