{
    "0": {
        "5": 0.0
    },
    "1": {
        "2": 0.0,
        "6": 0.0,
        "7": 0.0
    },
    "2": {
        "1": 0.0
    },
    "3": {
        "8": 0.0
    },
    "4": {
        "4": 0.0
    },
    "5": {
        "0": 0.0,
        "3": 0.0
    },
    "6": {
        "0": 0.0,
        "9": 0.0
    },
    "7": {},
    "8": {},
    "9": {
        "3": 0.042700345369332926
    },
    "10": {
        "4": 0.17347755027633216
    },
    "11": {},
    "12": {},
    "13": {
        "7": 0.13641209854733163
    },
    "14": {
        "5": 0.08244732440806223
    },
    "15": {
        "2": 0.3524250421705882
    },
    "16": {
        "8": 0.09084806050267658,
        "16": 0.0
    },
    "17": {
        "4": 0.28758190111347265
    },
    "18": {
        "0": 0.1632091808491867,
        "3": 0.40268346070222627,
        "10": 0.0,
        "11": 0.0
    },
    "19": {
        "14": 0.0
    },
    "20": {
        "0": 0.15741382841124962,
        "9": 0.023122191021054683,
        "18": 0.0
    },
    "21": {
        "19": 0.0
    },
    "22": {
        "15": 0.0
    },
    "23": {
        "4": 0.27127685164681437,
        "12": 0.0
    },
    "24": {
        "13": 0.0,
        "17": 0.0
    },
    "25": {
        "6": 0.035809688397345954,
        "7": 0.20048096080586966
    },
    "26": {
        "5": 0.05493656618243945,
        "15": 0.08938025681062127
    },
    "27": {
        "2": 0.4040081133319615,
        "7": 0.19724178234874556
    },
    "28": {
        "8": 0.10904737007611826,
        "16": 0.27041261097641095
    },
    "29": {
        "4": 0.24817491257692254
    },
    "30": {
        "0": 0.12235822140781064,
        "3": 0.4393260660275509,
        "11": 0.12003485067970904,
        "17": 0.2873891876855519
    },
    "31": {
        "9": 0.07883069735807409,
        "18": 0.02335346726351979
    },
    "32": {
        "20": 0.0
    },
    "33": {
        "4": 0.18018389870505616,
        "12": 0.2521747088477376
    },
    "34": {
        "13": 0.34112533712281634,
        "22": 0.0
    },
    "35": {
        "6": 0.08842029029239452,
        "7": 0.1887091387631876,
        "21": 0.0,
        "23": 0.0
    },
    "36": {
        "15": 0.08164983852686789
    },
    "37": {
        "5": 0.07686931906604798
    },
    "38": {
        "6": 0.06928758535535148,
        "7": 0.14903320124940453
    },
    "39": {
        "8": 0.11632043313409259,
        "16": 0.43219508825475517,
        "18": 0.00599931469496687
    },
    "40": {
        "0": 0.09175318180481605,
        "3": 0.40356555642045533,
        "11": 0.2078951144722455,
        "17": 0.48115867354993264
    },
    "41": {
        "18": 0.01189359610980125
    },
    "42": {
        "20": 0.0
    },
    "43": {
        "11": 0.21029969410603538
    },
    "44": {
        "4": 0.23235979573095375,
        "12": 0.22008155097560134,
        "25": 0.0
    },
    "45": {
        "24": 0.0
    },
    "46": {
        "13": 0.24082532385411387,
        "22": 0.035022396261618384
    },
    "47": {
        "7": 0.16339895717244435,
        "21": 0.0,
        "23": 0.22978832248057832,
        "26": 0.0
    },
    "48": {
        "26": 0.0
    },
    "49": {
        "16": 0.34527618663341725,
        "18": 0.023576309700804387
    },
    "50": {
        "0": 0.12204520341648406,
        "3": 0.40926795761081836,
        "11": 0.2392763153512788,
        "17": 0.29378941949281123,
        "30": 0.0
    },
    "51": {
        "14": 0.0591510610652847
    },
    "52": {
        "0": 0.17376397369214092,
        "18": 0.013994620043213392
    },
    "53": {
        "31": 0.0
    },
    "54": {
        "11": 0.24247054795144884,
        "27": 0.0
    },
    "55": {
        "24": 0.047043656226801386
    },
    "56": {
        "7": 0.157330395747237,
        "29": 0.0
    },
    "57": {
        "6": 0.0800461589446866,
        "7": 0.145689635806456,
        "23": 0.17847723414937555
    },
    "58": {
        "28": 0.0
    },
    "59": {
        "7": 0.15194566673006787,
        "26": 0.09001658126456456
    },
    "60": {
        "8": 0.1099814183667511,
        "16": 0.3906238457055474
    },
    "61": {
        "11": 0.22879882979715888,
        "17": 0.36542547848346646,
        "22": 0.05423340759932716,
        "30": 0.1785904405493757
    },
    "62": {
        "14": 0.06140896371452028
    },
    "63": {
        "18": 0.029247360826308192
    },
    "64": {
        "31": 0.16639579482163125
    },
    "65": {
        "11": 0.22660025935770917
    },
    "66": {
        "12": 0.22406841457110627
    },
    "67": {
        "29": 0.15193441997402518
    },
    "68": {
        "6": 0.08895193149279709,
        "7": 0.14976741036415495,
        "23": 0.19432066597984923
    },
    "69": {
        "32": 0.0
    },
    "70": {
        "33": 0.0
    },
    "71": {
        "6": 0.10778811933033225,
        "7": 0.17353577365386333
    },
    "72": {
        "16": 0.4199006284013898,
        "18": 0
    },
    "73": {
        "17": 0.24448712900922417,
        "22": 0.028720675364509268,
        "30": 0.3778491641974082
    },
    "74": {
        "14": 0.1072304293760708
    },
    "75": {
        "31": 0.43832682591459976
    },
    "76": {
        "11": 0.18245149029667357,
        "27": 0.0
    },
    "77": {
        "4": 0.26961259134940313
    },
    "78": {
        "24": 0.1550905578318633
    },
    "79": {
        "7": 0.1473108664785248,
        "26": 0.14020129859033953,
        "29": 0.3151662804903952
    },
    "80": {
        "23": 0.22322647121617098,
        "26": 0.1253100791592606
    },
    "81": {
        "28": 0.3360537883640982,
        "32": 0.4397358229455456
    },
    "82": {
        "26": 0.12602422812559216
    },
    "83": {
        "16": 0.37203331526845934,
        "18": 0
    },
    "84": {
        "0": 0.20195046066087596,
        "30": 0.3269917091395754
    },
    "85": {
        "5": 0,
        "14": 0.0993134951858464
    },
    "86": {
        "10": 0.4981391431745091
    },
    "87": {
        "21": 0.02194762393178876,
        "31": 0.3548834042228637
    },
    "88": {
        "28": 0.35657206968221344
    },
    "89": {
        "11": 0.17172344627101171,
        "27": 0.0
    },
    "90": {
        "24": 0.1700804609533948
    },
    "91": {
        "7": 0.17199044822989168,
        "26": 0.1640188749965819,
        "29": 0.3194932295850627
    },
    "92": {
        "6": 0.10865525853289888,
        "7": 0.1588182536729864,
        "23": 0.21456069675327324,
        "34": 0.0
    },
    "93": {
        "32": 0.45791215468327934
    },
    "94": {
        "26": 0.15588629986822003
    },
    "95": {
        "16": 0.27142260540576324,
        "18": 0
    },
    "96": {
        "9": 0.09616101824420703,
        "22": 0.024146448153832743,
        "30": 0.3284173428464068
    },
    "97": {
        "5": 0,
        "14": 0.1414858802710926
    },
    "98": {
        "10": 0.6004288404149574
    },
    "99": {
        "31": 0.42370784534286476
    }
}