{
    "1": 0.0,
    "2": 0.0,
    "3": 0.0,
    "4": 0.0,
    "5": 0.0,
    "6": 0.0,
    "7": 0.0,
    "8": 0.0,
    "9": 0.0,
    "10": 4.270034536933292,
    "11": 21.617789564566507,
    "12": 21.617789564566507,
    "13": 21.617789564566507,
    "14": 35.25899941929968,
    "15": 43.5037318601059,
    "16": 78.74623607716475,
    "17": 87.8310421274324,
    "18": 116.58923223877963,
    "19": 173.1784963939209,
    "20": 173.1784963939209,
    "21": 191.23209833715137,
    "22": 191.23209833715137,
    "23": 191.23209833715137,
    "24": 218.35978350183294,
    "25": 218.35978350183294,
    "26": 241.9888484221546,
    "27": 256.42053072146064,
    "28": 316.5455202895312,
    "29": 354.49151839478424,
    "30": 379.30900965247673,
    "31": 476.2198422325393,
    "32": 486.4382586946987,
    "33": 486.4382586946987,
    "34": 529.6741194499782,
    "35": 563.7866531622601,
    "36": 591.4995960678181,
    "37": 599.6645799205046,
    "38": 607.0440345508451,
    "39": 628.876113211321,
    "40": 684.3275968197017,
    "41": 802.7648494444451,
    "42": 803.9542090554252,
    "43": 803.9542090554252,
    "44": 824.984178466029,
    "45": 870.2283131366848,
    "46": 870.2283131366848,
    "47": 897.813085148258,
    "48": 937.1318131135605,
    "49": 937.1318131135605,
    "50": 974.0170627469835,
    "51": 1080.4549523341218,
    "52": 1086.3700584406506,
    "53": 1105.1459178141856,
    "54": 1105.1459178141856,
    "55": 1129.3929726093297,
    "56": 1134.0973382320108,
    "57": 1149.830377806735,
    "58": 1190.2516806967863,
    "59": 1190.2516806967863,
    "60": 1214.4479054962476,
    "61": 1264.5084319034768,
    "62": 1347.213247546407,
    "63": 1353.3541439178584,
    "64": 1354.0560805776897,
    "65": 1370.6956600598526,
    "66": 1393.3556859956236,
    "67": 1415.7625274527336,
    "68": 1430.9559694501359,
    "69": 1474.2599702338173,
    "70": 1474.2599702338173,
    "71": 1474.2599702338173,
    "72": 1502.3923595322365,
    "73": 1544.3824223723748,
    "74": 1609.488119229488,
    "75": 1620.2111621670958,
    "76": 1664.043844758556,
    "77": 1682.2889937882244,
    "78": 1709.2502529231654,
    "79": 1724.7593087063522,
    "80": 1785.0271532622778,
    "81": 1819.8808082998216,
    "82": 1897.4597694307872,
    "83": 1910.0621922433472,
    "84": 1947.2655237701933,
    "85": 2000.1597407502404,
    "86": 2010.091090268826,
    "87": 2059.9050045862755,
    "88": 2097.5881074017416,
    "89": 2133.245314369962,
    "90": 2150.4176589970643,
    "91": 2167.425705092404,
    "92": 2232.9759603735565,
    "93": 2281.1793812694727,
    "94": 2326.9705967378027,
    "95": 2342.5592267246243,
    "96": 2369.7014872652003,
    "97": 2414.5739681896466,
    "98": 2428.722556216756,
    "99": 2488.7654402582534,
    "100": 2531.136224792538
}