{
    "time_step_utility_dict": {
        "1": 0.0,
        "2": 0.0,
        "3": 0.0,
        "4": 0.0,
        "5": 0.0,
        "6": 0.0,
        "7": 0.0,
        "8": 0.0,
        "9": 0.0,
        "10": 4.270034536933292,
        "11": 17.347755027633216,
        "12": 0.0,
        "13": 0.0,
        "14": 13.64120985473317,
        "15": 8.244732440806224,
        "16": 35.24250421705885,
        "17": 9.084806050267645,
        "18": 28.758190111347233,
        "19": 56.58926415514128,
        "20": 0.0,
        "21": 18.05360194323046,
        "22": 0.0,
        "23": 0.0,
        "24": 27.127685164681566,
        "25": 0.0,
        "26": 23.629064920321667,
        "27": 14.431682299306033,
        "28": 60.12498956807059,
        "29": 37.94599810525301,
        "30": 24.817491257692495,
        "31": 96.91083258006256,
        "32": 10.218416462159382,
        "33": 0.0,
        "34": 43.23586075527953,
        "35": 34.1125337122819,
        "36": 27.712942905557952,
        "37": 8.164983852686532,
        "38": 7.379454630340547,
        "39": 21.832078660475872,
        "40": 55.45148360838073,
        "41": 118.43725262474334,
        "42": 1.189359610980091,
        "43": 0.0,
        "44": 21.029969410603826,
        "45": 45.24413467065585,
        "46": 0.0,
        "47": 27.584772011573136,
        "48": 39.318727965302514,
        "49": 0.0,
        "50": 36.88524963342297,
        "51": 106.43788958713833,
        "52": 5.91510610652881,
        "53": 18.775859373535013,
        "54": 0.0,
        "55": 24.247054795144095,
        "56": 4.704365622681053,
        "57": 15.733039574724216,
        "58": 40.421302890051265,
        "59": 0.0,
        "60": 24.196224799461334,
        "61": 50.06052640722919,
        "62": 82.70481564293027,
        "63": 6.14089637145139,
        "64": 0.7019366598312899,
        "65": 16.639579482162844,
        "66": 22.660025935771046,
        "67": 22.406841457109977,
        "68": 15.19344199740226,
        "69": 43.30400078368143,
        "70": 0.0,
        "71": 0.0,
        "72": 28.132389298419184,
        "73": 41.99006284013831,
        "74": 65.10569685711312,
        "75": 10.723042937607943,
        "76": 43.83268259146007,
        "77": 18.245149029668482,
        "78": 26.961259134940974,
        "79": 15.509055783186795,
        "80": 60.26784455592565,
        "81": 34.85365503754383,
        "82": 77.57896113096558,
        "83": 12.602422812560008,
        "84": 37.203331526846114,
        "85": 52.89421698004708,
        "86": 9.931349518585648,
        "87": 49.81391431744942,
        "88": 37.6831028154661,
        "89": 35.657206968220635,
        "90": 17.17234462710212,
        "91": 17.008046095339523,
        "92": 65.55025528115266,
        "93": 48.203420895916224,
        "94": 45.79121546832994,
        "95": 15.588629986821616,
        "96": 27.14226054057599,
        "97": 44.872480924446336,
        "98": 14.148588027109327,
        "99": 60.04288404149747,
        "100": 42.37078453428467
    },
    "total_utility": 2531.136224792538
}