{
    "0": {
        "0": 0.0,
        "1": 0.0,
        "3": 0.0,
        "4": 0.0,
        "6": 0.0,
        "7": 0.0
    },
    "1": {
        "8": 0.0
    },
    "2": {
        "5": 0.0
    },
    "3": {
        "2": 0.0,
        "9": 0.0
    },
    "4": {},
    "5": {
        "2": 0.0,
        "9": 0.0
    },
    "6": {
        "11": 0.0
    },
    "7": {
        "12": 0.0
    },
    "8": {
        "10": 0.0,
        "15": 0.0,
        "16": 0.0
    },
    "9": {
        "5": 0.2514453757421309,
        "11": 0.0,
        "12": 0.0,
        "13": 0.0,
        "14": 0.0,
        "17": 0.0,
        "18": 0.0,
        "19": 0.0,
        "20": 0.0,
        "21": 0.0
    },
    "10": {
        "23": 0.0
    },
    "11": {
        "27": 0.0
    },
    "12": {
        "24": 0.0
    },
    "13": {
        "22": 0.0,
        "25": 0.0
    },
    "14": {
        "4": 0.01202736932491347,
        "14": 0.0,
        "26": 0.0
    },
    "15": {
        "1": 0.0,
        "3": 0.0,
        "4": 0.01648703415681412,
        "6": 0.0,
        "7": 0.0,
        "22": 0.0,
        "26": 0.0
    },
    "16": {
        "5": 0.2151808721072499
    },
    "17": {
        "9": 0.0,
        "30": 0.0,
        "35": 0.0
    },
    "18": {
        "6": 0.0,
        "34": 0.0
    },
    "19": {
        "20": 0.0
    },
    "20": {
        "28": 0.0,
        "29": 0.0,
        "31": 0.0,
        "32": 0.0,
        "33": 0.0,
        "34": 0.0,
        "35": 0.0
    },
    "21": {
        "12": 0.019713185902749474,
        "31": 0.0
    },
    "22": {
        "16": 0.06094790916281235,
        "23": 0.0,
        "36": 0.0,
        "37": 0.0
    },
    "23": {
        "5": 0.23751923970353725,
        "8": 0.0,
        "12": 0.021879215470343136,
        "18": 0.0,
        "25": 0.0,
        "38": 0.0
    },
    "24": {
        "42": 0.0
    },
    "25": {
        "24": 0.0,
        "41": 0.0
    },
    "26": {
        "1": 0.0,
        "4": 0.017882612125473915,
        "10": 0.0,
        "16": 0.109653131652527,
        "26": 0.0,
        "36": 0.0,
        "39": 0.0,
        "40": 0.0,
        "43": 0.0,
        "44": 0.0,
        "45": 0.0
    },
    "27": {
        "45": 0.0
    },
    "28": {
        "47": 0.0
    },
    "29": {
        "30": 0.07255206531989604,
        "35": 0.0,
        "48": 0.0
    },
    "30": {
        "6": 0.0,
        "7": 0.0
    },
    "31": {
        "40": 0.0
    },
    "32": {
        "30": 0.06391301390146337,
        "31": 0.2010881114810674,
        "34": 0.0,
        "46": 0.0,
        "47": 0.0,
        "48": 0.0,
        "49": 0.0
    },
    "33": {
        "8": 0.19590790565930366,
        "51": 0.0
    },
    "34": {
        "32": 0.0,
        "46": 0.0
    },
    "35": {
        "49": 0.0,
        "50": 0.0
    },
    "36": {
        "31": 0.2216257337037322,
        "33": 0.0,
        "43": 0.1509262154529028
    },
    "37": {
        "2": 0.0,
        "8": 0.17751838496297093,
        "9": 0.0,
        "18": 0.0,
        "23": 0.0,
        "25": 0.0,
        "36": 0.0,
        "38": 0.0,
        "42": 0.26923578066236453
    },
    "38": {
        "42": 0.28974069934122726
    },
    "39": {
        "17": 0.0
    },
    "40": {
        "41": 0.0
    },
    "41": {
        "19": 0.0
    },
    "42": {
        "1": 0.07918321031875467,
        "3": 0.0,
        "13": 0.0,
        "39": 0.0
    },
    "43": {
        "13": 0.0,
        "19": 0.0,
        "27": 0.0,
        "39": 0.0,
        "41": 0.0,
        "43": 0.16893044279850794,
        "45": 0.0
    },
    "44": {
        "10": 0.0,
        "44": 0.0
    },
    "45": {
        "45": 0.0,
        "52": 0.0
    },
    "46": {
        "0": 0.0
    },
    "47": {
        "7": 0.0
    },
    "48": {
        "14": 0.0,
        "40": 0.0
    },
    "49": {
        "0": 0.0,
        "1": 0.06662613682437996,
        "4": 0.014795400620044781,
        "6": 0.0,
        "22": 0.0,
        "24": 0.0,
        "28": 0.0,
        "30": 0.057041593760836264,
        "47": 0.0,
        "49": 0.0,
        "51": 0.0
    },
    "50": {
        "8": 0.12452957617958957,
        "51": 0.0
    },
    "51": {
        "5": 0.26254961867079507,
        "46": 0.0
    },
    "52": {
        "2": 0.0,
        "49": 0.0,
        "50": 0.0
    },
    "53": {
        "33": 0.0,
        "43": 0.14076915462384257
    },
    "54": {
        "2": 0.0,
        "20": 0.1300952936293996,
        "33": 0.0,
        "53": 0.0
    },
    "55": {
        "11": 0.1169775397428031
    },
    "56": {
        "10": 0.0,
        "15": 0.0,
        "39": 0.0
    },
    "57": {
        "5": 0.16688300701990663,
        "11": 0.12321743216271872,
        "12": 0.032015865072638795,
        "13": 0.0,
        "14": 0.0,
        "15": 0.0,
        "17": 0.0,
        "19": 0.0,
        "20": 0.1240147744750217,
        "21": 0.0,
        "41": 0.0
    },
    "58": {
        "23": 0.0
    },
    "59": {
        "27": 0.0,
        "52": 0.0
    },
    "60": {
        "24": 0.09460919330832337
    },
    "61": {
        "22": 0.0,
        "25": 0.0
    },
    "62": {
        "4": 0.010921078587429509
    },
    "63": {
        "14": 0.0,
        "26": 0.0
    },
    "64": {
        "1": 0.05342191023832978,
        "3": 0.0,
        "4": 0.006046862720348833,
        "6": 0.0,
        "7": 0.0,
        "22": 0.0,
        "24": 0.13887211185324363,
        "28": 0.17588981940410903,
        "36": 0.0,
        "44": 0.0,
        "50": 0.0,
        "52": 0.0
    },
    "65": {
        "5": 0.08223585131640075
    },
    "66": {
        "9": 0.0,
        "30": 0,
        "35": 0.0
    },
    "67": {
        "6": 0.0,
        "34": 0.0
    },
    "68": {
        "20": 0.09987662786025801
    },
    "69": {
        "28": 0.19099873305896387,
        "31": 0.25545089545030025,
        "32": 0.0,
        "33": 0.0,
        "34": 0.0,
        "35": 0.0,
        "37": 0.31388051473576395
    },
    "70": {
        "12": 0.013647716633300923,
        "31": 0.26625695250778475
    },
    "71": {
        "16": 0.06962554267816375,
        "23": 0.0,
        "36": 0.0,
        "37": 0.27735450912303244
    },
    "72": {
        "5": 0.10464298396442484,
        "8": 0.1000124643450021,
        "12": 0.018895388791295528,
        "14": 0.0,
        "18": 0.0,
        "20": 0.05619140333390784,
        "38": 0.0
    },
    "73": {
        "42": 0.2358999947988655
    },
    "74": {
        "24": 0.10198872774876641,
        "41": 0.0
    },
    "75": {
        "1": 0.05809325002932373,
        "4": 0.007811107067925657,
        "26": 0.0
    },
    "76": {
        "3": 0.0,
        "10": 0.0,
        "16": 0.06914269302378974,
        "26": 0.0,
        "36": 0.0,
        "39": 0.0,
        "40": 0.0,
        "44": 0.0,
        "45": 0.0,
        "50": 0.0,
        "52": 0.10537210301075083
    },
    "77": {
        "47": 0.0
    },
    "78": {
        "30": 0,
        "35": 0.0
    },
    "79": {
        "6": 0.0,
        "7": 0.0,
        "34": 0.0
    },
    "80": {
        "40": 0.0
    },
    "81": {
        "28": 0.16207645627489708,
        "31": 0.28106923475456397,
        "34": 0.0,
        "35": 0.0,
        "46": 0.0,
        "48": 0.19576646897190927,
        "49": 0.0
    },
    "82": {
        "8": 0.09293063757078471,
        "51": 0.0
    },
    "83": {
        "32": 0.0
    },
    "84": {
        "49": 0.0,
        "50": 0.0
    },
    "85": {
        "31": 0.27588981133316626,
        "33": 0.0,
        "43": 0.1648016472332247
    },
    "86": {
        "18": 0.0,
        "36": 0.0,
        "38": 0.0,
        "42": 0.3714752436428622,
        "53": 0.000536995750833822
    },
    "87": {
        "2": 0.0,
        "8": 0.04485327794962948,
        "9": 0.15886894077734015,
        "25": 0.0,
        "38": 0.0
    },
    "88": {
        "42": 0.37106662651374245
    },
    "89": {
        "17": 0.0
    },
    "90": {
        "41": 0.0
    },
    "91": {
        "19": 0.0
    },