{
    "1": 0.0,
    "2": 0.0,
    "3": 0.0,
    "4": 0.0,
    "5": 0.0,
    "6": 0.0,
    "7": 0.0,
    "8": 0.0,
    "9": 0.0,
    "10": 25.144537574213096,
    "11": 25.144537574213096,
    "12": 25.144537574213096,
    "13": 25.144537574213096,
    "14": 25.144537574213096,
    "15": 26.347274506704444,
    "16": 27.995977922385848,
    "17": 49.51406513311085,
    "18": 49.51406513311085,
    "19": 49.51406513311085,
    "20": 49.51406513311085,
    "21": 49.51406513311085,
    "22": 51.4853837233858,
    "23": 57.580174639667035,
    "24": 83.5200201570551,
    "25": 83.5200201570551,
    "26": 83.5200201570551,
    "27": 96.27359453485516,
    "28": 96.27359453485516,
    "29": 96.27359453485516,
    "30": 103.52880106684476,
    "31": 103.52880106684476,
    "32": 103.52880106684476,
    "33": 130.02891360509787,
    "34": 149.61970417102833,
    "35": 149.61970417102833,
    "36": 149.61970417102833,
    "37": 186.87489908669187,
    "38": 231.5503156492254,
    "39": 260.52438558334796,
    "40": 260.52438558334796,
    "41": 260.52438558334796,
    "42": 260.52438558334796,
    "43": 268.442706615223,
    "44": 285.33575089507383,
    "45": 285.33575089507383,
    "46": 285.33575089507383,
    "47": 285.33575089507383,
    "48": 285.33575089507383,
    "49": 285.33575089507383,
    "50": 298.9538976405566,
    "51": 311.4068552585157,
    "52": 337.6618171255954,
    "53": 337.6618171255954,
    "54": 351.73873258797994,
    "55": 364.74826195091987,
    "56": 376.44601592519996,
    "57": 376.44601592519996,
    "58": 421.05912379822826,
    "59": 421.05912379822826,
    "60": 421.05912379822826,
    "61": 430.5200431290606,
    "62": 430.5200431290606,
    "63": 431.6121509878037,
    "64": 431.6121509878037,
    "65": 469.0352214094064,
    "66": 477.25880654104617,
    "67": 477.25880654104617,
    "68": 477.25880654104617,
    "69": 487.24646932707185,
    "70": 563.279483651574,
    "71": 591.2699505656834,
    "72": 625.9679557458031,
    "73": 653.9421797892666,
    "74": 677.5321792691528,
    "75": 687.7310520440296,
    "76": 694.3214877537545,
    "77": 711.7729673572088,
    "78": 711.7729673572088,
    "79": 711.7729673572088,
    "80": 711.7729673572088,
    "81": 711.7729673572088,
    "82": 775.6641833573452,
    "83": 784.9572471144235,
    "84": 784.9572471144235,
    "85": 784.9572471144235,
    "86": 829.0263929710624,
    "87": 866.2276169104313,
    "88": 886.5998387831277,
    "89": 923.7065014345018,
    "90": 923.7065014345018,
    "91": 923.7065014345018,
    "92": 923.7065014345018,
    "93": 930.9629910058828,
    "94": 965.4808366612475,
    "95": 965.4808366612475,
    "96": 965.4808366612475,
    "97": 972.6556264342909,
    "98": 972.6556264342909,
    "99": 972.6556264342909,
    "100": 972.6556264342909
}