{
    "time_step_utility_dict": {
        "1": 0.0,
        "2": 0.0,
        "3": 0.0,
        "4": 0.0,
        "5": 0.0,
        "6": 0.0,
        "7": 0.0,
        "8": 0.0,
        "9": 0.0,
        "10": 25.144537574213096,
        "11": 0.0,
        "12": 0.0,
        "13": 0.0,
        "14": 0.0,
        "15": 1.202736932491348,
        "16": 1.6487034156814033,
        "17": 21.518087210725,
        "18": 0.0,
        "19": 0.0,
        "20": 0.0,
        "21": 0.0,
        "22": 1.9713185902749544,
        "23": 6.094790916281234,
        "24": 25.939845517388065,
        "25": 0.0,
        "26": 0.0,
        "27": 12.753574377800064,
        "28": 0.0,
        "29": 0.0,
        "30": 7.2552065319896,
        "31": 0.0,
        "32": 0.0,
        "33": 26.500112538253106,
        "34": 19.59079056593046,
        "35": 0.0,
        "36": 0.0,
        "37": 37.25519491566354,
        "38": 44.67541656253354,
        "39": 28.974069934122554,
        "40": 0.0,
        "41": 0.0,
        "42": 0.0,
        "43": 7.9183210318750525,
        "44": 16.893044279850812,
        "45": 0.0,
        "46": 0.0,
        "47": 0.0,
        "48": 0.0,
        "49": 0.0,
        "50": 13.618146745482761,
        "51": 12.4529576179591,
        "52": 26.254961867079714,
        "53": 0.0,
        "54": 14.076915462384534,
        "55": 13.00952936293993,
        "56": 11.69775397428009,
        "57": 0.0,
        "58": 44.6131078730283,
        "59": 0.0,
        "60": 0.0,
        "61": 9.460919330832326,
        "62": 0.0,
        "63": 1.0921078587431339,
        "64": 0.0,
        "65": 37.42307042160269,
        "66": 8.223585131639766,
        "67": 0.0,
        "68": 0.0,
        "69": 9.98766278602568,
        "70": 76.03301432450212,
        "71": 27.990466914109447,
        "72": 34.69800518011971,
        "73": 27.974224043463437,
        "74": 23.589999479886274,
        "75": 10.198872774876804,
        "76": 6.590435709724829,
        "77": 17.451479603454345,
        "78": 0.0,
        "79": 0.0,
        "80": 0.0,
        "81": 0.0,
        "82": 63.89121600013641,
        "83": 9.293063757078244,
        "84": 0.0,
        "85": 0.0,
        "86": 44.0691458566389,
        "87": 37.2012239393689,
        "88": 20.3722218726964,
        "89": 37.10666265137411,
        "90": 0.0,
        "91": 0.0,
        "92": 0.0,
        "93": 7.256489571381053,
        "94": 34.51784565536468,
        "95": 0.0,
        "96": 0.0,
        "97": 7.174789773043358,
        "98": 0.0,
        "99": 0.0,
        "100": 0.0
    },
    "total_utility": 972.6556264342909
}