{
    "1": 0.0,
    "2": 0.0,
    "3": 0.0,
    "4": 0.0,
    "5": 0.0,
    "6": 0.0,
    "7": 0.0,
    "8": 0.0,
    "9": 0.0,
    "10": 4.501077422049502,
    "11": 26.904601715262768,
    "12": 26.904601715262768,
    "13": 26.904601715262768,
    "14": 40.42283902567266,
    "15": 48.424929663585644,
    "16": 85.37759422442576,
    "17": 101.70433502768326,
    "18": 129.2697191638505,
    "19": 168.0809150923057,
    "20": 168.0809150923057,
    "21": 183.10742819231942,
    "22": 183.10742819231942,
    "23": 183.10742819231942,
    "24": 211.95707218626396,
    "25": 211.95707218626396,
    "26": 235.77691756066193,
    "27": 249.40609118921125,
    "28": 306.6333664546508,
    "29": 366.98647844761393,
    "30": 392.94341806215647,
    "31": 442.1031596809764,
    "32": 443.7876033270214,
    "33": 443.7876033270214,
    "34": 493.6848378330487,
    "35": 493.6848378330487,
    "36": 523.6010767811993,
    "37": 533.3888422987278,
    "38": 541.3872443194764,
    "39": 565.9330473861475,
    "40": 625.8133136241456,
    "41": 718.1160264263381,
    "42": 719.4717912458409,
    "43": 719.4717912458409,
    "44": 755.1636279597324,
    "45": 817.9276893750695,
    "46": 817.9276893750695,
    "47": 821.077158525553,
    "48": 858.811084888795,
    "49": 858.811084888795,
    "50": 884.4579222865341,
    "51": 1013.9554495853881,
    "52": 1019.4082349117264,
    "53": 1047.4065678214497,
    "54": 1047.4065678214497,
    "55": 1087.228165662071,
    "56": 1091.8029455244796,
    "57": 1105.160203012391,
    "58": 1162.8658280502702,
    "59": 1162.8658280502702,
    "60": 1192.309595972193,
    "61": 1245.133441184135,
    "62": 1323.8020286263388,
    "63": 1330.1227768913918,
    "64": 1331.040472843761,
    "65": 1349.9181925052137,
    "66": 1387.7461642269316,
    "67": 1415.5401150008047,
    "68": 1428.9369719624517,
    "69": 1480.6490392763103,
    "70": 1480.6490392763103,
    "71": 1480.6490392763103,
    "72": 1512.272690547856,
    "73": 1546.2694574277202,
    "74": 1612.8315465897526,
    "75": 1623.277512820387,
    "76": 1666.5671368047779,
    "77": 1699.7502544495765,
    "78": 1730.1699655967243,
    "79": 1743.7437599609095,
    "80": 1806.2628816057727,
    "81": 1851.8763132387971,
    "82": 1932.912694419143,
    "83": 1950.8358520887912,
    "84": 1981.3111677469992,
    "85": 2039.9708405296465,
    "86": 2052.562158367884,
    "87": 2099.1855701069617,
    "88": 2136.6059377824045,
    "89": 2176.3190810564847,
    "90": 2215.6946098114186,
    "91": 2233.715644639126,
    "92": 2294.3111434128,
    "93": 2343.4951335530445,
    "94": 2392.373918471322,
    "95": 2410.6323608566945,
    "96": 2427.3154348880566,
    "97": 2459.8134076804486,
    "98": 2474.2780046214943,
    "99": 2533.640397136838,
    "100": 2576.6304447022017
}