{
    "0": {
        "5": 0.0
    },
    "1": {
        "2": 0.0,
        "6": 0.0,
        "7": 0.0
    },
    "2": {
        "1": 0.0
    },
    "3": {
        "8": 0.0
    },
    "4": {
        "4": 0.0
    },
    "5": {
        "0": 0.0,
        "3": 0.0
    },
    "6": {
        "0": 0.0
    },
    "7": {},
    "8": {},
    "9": {
        "3": 0.045010774220495015
    },
    "10": {
        "4": 0.22403524293213262
    },
    "11": {},
    "12": {},
    "13": {
        "7": 0.13518237310409875
    },
    "14": {
        "5": 0.08002090637913004
    },
    "15": {
        "2": 0.36952664560840026
    },
    "16": {
        "8": 0.16326740803257464,
        "14": 0.0
    },
    "17": {
        "4": 0.2756538413616727
    },
    "18": {
        "0": 0.15969033892502707,
        "3": 0.22842162035952598,
        "9": 0.0,
        "10": 0.0
    },
    "19": {
        "12": 0.0
    },
    "20": {
        "0": 0.150265131000137,
        "15": 0.0,
        "16": 0.0
    },
    "21": {
        "17": 0.0
    },
    "22": {
        "13": 0.0
    },
    "23": {
        "4": 0.2884964399394454,
        "11": 0.0
    },
    "24": {},
    "25": {
        "6": 0.06068943994972138,
        "7": 0.17750901379425874
    },
    "26": {
        "5": 0.06089559075034541,
        "13": 0.07539614553514778
    },
    "27": {
        "2": 0.38042984710038946,
        "7": 0.1918429055540033
    },
    "28": {
        "8": 0.19907541783827148,
        "14": 0.4044557020913584
    },
    "29": {
        "4": 0.2595693961454258
    },
    "30": {
        "0": 0.11248470200843118,
        "3": 0.29437589750119375,
        "10": 0.08473681667857833,
        "20": 0.0
    },
    "31": {
        "15": 0.016844436460450075,
        "16": 0.0
    },
    "32": {
        "21": 0.0
    },
    "33": {
        "4": 0.20956802852587525,
        "11": 0.2894043165343979
    },
    "34": {
        "18": 0.0,
        "23": 0.0
    },
    "35": {
        "6": 0.1302995015883668,
        "7": 0.16886288789313816,
        "19": 0.0,
        "22": 0.0
    },
    "36": {
        "13": 0.09787765517528367
    },
    "37": {
        "5": 0.08331668771613215
    },
    "38": {
        "6": 0.1261267675362525,
        "7": 0.11933126313045726
    },
    "39": {
        "8": 0.21834147735699463,
        "14": 0.35497270475303916,
        "15": 0.025488480269943832
    },
    "40": {
        "0": 0.09518195437836165,
        "3": 0.22332240872822395,
        "10": 0.239589972704836,
        "20": 0.3649327922105032
    },
    "41": {
        "15": 0.013557648195026917
    },
    "42": {
        "21": 0.0
    },
    "43": {
        "10": 0.356918367138914
    },
    "44": {
        "4": 0.2841011615703112,
        "11": 0.34353945258306445,
        "25": 0.0
    },
    "45": {
        "24": 0.0
    },
    "46": {
        "18": 0.0,
        "23": 0.03149469150484185
    },
    "47": {
        "7": 0.16518635611366606,
        "19": 0.0,
        "22": 0.2121529075187528,
        "26": 0.0
    },
    "48": {
        "26": 0.0
    },
    "49": {
        "14": 0.21557674812413624,
        "15": 0.040891625853253066
    },
    "50": {
        "0": 0.17379263253916644,
        "3": 0.3331075940926735,
        "10": 0.3576268588388751,
        "20": 0.43044818751782016,
        "30": 0.0
    },
    "51": {
        "12": 0.054527853263381915
    },
    "52": {
        "0": 0.27440265953370685,
        "15": 0.005580669563521915
    },
    "53": {
        "31": 0.0
    },
    "54": {
        "10": 0.3982159784062225,
        "27": 0.0
    },
    "55": {
        "24": 0.04574779862408503
    },
    "56": {
        "7": 0.13357257487910665,
        "29": 0.0
    },
    "57": {
        "6": 0.17334883011723218,
        "7": 0.15874448726049115,
        "22": 0.24496293300109684
    },
    "58": {
        "28": 0.0
    },
    "59": {
        "7": 0.16064519933362095,
        "26": 0.13379247988560436
    },
    "60": {
        "8": 0.20954993903908892,
        "14": 0.3186885130803386
    },
    "61": {
        "10": 0.3694476410655856,
        "20": 0.258792799250208,
        "23": 0.01333518357996142,
        "30": 0.1451102505262969
    },
    "62": {
        "12": 0.06320748265052875
    },
    "63": {
        "15": 0.03823733134872082
    },
    "64": {
        "31": 0.1887771966145245
    },
    "65": {
        "10": 0.3782797172171808
    },
    "66": {
        "11": 0.27793950773873083
    },
    "67": {
        "29": 0.13396856961647513
    },
    "68": {
        "6": 0.15196942895160231,
        "7": 0.09101872416743062,
        "22": 0.27413252001955796
    },
    "69": {
        "32": 0.0
    },
    "70": {
        "33": 0.0
    },
    "71": {
        "6": 0.16932775976275607,
        "7": 0.14690875295270447
    },
    "72": {
        "14": 0.33996766879864077,
        "15": 0
    },
    "73": {
        "20": 0.34624064393538295,
        "23": 0.007309283724178828,
        "30": 0.3120709639607617
    },
    "74": {
        "12": 0.1044596623063529
    },
    "75": {
        "31": 0.4328962398439104
    },
    "76": {
        "10": 0.3318311764479953,
        "27": 0.0
    },
    "77": {
        "4": 0.3041971114714789
    },
    "78": {
        "24": 0.13573794364185937
    },
    "79": {
        "7": 0.13593434301551993,
        "26": 0.2081231977046123,
        "29": 0.281133675728499
    },
    "80": {
        "22": 0.25132616514017836,
        "26": 0.20480815119006732
    },
    "81": {
        "28": 0.36203366550985366,
        "32": 0.44833014629359924
    },
    "82": {
        "26": 0.17923157669647313
    },
    "83": {
        "14": 0.3047531565820848,
        "15": 0
    },
    "84": {
        "0": 0.3011287860942837,
        "30": 0.2854679417321869
    },
    "85": {
        "5": 0,
        "12": 0.12591317838237015
    },
    "86": {
        "9": 0.46623411739077997
    },
    "87": {
        "19": 0.010401065673489356,
        "31": 0.36380261108094414
    },
    "88": {
        "28": 0.3971314327408109
    },
    "89": {
        "10": 0.3388166669591336,
        "27": 0.054938620590199584
    },
    "90": {
        "24": 0.1802103482770621
    },
    "91": {
        "7": 0.12258367840736037,
        "26": 0.20694294494322843,
        "29": 0.27642836438615803
    },
    "92": {
        "6": 0.13360519476999222,
        "7": 0.11372845741674828,
        "22": 0.244506249215688,
        "34": 0.0
    },
    "93": {
        "32": 0.4887878491827753
    },
    "94": {
        "26": 0.18258442385372664
    },
    "95": {
        "14": 0.16683074031362685,
        "15": 0
    },
    "96": {
        "16": 0.027309818514903536,
        "23": 0.003661198713305478,
        "30": 0.2940087106957148
    },
    "97": {
        "5": 0,
        "12": 0.14464596941046173
    },
    "98": {
        "9": 0.5936239251534066
    },
    "99": {
        "31": 0.42990047565362793
    }
}