{
    "time_step_utility_dict": {
        "1": 0.0,
        "2": 0.0,
        "3": 0.0,
        "4": 0.0,
        "5": 0.0,
        "6": 0.0,
        "7": 0.0,
        "8": 0.0,
        "9": 0.0,
        "10": 4.501077422049502,
        "11": 22.403524293213266,
        "12": 0.0,
        "13": 0.0,
        "14": 13.51823731040989,
        "15": 8.002090637912985,
        "16": 36.95266456084012,
        "17": 16.326740803257493,
        "18": 27.565384136167253,
        "19": 38.81119592845519,
        "20": 0.0,
        "21": 15.026513100013716,
        "22": 0.0,
        "23": 0.0,
        "24": 28.84964399394454,
        "25": 0.0,
        "26": 23.81984537439797,
        "27": 13.629173628549324,
        "28": 57.227275265439545,
        "29": 60.353111992963136,
        "30": 25.956939614542534,
        "31": 49.15974161881991,
        "32": 1.684443646044997,
        "33": 0.0,
        "34": 49.8972345060273,
        "35": 0.0,
        "36": 29.91623894815058,
        "37": 9.787765517528555,
        "38": 7.9984020207485855,
        "39": 24.545803066671056,
        "40": 59.88026623799817,
        "41": 92.30271280219245,
        "42": 1.3557648195028378,
        "43": 0.0,
        "44": 35.69183671389146,
        "45": 62.764061415337096,
        "46": 0.0,
        "47": 3.149469150483583,
        "48": 37.73392636324195,
        "49": 0.0,
        "50": 25.64683739773909,
        "51": 129.49752729885404,
        "52": 5.452785326338244,
        "53": 27.99833290972333,
        "54": 0.0,
        "55": 39.82159784062128,
        "56": 4.5747798624086045,
        "57": 13.357257487911511,
        "58": 57.705625037879145,
        "59": 0.0,
        "60": 29.4437679219227,
        "61": 52.82384521194217,
        "62": 78.66858744220372,
        "63": 6.320748265052998,
        "64": 0.9176959523692858,
        "65": 18.877719661452602,
        "66": 37.82797172171786,
        "67": 27.79395077387312,
        "68": 13.396856961647018,
        "69": 51.7120673138586,
        "70": 0.0,
        "71": 0.0,
        "72": 31.62365127154567,
        "73": 33.99676687986425,
        "74": 66.56208916203241,
        "75": 10.44596623063444,
        "76": 43.2896239843908,
        "77": 33.183117644798585,
        "78": 30.419711147147837,
        "79": 13.573794364185233,
        "80": 62.51912164486316,
        "81": 45.61343163302445,
        "82": 81.03638118034587,
        "83": 17.923157669648162,
        "84": 30.475315658208046,
        "85": 58.65967278264725,
        "86": 12.5913178382375,
        "87": 46.62341173907771,
        "88": 37.420367675442776,
        "89": 39.71314327408027,
        "90": 39.37552875493384,
        "91": 18.021034827707354,
        "92": 60.59549877367408,
        "93": 49.18399014024453,
        "94": 48.87878491827769,
        "95": 18.25844238537229,
        "96": 16.68307403136214,
        "97": 32.49797279239192,
        "98": 14.464596941045784,
        "99": 59.3623925153438,
        "100": 42.99004756536351
    },
    "total_utility": 2576.6304447022017
}