{
    "0": {
        "dice_mean": 0.0,
        "dice_std": 0.0,
        "entropy_mean": 0.3514390558311083,
        "entropy_std": 4.8995441855554465e-05
    },
    "1": {
        "dice_mean": 0.036009526453254635,
        "dice_std": 0.07363796438116368,
        "entropy_mean": 0.36403883254793107,
        "entropy_std": 0.0014472326373786387
    },
    "2": {
        "dice_mean": 0.45531278791276864,
        "dice_std": 0.30753126827290883,
        "entropy_mean": 0.32407584450869903,
        "entropy_std": 0.041823557589889544
    },
    "3": {
        "dice_mean": 0.3907076207400553,
        "dice_std": 0.32564915383556053,
        "entropy_mean": 0.31796507752435715,
        "entropy_std": 0.04357362411635663
    },
    "4": {
        "dice_mean": 0.48992702824193984,
        "dice_std": 0.3140047384073398,
        "entropy_mean": 0.2940677115090041,
        "entropy_std": 0.045286309016932536
    },
    "5": {
        "dice_mean": 0.4777916947421938,
        "dice_std": 0.3153966534801204,
        "entropy_mean": 0.28857627876114533,
        "entropy_std": 0.03937501222465274
    },
    "6": {
        "dice_mean": 0.4369188703083081,
        "dice_std": 0.31808014671896084,
        "entropy_mean": 0.28483565795505594,
        "entropy_std": 0.03891837360897761
    },
    "7": {
        "dice_mean": 0.47441427017885635,
        "dice_std": 0.3105872031674859,
        "entropy_mean": 0.2902857854848742,
        "entropy_std": 0.039644117748233496
    },
    "8": {
        "dice_mean": 0.44084639271584714,
        "dice_std": 0.3116349094359704,
        "entropy_mean": 0.28332954713074865,
        "entropy_std": 0.03640507168015999
    },
    "9": {
        "dice_mean": 0.5236324763941244,
        "dice_std": 0.2877010272389097,
        "entropy_mean": 0.2600949577722873,
        "entropy_std": 0.04990591831492375
    },
    "10": {
        "dice_mean": 0.48524586685774473,
        "dice_std": 0.30140293408495167,
        "entropy_mean": 0.26334157264243396,
        "entropy_std": 0.04100011841969808
    },
    "11": {
        "dice_mean": 0.47762506005930067,
        "dice_std": 0.3118866802715765,
        "entropy_mean": 0.2747683510975141,
        "entropy_std": 0.04261844459060453
    },
    "12": {
        "dice_mean": 0.4550799645811011,
        "dice_std": 0.31381452799589715,
        "entropy_mean": 0.2702088631035868,
        "entropy_std": 0.039838946084744635
    },
    "13": {
        "dice_mean": 0.45972925902036993,
        "dice_std": 0.3008029816945121,
        "entropy_mean": 0.25907924939521154,
        "entropy_std": 0.045204813922412684
    },
    "14": {
        "dice_mean": 0.4873203438158481,
        "dice_std": 0.3111892334332014,
        "entropy_mean": 0.25862621060673113,
        "entropy_std": 0.04388837706662082
    },
    "15": {
        "dice_mean": 0.4665860776286701,
        "dice_std": 0.30671721585479095,
        "entropy_mean": 0.2567681778790006,
        "entropy_std": 0.039841048243599304
    },
    "16": {
        "dice_mean": 0.525729505262001,
        "dice_std": 0.30285879185847114,
        "entropy_mean": 0.23752046250509803,
        "entropy_std": 0.048826897916966955
    },
    "17": {
        "dice_mean": 0.3972749402033257,
        "dice_std": 0.32732669116178403,
        "entropy_mean": 0.22865567598862097,
        "entropy_std": 0.0398592566703185
    },
    "18": {
        "dice_mean": 0.41715305820862286,
        "dice_std": 0.323978308057766,
        "entropy_mean": 0.22366118326928092,
        "entropy_std": 0.04204867876406183
    },
    "19": {
        "dice_mean": 0.4580007640810732,
        "dice_std": 0.3222117694981041,
        "entropy_mean": 0.20523299738634274,
        "entropy_std": 0.046187954596801854
    },
    "20": {
        "dice_mean": 0.5067220708690926,
        "dice_std": 0.308968872191395,
        "entropy_mean": 0.2107147857658391,
        "entropy_std": 0.045588654671799664
    },
    "21": {
        "dice_mean": 0.4180782753937584,
        "dice_std": 0.3295838198009904,
        "entropy_mean": 0.18576770748957863,
        "entropy_std": 0.04172082780421207
    },
    "22": {
        "dice_mean": 0.5295561777801273,
        "dice_std": 0.31759382572201206,
        "entropy_mean": 0.18930289892750868,
        "entropy_std": 0.045435214703814494
    },
    "23": {
        "dice_mean": 0.5021952855104929,
        "dice_std": 0.3257114124642789,
        "entropy_mean": 0.17992122882047873,
        "entropy_std": 0.04399345394433204
    },
    "24": {
        "dice_mean": 0.5213967209113745,
        "dice_std": 0.30728692844989675,
        "entropy_mean": 0.17507812460543148,
        "entropy_std": 0.04339490768497238
    },
    "25": {
        "dice_mean": 0.438623222573133,
        "dice_std": 0.3346616725266205,
        "entropy_mean": 0.15548973743253922,
        "entropy_std": 0.040926833544896415
    },
    "26": {
        "dice_mean": 0.4598168549756537,
        "dice_std": 0.32994408060250535,
        "entropy_mean": 0.13698230865273078,
        "entropy_std": 0.042530037880115015
    },
    "27": {
        "dice_mean": 0.5180000866008401,
        "dice_std": 0.3038007628710913,
        "entropy_mean": 0.171538816624162,
        "entropy_std": 0.039793728638987426
    },
    "28": {
        "dice_mean": 0.47887013603180145,
        "dice_std": 0.32001496331748336,
        "entropy_mean": 0.14943403427003327,
        "entropy_std": 0.041258212752910174
    },
    "29": {
        "dice_mean": 0.48793960875699116,
        "dice_std": 0.33255014099946645,
        "entropy_mean": 0.14848587532517282,
        "entropy_std": 0.0430242371590232
    },
    "30": {
        "dice_mean": 0.4526037127206311,
        "dice_std": 0.33475771816780175,
        "entropy_mean": 0.12578871431775218,
        "entropy_std": 0.04432059034432519
    },
    "31": {
        "dice_mean": 0.4943423290044167,
        "dice_std": 0.32741607695119124,
        "entropy_mean": 0.11585737713750668,
        "entropy_std": 0.04192169061303072
    },
    "32": {
        "dice_mean": 0.46871458717281833,
        "dice_std": 0.34749905427255523,
        "entropy_mean": 0.10967296153890527,
        "entropy_std": 0.040014690057932255
    },
    "33": {
        "dice_mean": 0.5358690674935555,
        "dice_std": 0.3215927522540426,
        "entropy_mean": 0.10484244911965143,
        "entropy_std": 0.0412030316553998
    },
    "34": {
        "dice_mean": 0.48376343167527924,
        "dice_std": 0.337985282976556,
        "entropy_mean": 0.10905810083780294,
        "entropy_std": 0.04016649851877759
    },
    "35": {
        "dice_mean": 0.5243542056985182,
        "dice_std": 0.3244045651349098,
        "entropy_mean": 0.11412533224195824,
        "entropy_std": 0.037954260930468685
    },
    "36": {
        "dice_mean": 0.41652706466492284,
        "dice_std": 0.3534725423235126,
        "entropy_mean": 0.08920479370129089,
        "entropy_std": 0.03543608398867312
    },
    "37": {
        "dice_mean": 0.5561405819522217,
        "dice_std": 0.30534645855577586,
        "entropy_mean": 0.10065081055377634,
        "entropy_std": 0.038235399938538
    },
    "38": {
        "dice_mean": 0.46683878286882013,
        "dice_std": 0.342146168612953,
        "entropy_mean": 0.11466177788925488,
        "entropy_std": 0.035482053331637224
    },
    "39": {
        "dice_mean": 0.5285642173696852,
        "dice_std": 0.32747504966571234,
        "entropy_mean": 0.0990086217688428,
        "entropy_std": 0.03615608851588524
    },
    "40": {
        "dice_mean": 0.4703915687028665,
        "dice_std": 0.3387959713784704,
        "entropy_mean": 0.10024590788961585,
        "entropy_std": 0.03796657758236451
    },
    "41": {
        "dice_mean": 0.5201182094267345,
        "dice_std": 0.3312374859944587,
        "entropy_mean": 0.0960788554596605,
        "entropy_std": 0.03449515934114934
    },
    "42": {
        "dice_mean": 0.4571553831060496,
        "dice_std": 0.3404920305720901,