{
    "1": 0.0,
    "2": 0.0,
    "3": 0.0,
    "4": 0.0,
    "5": 0.0,
    "6": 0.0,
    "7": 0.0,
    "8": 0.0,
    "9": 0.0,
    "10": 0.0,
    "11": 0.0,
    "12": 0.0,
    "13": 0.0,
    "14": 0.0,
    "15": 2.009774281379803,
    "16": 4.760014230367723,
    "17": 23.74854085360096,
    "18": 31.131508691766616,
    "19": 31.131508691766616,
    "20": 31.131508691766616,
    "21": 31.131508691766616,
    "22": 34.73288196927766,
    "23": 34.73288196927766,
    "24": 59.13397836137478,
    "25": 59.13397836137478,
    "26": 59.13397836137478,
    "27": 61.81806599256371,
    "28": 61.81806599256371,
    "29": 61.81806599256371,
    "30": 67.58513534742954,
    "31": 67.58513534742954,
    "32": 67.58513534742954,
    "33": 73.96444322419804,
    "34": 73.96444322419804,
    "35": 73.96444322419804,
    "36": 73.96444322419804,
    "37": 73.96444322419804,
    "38": 124.44997463954655,
    "39": 155.48143214241483,
    "40": 155.48143214241483,
    "41": 155.48143214241483,
    "42": 155.48143214241483,
    "43": 155.48143214241483,
    "44": 155.48143214241483,
    "45": 157.1225920969392,
    "46": 157.1225920969392,
    "47": 157.1225920969392,
    "48": 157.1225920969392,
    "49": 157.1225920969392,
    "50": 164.93387144422329,
    "51": 164.93387144422329,
    "52": 188.9877391281,
    "53": 188.9877391281,
    "54": 188.9877391281,
    "55": 188.9877391281,
    "56": 188.9877391281,
    "57": 188.9877391281,
    "58": 206.26950586203094,
    "59": 206.26950586203094,
    "60": 206.26950586203094,
    "61": 206.26950586203094,
    "62": 206.26950586203094,
    "63": 207.4527362153952,
    "64": 207.4527362153952,
    "65": 216.1928245592342,
    "66": 232.63034013671242,
    "67": 251.4777706195491,
    "68": 255.10942172491136,
    "69": 255.10942172491136,
    "70": 303.6151011132993,
    "71": 310.0112958622605,
    "72": 342.62733896825017,
    "73": 373.7110738440477,
    "74": 392.977577394444,
    "75": 392.977577394444,
    "76": 394.4482108417873,
    "77": 396.01847934582884,
    "78": 396.01847934582884,
    "79": 405.16147032913466,
    "80": 407.9653686753554,
    "81": 407.9653686753554,
    "82": 438.46352461738746,
    "83": 438.46352461738746,
    "84": 438.46352461738746,
    "85": 438.46352461738746,
    "86": 438.46352461738746,
    "87": 474.53335124073595,
    "88": 484.5721951881555,
    "89": 515.8558737512064,
    "90": 532.8183263364677,
    "91": 534.3773244707955,
    "92": 554.5884465917051,
    "93": 580.5794794029633,
    "94": 627.5377735896012,
    "95": 627.5377735896012,
    "96": 628.6985598301433,
    "97": 628.6985598301433,
    "98": 628.6985598301433,
    "99": 628.6985598301433,
    "100": 628.6985598301433
}