{
    "time_step_utility_dict": {
        "1": 0.0,
        "2": 0.0,
        "3": 0.0,
        "4": 0.0,
        "5": 0.0,
        "6": 0.0,
        "7": 0.0,
        "8": 0.0,
        "9": 0.0,
        "10": 0.0,
        "11": 0.0,
        "12": 0.0,
        "13": 0.0,
        "14": 0.0,
        "15": 2.009774281379803,
        "16": 2.75023994898792,
        "17": 18.988526623233238,
        "18": 7.382967838165655,
        "19": 0.0,
        "20": 0.0,
        "21": 0.0,
        "22": 3.6013732775110476,
        "23": 0.0,
        "24": 24.401096392097116,
        "25": 0.0,
        "26": 0.0,
        "27": 2.6840876311889303,
        "28": 0.0,
        "29": 0.0,
        "30": 5.767069354865832,
        "31": 0.0,
        "32": 0.0,
        "33": 6.379307876768493,
        "34": 0.0,
        "35": 0.0,
        "36": 0.0,
        "37": 0.0,
        "38": 50.48553141534852,
        "39": 31.031457502868278,
        "40": 0.0,
        "41": 0.0,
        "42": 0.0,
        "43": 0.0,
        "44": 0.0,
        "45": 1.641159954524369,
        "46": 0.0,
        "47": 0.0,
        "48": 0.0,
        "49": 0.0,
        "50": 7.811279347284085,
        "51": 0.0,
        "52": 24.053867683876717,
        "53": 0.0,
        "54": 0.0,
        "55": 0.0,
        "56": 0.0,
        "57": 0.0,
        "58": 17.281766733930937,
        "59": 0.0,
        "60": 0.0,
        "61": 0.0,
        "62": 0.0,
        "63": 1.1832303533642516,
        "64": 0.0,
        "65": 8.740088343839005,
        "66": 16.437515577478223,
        "67": 18.84743048283667,
        "68": 3.631651105362266,
        "69": 0.0,
        "70": 48.50567938838796,
        "71": 6.396194748961193,
        "72": 32.61604310598966,
        "73": 31.083734875797518,
        "74": 19.266503550396294,
        "75": 0.0,
        "76": 1.470633447343289,
        "77": 1.5702685040415645,
        "78": 0.0,
        "79": 9.142990983305822,
        "80": 2.8038983462207625,
        "81": 0.0,
        "82": 30.498155942032042,
        "83": 0.0,
        "84": 0.0,
        "85": 0.0,
        "86": 0.0,
        "87": 36.06982662334849,
        "88": 10.038843947419537,
        "89": 31.283678563050955,
        "90": 16.962452585261303,
        "91": 1.558998134327794,
        "92": 20.211122120909522,
        "93": 25.991032811258265,
        "94": 46.958294186637886,
        "95": 0.0,
        "96": 1.160786240542052,
        "97": 0.0,
        "98": 0.0,
        "99": 0.0,
        "100": 0.0
    },
    "total_utility": 628.6985598301433
}