{
    "0": {
        "5": 0.0
    },
    "1": {
        "2": 0.0,
        "6": 0.0,
        "7": 0.0
    },
    "2": {
        "1": 0.0
    },
    "3": {
        "8": 0.0
    },
    "4": {
        "4": 0.0
    },
    "5": {
        "0": 0.0,
        "3": 0.0
    },
    "6": {
        "0": 0.0
    },
    "7": {},
    "8": {},
    "9": {
        "3": 0.03187867311056862
    },
    "10": {
        "4": 0.18426910759083867
    },
    "11": {},
    "12": {},
    "13": {
        "7": 0.1392459739149982
    },
    "14": {
        "5": 0.06867639096286193
    },
    "15": {
        "2": 0.341684426716194
    },
    "16": {
        "8": 0.22370632926639597,
        "14": 0.0
    },
    "17": {
        "4": 0.25754046612428255
    },
    "18": {
        "0": 0.15988464742090194,
        "3": 0.22125666723740012,
        "9": 0.0,
        "10": 0.0
    },
    "19": {
        "12": 0.0
    },
    "20": {
        "0": 0.14689382392482575,
        "15": 0.0,
        "16": 0.0
    },
    "21": {
        "17": 0.0
    },
    "22": {
        "13": 0.0
    },
    "23": {
        "4": 0.2624228059821774,
        "11": 0.0
    },
    "24": {},
    "25": {
        "6": 0.07605650640102962,
        "7": 0.13374520574201404
    },
    "26": {
        "5": 0.060284602902739695,
        "13": 0.09071810169685811
    },
    "27": {
        "2": 0.3714213674501202,
        "7": 0.20055243420657523
    },
    "28": {
        "8": 0.240979116690017,
        "14": 0.25339009327683
    },
    "29": {
        "4": 0.22335183963268546
    },
    "30": {
        "0": 0.11036087362927964,
        "3": 0.3050574864894727,
        "10": 0.07204462072672145,
        "20": 0.0
    },
    "31": {
        "15": 0.011145072455183907,
        "16": 0.0
    },
    "32": {
        "21": 0.0
    },
    "33": {
        "4": 0.14690690043814636,
        "11": 0.3265563689134903
    },
    "34": {
        "18": 0.0,
        "23": 0.0
    },
    "35": {
        "6": 0.17475943290122967,
        "7": 0.14554035870570495,
        "19": 0.0,
        "22": 0.0
    },
    "36": {
        "13": 0.09838109064349705
    },
    "37": {
        "5": 0.07428595046795422
    },
    "38": {
        "6": 0.14220133208557412,
        "7": 0.09587762956754467
    },
    "39": {
        "8": 0.23788472848093242,
        "14": 0.3195738500864753,
        "15": 0.010456064062364403
    },
    "40": {
        "0": 0.08795595844593077,
        "3": 0.2483137922474555,
        "10": 0.26247095078116345,
        "20": 0.3238022152076645
    },
    "41": {
        "15": 0.03735571156051333
    },
    "42": {
        "21": 0.0
    },
    "43": {
        "10": 0.3199348194165526
    },
    "44": {
        "4": 0.2568183659642537,
        "11": 0.3437005908978206,
        "25": 0.0
    },
    "45": {
        "24": 0.0
    },
    "46": {
        "18": 0.0,
        "23": 0.07664948795273048
    },
    "47": {
        "7": 0.1237260316037731,
        "19": 0.0,
        "22": 0.16201413886977575,
        "26": 0.0
    },
    "48": {
        "26": 0.0
    },
    "49": {
        "14": 0.2679009553501748,
        "15": 0.059239381541992486
    },
    "50": {
        "0": 0.15259462226084675,
        "3": 0.2874613552372178,
        "10": 0.3061271638995049,
        "20": 0.31257120597345767,
        "30": 0.0
    },
    "51": {
        "12": 0.062158309391230286
    },
    "52": {
        "0": 0.23470719206591492,
        "15": 0.046992130237924916
    },
    "53": {
        "31": 0.0
    },
    "54": {
        "10": 0.3690163055885021,
        "27": 0.0
    },
    "55": {
        "24": 0.05360734640787959
    },
    "56": {
        "7": 0.10133773735321698,
        "29": 0.0
    },
    "57": {
        "6": 0.15854317026606618,
        "7": 0.14143168526155095,
        "22": 0.16678480351692787
    },
    "58": {
        "28": 0.0
    },
    "59": {
        "7": 0.13696369570840947,
        "26": 0.11326368674871831
    },
    "60": {
        "8": 0.22051614556905405,
        "14": 0.3109078651290699
    },
    "61": {
        "10": 0.32963939967059974,
        "20": 0.17912275178963027,
        "23": 0.0395328597932509,
        "30": 0.16772281255756813
    },
    "62": {
        "12": 0.06634953692197687
    },
    "63": {
        "15": 0.0576942264742521
    },
    "64": {
        "31": 0.22542065652215865
    },
    "65": {
        "10": 0.33440641189634085
    },
    "66": {
        "11": 0.29433650439454795
    },
    "67": {
        "29": 0.15756170889384719
    },
    "68": {
        "6": 0.16789081533673897,
        "7": 0.09289570685341378,
        "22": 0.17539722539544209
    },
    "69": {
        "32": 0.0
    },
    "70": {
        "33": 0.0
    },
    "71": {
        "6": 0.20192461196908865,
        "7": 0.14158336602437926
    },
    "72": {
        "14": 0.34699952208744,
        "15": 0
    },
    "73": {
        "20": 0.22456613946596807,
        "23": 0.028070621538595127,
        "30": 0.3919035668018039
    },
    "74": {
        "12": 0.09782398643128022
    },
    "75": {
        "31": 0.36000567101616293
    },
    "76": {
        "10": 0.319488630149457,
        "27": 0.0
    },
    "77": {
        "4": 0.2591019103068694
    },
    "78": {
        "24": 0.06410414448714517
    },
    "79": {
        "7": 0.11947760788742341,
        "26": 0.2016598325477778,
        "29": 0.27794438341538474
    },
    "80": {
        "22": 0.1595646307232977,
        "26": 0.1858160879930189
    },
    "81": {
        "28": 0.3555845357326121,
        "32": 0.44117893579655615
    },
    "82": {
        "26": 0.1425983358110919
    },
    "83": {
        "14": 0.30672778447413035,
        "15": 0
    },
    "84": {
        "0": 0.26177065492841345,
        "30": 0.3578770339878361
    },
    "85": {
        "5": 0,
        "12": 0.10338270916894306
    },
    "86": {
        "9": 0.46496204465835367
    },
    "87": {
        "19": 0.013714126363338122,
        "31": 0.3404740299369245
    },
    "88": {
        "28": 0.33037245781632657
    },
    "89": {
        "10": 0.3099170040259808,
        "27": 0.0
    },
    "90": {
        "24": 0.08512963228267424
    },
    "91": {
        "7": 0.12754534816535099,
        "26": 0.216574410415912,
        "29": 0.268685678230241
    },
    "92": {
        "6": 0.18154246516612155,
        "7": 0.0916454680176059,
        "22": 0.1518837842038064,
        "34": 0.0
    },
    "93": {
        "32": 0.47955061186961684
    },
    "94": {
        "26": 0.14255666457608643
    },
    "95": {
        "14": 0.17420974243394802,
        "15": 0
    },
    "96": {
        "16": 0.026129079418077364,
        "23": 0.021583216949363045,
        "30": 0.3508626718509914
    },
    "97": {
        "5": 0,
        "12": 0.12071336970369648
    },
    "98": {
        "9": 0.5750905535630959
    },
    "99": {
        "31": 0.3923614893838218
    }
}