{
    "1": 0.0,
    "2": 0.0,
    "3": 0.0,
    "4": 0.0,
    "5": 0.0,
    "6": 0.0,
    "7": 0.0,
    "8": 0.0,
    "9": 0.0,
    "10": 3.1878673110568623,
    "11": 21.614778070140726,
    "12": 21.614778070140726,
    "13": 21.614778070140726,
    "14": 35.539375461640546,
    "15": 42.40701455792673,
    "16": 76.57545722954616,
    "17": 98.94609015618575,
    "18": 124.700136768614,
    "19": 162.8142682344443,
    "20": 162.8142682344443,
    "21": 177.50365062692666,
    "22": 177.50365062692666,
    "23": 177.50365062692666,
    "24": 203.7459312251444,
    "25": 203.7459312251444,
    "26": 224.72610243944894,
    "27": 239.82637289940882,
    "28": 297.0237530650785,
    "29": 346.4606740617633,
    "30": 368.7958580250317,
    "31": 417.5421561095796,
    "32": 418.656663355098,
    "33": 418.656663355098,
    "34": 466.0029902902615,
    "35": 466.0029902902615,
    "36": 498.0329694509548,
    "37": 507.8710785153045,
    "38": 515.002529760228,
    "39": 538.81042592554,
    "40": 595.6018901885171,
    "41": 687.8561818567384,
    "42": 691.5917530127898,
    "43": 691.5917530127898,
    "44": 723.5852349544452,
    "45": 783.6371306406515,
    "46": 783.6371306406515,
    "47": 791.3020794359246,
    "48": 819.8760964832802,
    "49": 819.8760964832802,
    "50": 852.5901301724969,
    "51": 958.4655649095993,
    "52": 964.681395848722,
    "53": 992.8513280791063,
    "54": 992.8513280791063,
    "55": 1029.7529586379567,
    "56": 1035.1136932787451,
    "57": 1045.2474670140664,
    "58": 1091.923432918521,
    "59": 1091.923432918521,
    "60": 1116.9461711642336,
    "61": 1170.0885722340454,
    "62": 1241.6903546151495,
    "63": 1248.3253083073478,
    "64": 1249.7099697427298,
    "65": 1272.2520353949456,
    "66": 1305.6926765845812,
    "67": 1335.1263270240345,
    "68": 1350.8824979134188,
    "69": 1394.5008726719789,
    "70": 1394.5008726719789,
    "71": 1394.5008726719789,
    "72": 1428.8516704713263,
    "73": 1463.5516226800705,
    "74": 1528.0056554607072,
    "75": 1537.7880541038348,
    "76": 1573.7886212054505,
    "77": 1605.7374842203958,
    "78": 1631.6476752510816,
    "79": 1638.0580896997963,
    "80": 1697.9662720848553,
    "81": 1732.504343956487,
    "82": 1812.1806911094027,
    "83": 1826.4405246905121,
    "84": 1857.1133031379243,
    "85": 1919.0780720295484,
    "86": 1929.4163429464427,
    "87": 1975.9125474122764,
    "88": 2011.3313630423029,
    "89": 2044.3686088239356,
    "90": 2075.360309226535,
    "91": 2083.8732724548026,
    "92": 2145.153816135956,
    "93": 2187.660987874707,
    "94": 2235.616049061669,
    "95": 2249.87171551928,
    "96": 2267.2926897626767,
    "97": 2307.1501865845194,
    "98": 2319.2215235548897,
    "99": 2376.7305789111965,
    "100": 2415.966727849577
}