{
    "time_step_utility_dict": {
        "1": 0.0,
        "2": 0.0,
        "3": 0.0,
        "4": 0.0,
        "5": 0.0,
        "6": 0.0,
        "7": 0.0,
        "8": 0.0,
        "9": 0.0,
        "10": 3.1878673110568623,
        "11": 18.426910759083864,
        "12": 0.0,
        "13": 0.0,
        "14": 13.92459739149982,
        "15": 6.867639096286183,
        "16": 34.16844267161943,
        "17": 22.370632926639587,
        "18": 25.754046612428255,
        "19": 38.11413146583031,
        "20": 0.0,
        "21": 14.689382392482344,
        "22": 0.0,
        "23": 0.0,
        "24": 26.242280598217747,
        "25": 0.0,
        "26": 20.980171214304534,
        "27": 15.100270459959887,
        "28": 57.19738016566967,
        "29": 49.43692099668482,
        "30": 22.335183963268378,
        "31": 48.7462980845479,
        "32": 1.1145072455183822,
        "33": 0.0,
        "34": 47.34632693516352,
        "35": 0.0,
        "36": 32.0299791606933,
        "37": 9.83810906434968,
        "38": 7.131451244923483,
        "39": 23.80789616531206,
        "40": 56.791464262977115,
        "41": 92.2542916682213,
        "42": 3.7355711560513782,
        "43": 0.0,
        "44": 31.993481941655432,
        "45": 60.05189568620631,
        "46": 0.0,
        "47": 7.664948795273062,
        "48": 28.574017047355596,
        "49": 0.0,
        "50": 32.71403368921665,
        "51": 105.87543473710241,
        "52": 6.215830939122725,
        "53": 28.169932230384347,
        "54": 0.0,
        "55": 36.90163055885034,
        "56": 5.360734640788451,
        "57": 10.133773735321256,
        "58": 46.67596590445464,
        "59": 0.0,
        "60": 25.022738245712617,
        "61": 53.14240106981174,
        "62": 71.60178238110416,
        "63": 6.6349536921982235,
        "64": 1.384661435381986,
        "65": 22.542065652215797,
        "66": 33.4406411896357,
        "67": 29.43365043945323,
        "68": 15.756170889384293,
        "69": 43.618374758560094,
        "70": 0.0,
        "71": 0.0,
        "72": 34.35079779934745,
        "73": 34.69995220874421,
        "74": 64.45403278063668,
        "75": 9.782398643127635,
        "76": 36.000567101615616,
        "77": 31.948863014945346,
        "78": 25.910191030685837,
        "79": 6.410414448714619,
        "80": 59.908182385059035,
        "81": 34.5380718716317,
        "82": 79.6763471529157,
        "83": 14.259833581109433,
        "84": 30.672778447412156,
        "85": 61.96476889162409,
        "86": 10.338270916894317,
        "87": 46.49620446583367,
        "88": 35.41881563002653,
        "89": 33.03724578163269,
        "90": 30.991700402599236,
        "91": 8.512963228267836,
        "92": 61.280543681153176,
        "93": 42.50717173875137,
        "94": 47.95506118696176,
        "95": 14.255666457610914,
        "96": 17.420974243396813,
        "97": 39.85749682184269,
        "98": 12.07133697037034,
        "99": 57.50905535630682,
        "100": 39.236148938380666
    },
    "total_utility": 2415.966727849577
}