{
    "1": 0.0,
    "2": 0.0,
    "3": 0.0,
    "4": 0.0,
    "5": 0.0,
    "6": 0.0,
    "7": 0.0,
    "8": 0.0,
    "9": 0.0,
    "10": 0.0,
    "11": 0.0,
    "12": 0.0,
    "13": 0.0,
    "14": 0.0,
    "15": 2.0135113382840957,
    "16": 8.24259824289467,
    "17": 27.77926315407707,
    "18": 41.50032309508184,
    "19": 47.20033245321345,
    "20": 47.20033245321345,
    "21": 47.20033245321345,
    "22": 52.64083903583932,
    "23": 52.64083903583932,
    "24": 83.65457513163258,
    "25": 83.65457513163258,
    "26": 83.65457513163258,
    "27": 86.34290763873301,
    "28": 86.34290763873301,
    "29": 86.34290763873301,
    "30": 86.34290763873301,
    "31": 88.46513000324991,
    "32": 88.46513000324991,
    "33": 108.19892487080794,
    "34": 120.32679245773056,
    "35": 120.32679245773056,
    "36": 120.32679245773056,
    "37": 141.51650996941623,
    "38": 205.67915915887892,
    "39": 239.0734857975087,
    "40": 239.0734857975087,
    "41": 239.0734857975087,
    "42": 239.0734857975087,
    "43": 279.3828517658377,
    "44": 322.4287435607514,
    "45": 322.4287435607514,
    "46": 322.4287435607514,
    "47": 339.1859359225408,
    "48": 339.1859359225408,
    "49": 339.1859359225408,
    "50": 364.84226739143924,
    "51": 376.9176997995245,
    "52": 402.38834853101014,
    "53": 412.1383258809484,
    "54": 412.1383258809484,
    "55": 435.7083839383796,
    "56": 447.95415314393745,
    "57": 477.12013632066225,
    "58": 534.5969805622165,
    "59": 534.5969805622165,
    "60": 534.5969805622165,
    "61": 540.997350703974,
    "62": 540.997350703974,
    "63": 542.8059103275941,
    "64": 542.8059103275941,
    "65": 556.3590064997743,
    "66": 571.4620858511881,
    "67": 586.8046753331248,
    "68": 589.2409700141766,
    "69": 603.2511757339547,
    "70": 662.3395627194278,
    "71": 688.1204760160646,
    "72": 721.2328202128804,
    "73": 772.4466982380378,
    "74": 791.6178223230623,
    "75": 798.5589541425915,
    "76": 800.2798815450365,
    "77": 823.1352296425997,
    "78": 825.6711346955029,
    "79": 825.6711346955029,
    "80": 829.6833712933951,
    "81": 829.6833712933951,
    "82": 875.7126629513912,
    "83": 885.2007412026209,
    "84": 885.2007412026209,
    "85": 885.2007412026209,
    "86": 904.13616268156,
    "87": 933.2424453733441,
    "88": 959.4180429616599,
    "89": 981.3424539702186,
    "90": 981.3424539702186,
    "91": 981.3424539702186,
    "92": 1000.5686344891647,
    "93": 1028.8215745701523,
    "94": 1078.174605058743,
    "95": 1078.174605058743,
    "96": 1078.174605058743,
    "97": 1078.174605058743,
    "98": 1080.4542204177958,
    "99": 1093.9630249410523,
    "100": 1093.9630249410523
}