{
    "0": {
        "0": 0.0,
        "1": 0.0,
        "3": 0.0,
        "4": 0.0,
        "6": 0.0,
        "7": 0.0
    },
    "1": {
        "8": 0.0
    },
    "2": {
        "5": 0.0
    },
    "3": {
        "2": 0.0,
        "9": 0.0
    },
    "4": {},
    "5": {
        "2": 0.0,
        "9": 0.0
    },
    "6": {
        "11": 0.0
    },
    "7": {
        "12": 0.0
    },
    "8": {
        "10": 0.0,
        "15": 0.0,
        "16": 0.0
    },
    "9": {
        "5": 0.0,
        "11": 0.0,
        "12": 0.0,
        "13": 0.0,
        "14": 0.0,
        "17": 0.0,
        "18": 0.0,
        "19": 0.0,
        "20": 0.0,
        "21": 0.0
    },
    "10": {
        "23": 0.0
    },
    "11": {
        "32": 0.0
    },
    "12": {
        "26": 0.0
    },
    "13": {
        "22": 0.0,
        "27": 0.0
    },
    "14": {
        "4": 0.02013511338284096,
        "14": 0.0,
        "30": 0.0
    },
    "15": {
        "1": 0.0,
        "3": 0.0,
        "4": 0.020800600594293384,
        "6": 0.04149026845181236,
        "7": 0.0,
        "22": 0.0,
        "24": 0.0,
        "25": 0.0,
        "28": 0.0,
        "29": 0.0,
        "30": 0.0,
        "31": 0.0
    },
    "16": {
        "5": 0.19536664911182394
    },
    "17": {
        "9": 0.13721059941004782,
        "34": 0.0,
        "39": 0.0
    },
    "18": {
        "6": 0.05700009358131607,
        "38": 0.0
    },
    "19": {
        "20": 0.0
    },
    "20": {
        "24": 0.0,
        "33": 0.0,
        "35": 0.0,
        "36": 0.0,
        "37": 0.0,
        "38": 0.0,
        "39": 0.0
    },
    "21": {
        "12": 0.0544050658262589,
        "35": 0.0
    },
    "22": {
        "16": 0.0,
        "23": 0.0,
        "31": 0.0,
        "40": 0.0
    },
    "23": {
        "5": 0.23839776293765133,
        "8": 0.0,
        "12": 0.07173959802028156,
        "18": 0.0,
        "27": 0.0,
        "41": 0.0
    },
    "24": {
        "45": 0.0
    },
    "25": {
        "26": 0.0,
        "44": 0.0
    },
    "26": {
        "1": 0.0,
        "4": 0.026883325071004015,
        "10": 0.0,
        "16": 0.0,
        "29": 0.0,
        "30": 0.0,
        "31": 0.0,
        "42": 0.0,
        "43": 0.0,
        "46": 0.0,
        "47": 0.0
    },
    "27": {
        "47": 0.0
    },
    "28": {
        "49": 0.0
    },
    "29": {
        "34": 0.0,
        "39": 0.0,
        "50": 0.0
    },
    "30": {
        "6": 0.02122222364516909,
        "7": 0.0
    },
    "31": {
        "43": 0.0
    },
    "32": {
        "34": 0.0,
        "35": 0.19733794867558088,
        "38": 0.0,
        "48": 0.0,
        "49": 0.0,
        "50": 0.0,
        "51": 0.0
    },
    "33": {
        "8": 0.12127867586922639,
        "52": 0.0
    },
    "34": {
        "36": 0.0,
        "48": 0.0
    },
    "35": {
        "28": 0.0,
        "51": 0.0
    },
    "36": {
        "35": 0.2118971751168572,
        "37": 0.0,
        "46": 0.0
    },
    "37": {
        "2": 0.0,
        "8": 0.13007319412393048,
        "9": 0.1640791932020454,
        "18": 0.0,
        "23": 0.0,
        "27": 0.0,
        "31": 0.0,
        "41": 0.0,
        "45": 0.3474741045686471
    },
    "38": {
        "45": 0.3339432663862984
    },
    "39": {
        "17": 0.0
    },
    "40": {
        "44": 0.0
    },
    "41": {
        "19": 0.0
    },
    "42": {
        "1": 0.0,
        "3": 0.0,
        "13": 0.1245252401647945,
        "42": 0.27856841951849526
    },
    "43": {
        "13": 0.1293894684606952,
        "19": 0.0,
        "32": 0.0,
        "42": 0.3010694494884392,
        "44": 0.0,
        "46": 0.0,
        "47": 0.0
    },
    "44": {
        "10": 0.0,
        "29": 0.0
    },
    "45": {
        "25": 0.0,
        "47": 0.0
    },
    "46": {
        "0": 0.16757192361789336
    },
    "47": {
        "7": 0.0
    },
    "48": {
        "14": 0.0,
        "43": 0.0
    },
    "49": {
        "0": 0.18656760465772096,
        "1": 0.0,
        "4": 0.019013069179502583,
        "6": 0.050982640851764266,
        "22": 0.0,
        "24": 0.0,
        "26": 0.0,
        "34": 0.0,
        "49": 0.0,
        "51": 0.0,
        "52": 0.0
    },
    "50": {
        "8": 0.12075432408085314,
        "52": 0.0
    },
    "51": {
        "5": 0.2547064873148562,
        "48": 0.0
    },
    "52": {
        "2": 0.0974997734993829,
        "28": 0.0,
        "51": 0.0
    },
    "53": {
        "37": 0.0,
        "46": 0.0
    },
    "54": {
        "2": 0.07654733567067507,
        "20": 0.1591532449036419,
        "37": 0.0,
        "53": 0.0
    },
    "55": {
        "11": 0.12245769205557795
    },
    "56": {
        "10": 0.0,
        "15": 0.0,
        "42": 0.2916598317672477
    },
    "57": {
        "5": 0.13605578225575782,
        "11": 0.11639987613464595,
        "12": 0.06548875478989728,
        "13": 0.0925870464623455,
        "14": 0.0,
        "15": 0.0,
        "17": 0.0,
        "19": 0.0,
        "20": 0.1642369827729002,
        "21": 0.0,
        "44": 0.0
    },
    "58": {
        "23": 0.0
    },
    "59": {
        "25": 0.0,
        "32": 0.0
    },
    "60": {
        "26": 0.06400370141757394
    },
    "61": {
        "22": 0.0,
        "27": 0.0
    },
    "62": {
        "4": 0.01808559623620147
    },
    "63": {
        "14": 0.0,
        "30": 0.0
    },
    "64": {
        "1": 0.0,
        "3": 0.0,
        "4": 0.01634026013040374,
        "6": 0.0434764267417047,
        "7": 0.0,
        "22": 0.0,
        "24": 0.0,
        "25": 0.0,
        "26": 0.07571427484969355,
        "28": 0.0,
        "29": 0.0,
        "31": 0.0
    },
    "65": {
        "5": 0.15103079351413679
    },
    "66": {
        "9": 0.15342589481936117,
        "34": 0,
        "39": 0.0
    },
    "67": {
        "6": 0.024362946810518194,
        "38": 0.0
    },
    "68": {
        "20": 0.1401020571977819
    },
    "69": {
        "24": 0.0,
        "35": 0.20598814229878726,
        "36": 0.0,
        "37": 0.0,
        "38": 0.0,
        "39": 0.0,
        "40": 0.38489572755594464
    },
    "70": {
        "12": 0.08266396103429414,
        "35": 0.1751451719320718
    },
    "71": {
        "16": 0.0,
        "23": 0.0,
        "31": 0.0,
        "40": 0.33112344196815685
    },
    "72": {
        "5": 0.2335672018732403,
        "8": 0.11305450814149454,
        "12": 0.07489920028041178,
        "14": 0.0,
        "18": 0.0,
        "20": 0.09061786995644078,
        "41": 0.0
    },
    "73": {
        "45": 0.19171124085024677
    },
    "74": {
        "26": 0.0694113181952931,
        "44": 0.0
    },
    "75": {
        "1": 0.0,
        "4": 0.01720927402444941,
        "30": 0.0
    },
    "76": {
        "3": 0.0,
        "10": 0.0,
        "16": 0.0,
        "25": 0.0,
        "28": 0.0,
        "29": 0.0,
        "30": 0.0,
        "31": 0.0,
        "42": 0.22855348097563374,
        "43": 0.0,
        "47": 0.0
    },
    "77": {
        "49": 0.025359050529033172
    },
    "78": {
        "34": 0,
        "39": 0.0
    },
    "79": {
        "6": 0.040122365978923547,
        "7": 0.0,
        "38": 0.0
    },
    "80": {
        "43": 0.0
    },
    "81": {
        "24": 0.0,
        "35": 0.21217437086930754,
        "38": 0.0,
        "39": 0.0,
        "48": 0.0,
        "50": 0.2481185457106542,
        "51": 0.0
    },
    "82": {
        "8": 0.09488078251229083,
        "52": 0.0
    },
    "83": {
        "36": 0.0
    },
    "84": {
        "28": 0.0,
        "51": 0.0
    },
    "85": {
        "35": 0.18935421478939318,
        "37": 0.0,
        "46": 0.0
    },
    "86": {
        "18": 0.0,
        "31": 0.0,
        "41": 0.0,
        "45": 0.2901245556308297,
        "53": 0.0009382712870120502
    },
    "87": {
        "2": 0.056705197837902156,
        "8": 0.06138751325622757,
        "9": 0.1436632647890292,
        "27": 0.0,
        "41": 0.0
    },
    "88": {
        "45": 0.2192441100855903
    },