{
    "time_step_utility_dict": {
        "1": 0.0,
        "2": 0.0,
        "3": 0.0,
        "4": 0.0,
        "5": 0.0,
        "6": 0.0,
        "7": 0.0,
        "8": 0.0,
        "9": 0.0,
        "10": 0.0,
        "11": 0.0,
        "12": 0.0,
        "13": 0.0,
        "14": 0.0,
        "15": 2.0135113382840957,
        "16": 6.2290869046105755,
        "17": 19.5366649111824,
        "18": 13.721059941004764,
        "19": 5.700009358131609,
        "20": 0.0,
        "21": 0.0,
        "22": 5.440506582625872,
        "23": 0.0,
        "24": 31.01373609579327,
        "25": 0.0,
        "26": 0.0,
        "27": 2.6883325071004265,
        "28": 0.0,
        "29": 0.0,
        "30": 0.0,
        "31": 2.122222364516901,
        "32": 0.0,
        "33": 19.733794867558032,
        "34": 12.12786758692262,
        "35": 0.0,
        "36": 0.0,
        "37": 21.18971751168567,
        "38": 64.16264918946268,
        "39": 33.39432663862979,
        "40": 0.0,
        "41": 0.0,
        "42": 0.0,
        "43": 40.30936596832899,
        "44": 43.0458917949137,
        "45": 0.0,
        "46": 0.0,
        "47": 16.757192361789407,
        "48": 0.0,
        "49": 0.0,
        "50": 25.65633146889843,
        "51": 12.075432408085248,
        "52": 25.470648731485653,
        "53": 9.749977349938263,
        "54": 0.0,
        "55": 23.570058057431197,
        "56": 12.245769205557849,
        "57": 29.165983176724808,
        "58": 57.476844241554204,
        "59": 0.0,
        "60": 0.0,
        "61": 6.4003701417575485,
        "62": 0.0,
        "63": 1.8085596236201127,
        "64": 0.0,
        "65": 13.553096172180176,
        "66": 15.10307935141384,
        "67": 15.34258948193667,
        "68": 2.436294681051777,
        "69": 14.010205719778128,
        "70": 59.08838698547311,
        "71": 25.780913296636754,
        "72": 33.1123441968158,
        "73": 51.21387802515744,
        "74": 19.17112408502453,
        "75": 6.941131819529119,
        "76": 1.7209274024449996,
        "77": 22.85534809756325,
        "78": 2.5359050529032174,
        "79": 0.0,
        "80": 4.0122365978921835,
        "81": 0.0,
        "82": 46.029291657996055,
        "83": 9.488078251229695,
        "84": 0.0,
        "85": 0.0,
        "86": 18.935421478939134,
        "87": 29.106282691784145,
        "88": 26.17559758831578,
        "89": 21.92441100855865,
        "90": 0.0,
        "91": 0.0,
        "92": 19.22618051894608,
        "93": 28.252940080987628,
        "94": 49.353030488590775,
        "95": 0.0,
        "96": 0.0,
        "97": 0.0,
        "98": 2.279615359052741,
        "99": 13.508804523256458,
        "100": 0.0
    },
    "total_utility": 1093.9630249410523
}