{
    "1": 0.0,
    "2": 0.0,
    "3": 0.0,
    "4": 0.0,
    "5": 0.0,
    "6": 0.0,
    "7": 0.0,
    "8": 0.0,
    "9": 0.0,
    "10": 22.872830812492474,
    "11": 22.872830812492474,
    "12": 22.872830812492474,
    "13": 22.872830812492474,
    "14": 22.872830812492474,
    "15": 23.58495167381216,
    "16": 32.241591228173654,
    "17": 52.67830526983733,
    "18": 52.67830526983733,
    "19": 52.67830526983733,
    "20": 52.67830526983733,
    "21": 60.83302165230495,
    "22": 63.01701547068791,
    "23": 67.02243160609972,
    "24": 106.0452214927651,
    "25": 106.0452214927651,
    "26": 106.0452214927651,
    "27": 124.15997567312986,
    "28": 124.15997567312986,
    "29": 124.15997567312986,
    "30": 144.6050838963283,
    "31": 144.6050838963283,
    "32": 144.6050838963283,
    "33": 168.7926789918188,
    "34": 183.70152860525397,
    "35": 183.70152860525397,
    "36": 183.70152860525397,
    "37": 217.08066217359647,
    "38": 253.61880650089108,
    "39": 275.8969998730495,
    "40": 275.8969998730495,
    "41": 280.85623579573536,
    "42": 290.72295453564567,
    "43": 298.3611581247229,
    "44": 334.8474535511459,
    "45": 334.8474535511459,
    "46": 334.8474535511459,
    "47": 334.8474535511459,
    "48": 334.8474535511459,
    "49": 334.8474535511459,
    "50": 349.7193760576246,
    "51": 361.4662156938306,
    "52": 385.7900684354943,
    "53": 385.7900684354943,
    "54": 401.90744291689043,
    "55": 412.9238904781492,
    "56": 412.9238904781492,
    "57": 412.9238904781492,
    "58": 466.65171107463203,
    "59": 466.65171107463203,
    "60": 469.79059136576365,
    "61": 479.6167263403915,
    "62": 479.6167263403915,
    "63": 480.6449053929029,
    "64": 480.6449053929029,
    "65": 507.42924147076235,
    "66": 522.0754838668024,
    "67": 527.3921051746881,
    "68": 527.3921051746881,
    "69": 542.2863946220562,
    "70": 612.6367659068396,
    "71": 641.1408333124037,
    "72": 677.365207873209,
    "73": 726.5644083404055,
    "74": 743.3367987531495,
    "75": 763.9564527982549,
    "76": 772.298134951911,
    "77": 780.7522647693552,
    "78": 780.7522647693552,
    "79": 785.5882995545267,
    "80": 793.3613684913687,
    "81": 793.3613684913687,
    "82": 846.7835443790366,
    "83": 858.6529786985245,
    "84": 858.6529786985245,
    "85": 858.6529786985245,
    "86": 891.1112363390157,
    "87": 914.5693183475227,
    "88": 922.2690822401249,
    "89": 943.8125015879344,
    "90": 943.8125015879344,
    "91": 948.1691617539117,
    "92": 962.3337706115113,
    "93": 1010.5331353245149,
    "94": 1068.618097263726,
    "95": 1068.618097263726,
    "96": 1068.618097263726,
    "97": 1096.4505538014575,
    "98": 1098.3369714409464,
    "99": 1098.3369714409464,
    "100": 1108.5678838773579
}