{
    "0": {
        "1": 0.0,
        "4": 0.0,
        "6": 0.0,
        "7": 0.0,
        "8": 0.0,
        "9": 0.0
    },
    "1": {
        "0": 0.0
    },
    "2": {
        "2": 0.0
    },
    "3": {
        "3": 0.0,
        "5": 0.0
    },
    "4": {},
    "5": {
        "3": 0.0,
        "5": 0.0
    },
    "6": {
        "15": 0.0
    },
    "7": {
        "12": 0.0
    },
    "8": {
        "11": 0.0,
        "14": 0.0,
        "17": 0.0
    },
    "9": {
        "2": 0.22872830812492492,
        "10": 0.0,
        "12": 0.0,
        "13": 0.0,
        "15": 0.0,
        "16": 0.0,
        "18": 0.0
    },
    "10": {
        "20": 0.0
    },
    "11": {
        "25": 0.0
    },
    "12": {
        "21": 0.0
    },
    "13": {
        "19": 0.0,
        "22": 0.0
    },
    "14": {
        "1": 0.007121208613196851,
        "23": 0.0,
        "26": 0.0
    },
    "15": {
        "1": 0.009125506439323462,
        "6": 0.0,
        "7": 0.07744088910429149,
        "8": 0.0,
        "9": 0.0,
        "22": 0.0,
        "23": 0.0,
        "24": 0.0
    },
    "16": {
        "2": 0.20436714041663645
    },
    "17": {
        "3": 0.0,
        "27": 0.0,
        "28": 0.0
    },
    "18": {
        "9": 0.0,
        "29": 0.0
    },
    "19": {
        "30": 0.0
    },
    "20": {
        "24": 0.0,
        "27": 0.08154716382467644,
        "29": 0.0,
        "31": 0.0,
        "32": 0.0,
        "33": 0.0
    },
    "21": {
        "12": 0.021839938183829503,
        "32": 0.0
    },
    "22": {
        "11": 0.04005416135411812,
        "20": 0.0,
        "34": 0.0,
        "35": 0.0
    },
    "23": {
        "0": 0.1382309484842531,
        "2": 0.22986725361702326,
        "12": 0.022129696765377068,
        "19": 0.0,
        "36": 0.0,
        "37": 0.0
    },
    "24": {
        "41": 0.0
    },
    "25": {
        "21": 0.0,
        "39": 0.0
    },
    "26": {
        "1": 0.014161240029714394,
        "7": 0.08732688788243388,
        "11": 0.0796594138914997,
        "17": 0.0,
        "23": 0.0,
        "35": 0.0,
        "38": 0.0,
        "40": 0.0,
        "42": 0.0,
        "43": 0.0
    },
    "27": {
        "38": 0.0
    },
    "28": {
        "45": 0.0
    },
    "29": {
        "27": 0.1084228639326375,
        "28": 0.09602821829934523,
        "44": 0.0
    },
    "30": {
        "8": 0.0,
        "9": 0.0
    },
    "31": {
        "40": 0.0
    },
    "32": {
        "28": 0.060770297847412974,
        "29": 0.0,
        "32": 0.18110565310749022,
        "44": 0.0,
        "45": 0.0,
        "46": 0.0,
        "47": 0.0
    },
    "33": {
        "0": 0.14908849613435438,
        "48": 0.0
    },
    "34": {
        "31": 0.0,
        "47": 0.0
    },
    "35": {
        "46": 0.0,
        "49": 0.0
    },
    "36": {
        "32": 0.20533920656262533,
        "33": 0.0,
        "43": 0.12845212912079906
    },
    "37": {
        "0": 0.1592546295096475,
        "3": 0.0,
        "5": 0.0,
        "19": 0.0,
        "20": 0.0,
        "35": 0.0,
        "36": 0.0,
        "37": 0.0,
        "41": 0.20612681376329575
    },
    "38": {
        "41": 0.2227819337215866
    },
    "39": {
        "10": 0.0
    },
    "40": {
        "39": 0.049592359226858625
    },
    "41": {
        "16": 0.0986671873991028
    },
    "42": {
        "6": 0.0,
        "7": 0.07638203589077273,
        "18": 0.0,
        "42": 0.0
    },
    "43": {
        "16": 0.17000274455016387,
        "18": 0.0,
        "25": 0.0,
        "38": 0.0,
        "39": 0.05434241832078423,
        "42": 0.0,
        "43": 0.14051779139329015
    },
    "44": {
        "17": 0.0,
        "50": 0.0
    },
    "45": {
        "38": 0.0,
        "51": 0.0
    },
    "46": {
        "4": 0.0
    },
    "47": {
        "8": 0.0
    },
    "48": {
        "26": 0.0,
        "40": 0.0
    },
    "49": {
        "1": 0.006376871407199248,
        "4": 0.0,
        "7": 0.06640159608984814,
        "9": 0.0,
        "21": 0.0,
        "22": 0.0,
        "24": 0.0,
        "28": 0.07910495579973215,
        "45": 0.0,
        "46": 0.0,
        "48": 0.0
    },
    "50": {
        "0": 0.11746839636206026,
        "48": 0.0
    },
    "51": {
        "2": 0.24323852741663807,
        "47": 0.0
    },
    "52": {
        "5": 0.0,
        "46": 0.0,
        "49": 0.0
    },
    "53": {
        "33": 0.00344594753914063,
        "43": 0.1577277972748212
    },
    "54": {
        "5": 0.0,
        "30": 0.10883527877644063,
        "33": 0.0013291968361482031,
        "52": 0.0
    },
    "55": {
        "15": 0.0
    },
    "56": {
        "14": 0.0,
        "17": 0.0,
        "42": 0.0
    },
    "57": {
        "2": 0.14845180484850506,
        "10": 0.0,
        "12": 0.027383486136897953,
        "13": 0.0,
        "14": 0.0,
        "15": 0.0,
        "16": 0.14299235541066094,
        "18": 0.0,
        "26": 0.0,
        "30": 0.17228092154678168,
        "39": 0.04616963802198221
    },
    "58": {
        "20": 0.0
    },
    "59": {
        "25": 0.0,
        "51": 0.03138880291131725
    },
    "60": {
        "21": 0.09826134974627793
    },
    "61": {
        "19": 0.0,
        "22": 0.0
    },
    "62": {
        "1": 0.010281790525114803
    },
    "63": {
        "23": 0.0,
        "26": 0.0
    },
    "64": {
        "1": 0.017550996397231955,
        "6": 0.0,
        "7": 0.07603481652852742,
        "8": 0.0,
        "9": 0.0,
        "21": 0.1476293941233952,
        "22": 0.0,
        "24": 0.0,
        "35": 0.0,
        "49": 0.0,
        "50": 0.0,
        "51": 0.026628153729440256
    },
    "65": {
        "2": 0.14646242396039527
    },
    "66": {
        "3": 0.0,
        "27": 0.05316621307885931,
        "28": 0
    },
    "67": {
        "9": 0.0,
        "29": 0.0
    },
    "68": {
        "30": 0.14894289447368533
    },
    "69": {
        "24": 0.0,
        "27": 0.05498777526235545,
        "29": 0.0,
        "31": 0.0,
        "32": 0.2438843422790656,
        "33": 0.003870172068210329,
        "34": 0.4007614232381785
    },
    "70": {
        "12": 0.015646546591306626,
        "32": 0.2693941274643316
    },
    "71": {
        "11": 0.04201209390097758,
        "20": 0.0,
        "34": 0.32023165170707846,
        "35": 0.0
    },
    "72": {
        "0": 0.09584252896799139,
        "2": 0.20800302282094,
        "12": 0.01581770294357134,
        "26": 0.0,
        "30": 0.17232874993945388,
        "36": 0.0,
        "37": 0.0
    },
    "73": {
        "41": 0.1677239041274351
    },
    "74": {
        "21": 0.13189932763751294,
        "39": 0.07429721281353813
    },
    "75": {
        "1": 0.01230591156850622,
        "7": 0.07111090996805186,
        "23": 0.0
    },
    "76": {
        "6": 0.0,
        "11": 0.04615990424735613,
        "17": 0.0,
        "23": 0.0,
        "35": 0.0,
        "38": 0.0,
        "40": 0.0,
        "42": 0.0,
        "49": 0.0,
        "50": 0.0,
        "51": 0.03838139392708719
    },
    "77": {
        "45": 0.0
    },
    "78": {
        "27": 0.04836034785171234,
        "28": 0
    },
    "79": {
        "8": 0.07773068936841625,
        "9": 0.0,
        "29": 0.0
    },
    "80": {
        "40": 0.0
    },
    "81": {
        "24": 0.0,
        "27": 0.07422458990062612,
        "29": 0.0,
        "32": 0.27401836883871444,
        "44": 0.18597880013733373,
        "46": 0.0,
        "47": 0.0
    },
    "82": {
        "0": 0.11869434319487926,
        "48": 0.0
    },
    "83": {
        "31": 0.0
    },
    "84": {
        "46": 0.0,
        "49": 0.0
    },
    "85": {
        "32": 0.26893188747024693,
        "33": 0.004454822871028497,
        "43": 0.05119586606363836
    },
    "86": {
        "35": 0.0,
        "36": 0.0,
        "37": 0.0,
        "41": 0.2284371544614644,
        "52": 0.006143665623602665
    },
    "87": {
        "0": 0.07699763892602557,
        "3": 0.0,
        "5": 0.0,
        "19": 0.0,
        "36": 0.0
    },