{
    "time_step_utility_dict": {
        "1": 0.0,
        "2": 0.0,
        "3": 0.0,
        "4": 0.0,
        "5": 0.0,
        "6": 0.0,
        "7": 0.0,
        "8": 0.0,
        "9": 0.0,
        "10": 22.872830812492474,
        "11": 0.0,
        "12": 0.0,
        "13": 0.0,
        "14": 0.0,
        "15": 0.7121208613196863,
        "16": 8.656639554361494,
        "17": 20.436714041663677,
        "18": 0.0,
        "19": 0.0,
        "20": 0.0,
        "21": 8.154716382467619,
        "22": 2.183993818382959,
        "23": 4.0054161354118065,
        "24": 39.02278988666538,
        "25": 0.0,
        "26": 0.0,
        "27": 18.11475418036477,
        "28": 0.0,
        "29": 0.0,
        "30": 20.44510822319843,
        "31": 0.0,
        "32": 0.0,
        "33": 24.187595095490508,
        "34": 14.908849613435166,
        "35": 0.0,
        "36": 0.0,
        "37": 33.379133568342496,
        "38": 36.53814432729462,
        "39": 22.2781933721584,
        "40": 0.0,
        "41": 4.9592359226858775,
        "42": 9.866718739910311,
        "43": 7.63820358907725,
        "44": 36.486295426423,
        "45": 0.0,
        "46": 0.0,
        "47": 0.0,
        "48": 0.0,
        "49": 0.0,
        "50": 14.871922506478654,
        "51": 11.746839636206005,
        "52": 24.3238527416637,
        "53": 0.0,
        "54": 16.117374481396155,
        "55": 11.016447561258758,
        "56": 0.0,
        "57": 0.0,
        "58": 53.72782059648284,
        "59": 0.0,
        "60": 3.1388802911316134,
        "61": 9.826134974627848,
        "62": 0.0,
        "63": 1.0281790525114047,
        "64": 0.0,
        "65": 26.78433607785945,
        "66": 14.646242396040066,
        "67": 5.316621307885725,
        "68": 0.0,
        "69": 14.89428944736801,
        "70": 70.35037128478348,
        "71": 28.504067405564115,
        "72": 36.224374560805245,
        "73": 49.19920046719653,
        "74": 16.772390412744016,
        "75": 20.619654045105335,
        "76": 8.341682153656166,
        "77": 8.45412981744414,
        "78": 0.0,
        "79": 4.836034785171478,
        "80": 7.773068936842037,
        "81": 0.0,
        "82": 53.42217588766789,
        "83": 11.869434319487937,
        "84": 0.0,
        "85": 0.0,
        "86": 32.45825764049118,
        "87": 23.45808200850695,
        "88": 7.699763892602277,
        "89": 21.543419347809504,
        "90": 0.0,
        "91": 4.356660165977246,
        "92": 14.16460885759966,
        "93": 48.19936471300355,
        "94": 58.0849619392111,
        "95": 0.0,
        "96": 0.0,
        "97": 27.83245653773156,
        "98": 1.8864176394888545,
        "99": 0.0,
        "100": 10.230912436411472
    },
    "total_utility": 1108.5678838773579
}